[Licensing::Module] Trying to connect to existing licensing client channel...
Built from '6000.3/staging' branch; Version is '6000.3.25f1 (e1dba0a9aba4) revision 14801824'; Using compiler version '194234433'; Build Type 'Release'
OS: 'Windows 11  (10.0.26200) Core' Language: 'en' Physical Memory: 32395 MB
[Licensing::IpcConnector] Successfully connected to: "LicenseClient-bowen" at "2026-10-09T00:00:29.0525001Z"
BatchMode: 1, IsHumanControllingUs: 0, StartBugReporterOnCrash: 0, Is64bit: 1
System  architecture: x64
Process architecture: x64
Date: 2026-10-09T00:00:29Z
[Licensing::Client] Code 10 while verifying Licensing Client signature (process Id: 17140, path: "C:/Program Files/Unity Hub/UnityLicensingClient_V1/Unity.Licensing.Client.exe")
[Licensing::Module] LicensingClient has failed validation; ignoring
[Licensing::Client] Handshaking with LicensingClient:
  Version:                 1.18.3+d7ffd15
  Session Id:              77e2939f4b2d47bab9f87819266bfe4b
  Correlation Id:          910f2feb85166636423a1df2025bd538
  External correlation Id: 7982902063189289153
  Machine Id:              VgyFkk/2N6GTWhy3WcmQ6e0jfgs=
[Licensing::Module] Successfully connected to LicensingClient on channel: "LicenseClient-bowen" (connect: 0.00s, validation: 0.00s, handshake: 0.07s)
[Licensing::IpcConnector] Successfully connected to: "LicenseClient-bowen-notifications" at "2026-10-09T00:00:29.1237426Z"
[Licensing::Module] Licensing Background thread has ended after 0.07s

COMMAND LINE ARGUMENTS:
C:\Program Files\Unity\Hub\Editor\6000.3.25f1\Editor\Unity.exe
-adb2
-batchMode
-noUpm
-name
AssetImportWorker0
-projectPath
C:/Users/bowen/Documents/GitHub/Game Engine Midterm/GE_Midterm_Practical
-logFile
Logs/AssetImportWorker0.log
-srvPort
58344
-parentPid
14328
-analyticsCloudUserId
3574218014200
-analyticsLocalProjectId
146b15d2e6c716d478a5219d058b0abf
-editorAnalyticsEnabled
1
-cbmEditorLicense
55872bfbf28a5426668f29d01860f78d3d858c8f
-cbmMachineId
VgyFkk/2N6GTWhy3WcmQ6e0jfgs=
-licensingIpc
LicenseClient-bowen
-job-worker-count
9
-background-job-worker-count
8
-gc-helper-count
1
-name
AssetImport
Successfully changed project path to: C:/Users/bowen/Documents/GitHub/Game Engine Midterm/GE_Midterm_Practical
C:/Users/bowen/Documents/GitHub/Game Engine Midterm/GE_Midterm_Practical
[UnityMemory] Configuration Parameters - Can be set up in boot.config
    "memorysetup-temp-allocator-size-nav-mesh-worker=65536"
    "memorysetup-temp-allocator-size-audio-worker=65536"
    "memorysetup-temp-allocator-size-gfx=262144"
    "memorysetup-allocator-temp-initial-block-size-main=262144"
    "memorysetup-allocator-temp-initial-block-size-worker=262144"
    "memorysetup-temp-allocator-size-background-worker=32768"
    "memorysetup-temp-allocator-size-job-worker=262144"
    "memorysetup-temp-allocator-size-preload-manager=33554432"
    "memorysetup-remapper-allocator-initial-capacity=32768"
    "memorysetup-temp-allocator-size-gi-baking-worker=262144"
    "memorysetup-temp-allocator-size-gi-baking-worker=262144"
    "memorysetup-temp-allocator-size-gi-baking-worker=262144"
    "memorysetup-temp-allocator-size-gi-baking-worker=262144"
    "memorysetup-temp-allocator-size-gi-baking-worker=262144"
    "memorysetup-bucket-allocator-granularity=16"
    "memorysetup-bucket-allocator-bucket-count=8"
    "memorysetup-bucket-allocator-block-size=33554432"
    "memorysetup-bucket-allocator-block-count=8"
    "memorysetup-main-allocator-block-size=16777216"
    "memorysetup-thread-allocator-block-size=16777216"
    "memorysetup-gfx-main-allocator-block-size=16777216"
    "memorysetup-gfx-thread-allocator-block-size=16777216"
    "memorysetup-cache-allocator-block-size=4194304"
    "memorysetup-typetree-allocator-block-size=2097152"
    "memorysetup-profiler-bucket-allocator-granularity=16"
    "memorysetup-profiler-bucket-allocator-bucket-count=8"
    "memorysetup-profiler-bucket-allocator-block-size=33554432"
    "memorysetup-profiler-bucket-allocator-block-count=8"
    "memorysetup-profiler-allocator-block-size=16777216"
    "memorysetup-profiler-editor-allocator-block-size=1048576"
    "memorysetup-temp-allocator-size-main=16777216"
    "memorysetup-job-temp-allocator-block-size=2097152"
    "memorysetup-job-temp-allocator-block-size-background=1048576"
    "memorysetup-job-temp-allocator-reduction-small-platforms=262144"
    "memorysetup-temp-allocator-size-cloud-worker=32768"
Player connection [5460]  Target information:

Player connection [5460]  * "[IP] 10.190.48.140 [Port] 0 [Flags] 2 [Guid] 2697454363 [EditorId] 2697454363 [Version] 1048832 [Id] WindowsEditor(7,LAPTOP-S16E9DIN) [Debug] 1 [PackageName] WindowsEditor [ProjectName] Editor" 

Player connection [5460] Host joined multi-casting on [225.0.0.222:54997]...
Player connection [5460] Host joined alternative multi-casting on [225.0.0.222:34997]...
JobSystem: Creating JobQueue using job-worker-count value 9
Input System module state changed to: Initialized.
[Physics::Module] Initialized fallback backend.
[Physics::Module] Id: 0xdecafbad
Library Redirect Path: Library/
[Physics::Module] Selected backend.
[Physics::Module] Name: PhysX
[Physics::Module] Id: 0xf2b8ea05
[Physics::Module] SDK Version: 4.1.2
[Physics::Module] Integration Version: 1.0.0
[Physics::Module] Threading Mode: Multi-Threaded
Refreshing native plugins compatible for Editor in 4.31 ms, found 5 plugins.
Preloading 0 native plugins for Editor in 0.00 ms.
Initialize engine version: 6000.3.25f1 (e1dba0a9aba4)
[Subsystems] Discovering subsystems at path C:/Program Files/Unity/Hub/Editor/6000.3.25f1/Editor/Data/Resources/UnitySubsystems
[Subsystems] Discovering subsystems at path C:/Users/bowen/Documents/GitHub/Game Engine Midterm/GE_Midterm_Practical/Assets
GfxDevice: creating device client; kGfxThreadingModeNonThreaded
d3d12: failed to query info queue interface (0x80004002).
Direct3D:
    Version:         Direct3D 12 [level 12.2]
    Renderer:        NVIDIA GeForce RTX 4060 Laptop GPU (ID=0x28e0)
    Vendor:          NVIDIA
    VRAM:            7956 MB
    App VRAM Budget: 7188 MB
    Driver:          32.0.15.9144
Initialize mono
Mono path[0] = 'C:/Program Files/Unity/Hub/Editor/6000.3.25f1/Editor/Data/Managed'
Mono path[1] = 'C:/Program Files/Unity/Hub/Editor/6000.3.25f1/Editor/Data/MonoBleedingEdge/lib/mono/unityjit-win32'
Mono config path = 'C:/Program Files/Unity/Hub/Editor/6000.3.25f1/Editor/Data/MonoBleedingEdge/etc'
Using monoOptions --debugger-agent=transport=dt_socket,embedding=1,server=y,suspend=n,address=127.0.0.1:56244
Begin MonoManager ReloadAssembly
Registering precompiled unity dll's ...
Register platform support module: C:/Program Files/Unity/Hub/Editor/6000.3.25f1/Editor/Data/PlaybackEngines/WebGLSupport/UnityEditor.WebGL.Extensions.dll
Register platform support module: C:/Program Files/Unity/Hub/Editor/6000.3.25f1/Editor/Data/PlaybackEngines/WindowsStandaloneSupport/UnityEditor.WindowsStandalone.Extensions.dll
[Licensing::Client] Successfully resolved entitlement details
[Licensing::Module] License group:
  Id: 3574218014200-UnityPersXXXX
  Product: Unity Personal
  Type: Assigned
  Expiration: Unlimited
Register platform support module: C:/Program Files/Unity/Hub/Editor/6000.3.25f1/Editor/Data/PlaybackEngines/AndroidPlayer/UnityEditor.Android.Extensions.dll
Registered in 0.051264 seconds.
- Loaded All Assemblies, in  0.677 seconds
Native extension for Android target not found
Native extension for WindowsStandalone target not found
Native extension for WebGL target not found
Package Manager log level set to [2]
[Package Manager] Failed to launch server process. Reason: Unity was launched with the -noUpm command-line argument
[Package Manager] Unable to send message (not connected to server process).
[Package Manager] Cannot connect to Unity Package Manager local server
ScheduleIndexationOnStartup MainProcess:False IndexOnStartup:True
Mono: successfully reloaded assembly
- Finished resetting the current domain, in  0.590 seconds
Domain Reload Profiling: 1259ms
	BeginReloadAssembly (192ms)
		ExecutionOrderSort (0ms)
		DisableScriptedObjects (0ms)
		BackupInstance (0ms)
		ReleaseScriptingObjects (0ms)
		CreateAndSetChildDomain (1ms)
	RebuildCommonClasses (52ms)
	RebuildNativeTypeToScriptingClass (21ms)
	initialDomainReloadingComplete (130ms)
	LoadAllAssembliesAndSetupDomain (273ms)
		LoadAssemblies (186ms)
		RebuildTransferFunctionScriptingTraits (0ms)
		AnalyzeDomain (268ms)
			TypeCache.Refresh (264ms)
				TypeCache.ScanAssembly (245ms)
			BuildScriptInfoCaches (0ms)
			ResolveRequiredComponents (1ms)
	FinalizeReload (591ms)
		ReleaseScriptCaches (0ms)
		RebuildScriptCaches (0ms)
		SetupLoadedEditorAssemblies (529ms)
			LogAssemblyErrors (0ms)
			InitializePlatformSupportModulesInManaged (109ms)
			SetLoadedEditorAssemblies (7ms)
			BeforeProcessingInitializeOnLoad (121ms)
			ProcessInitializeOnLoadAttributes (186ms)
			ProcessInitializeOnLoadMethodAttributes (106ms)
			AfterProcessingInitializeOnLoad (0ms)
			EditorAssembliesLoaded (0ms)
		ExecutionOrderSort2 (0ms)
		AwakeInstancesAfterBackupRestoration (0ms)
[Licensing::Client] Successfully resolved entitlement details
========================================================================
Worker process is ready to serve import requests
Import Worker Mode flag is 0x00
Begin MonoManager ReloadAssembly
- Loaded All Assemblies, in  1.166 seconds
Refreshing native plugins compatible for Editor in 5.07 ms, found 5 plugins.
Native extension for Android target not found
Native extension for WindowsStandalone target not found
Native extension for WebGL target not found
[Package Manager] Failed to launch server process. Reason: Unity was launched with the -noUpm command-line argument
[Package Manager] Unable to send message (not connected to server process).
[Package Manager] Cannot connect to Unity Package Manager local server
Refreshing native plugins compatible for Editor in 4.68 ms, found 5 plugins.
[Package Manager] Failed to launch server process. Reason: Unity was launched with the -noUpm command-line argument
[Package Manager] Unable to send message (not connected to server process).
[Package Manager] Cannot connect to Unity Package Manager local server
ScheduleIndexationOnStartup MainProcess:False IndexOnStartup:True
Mono: successfully reloaded assembly
- Finished resetting the current domain, in  1.033 seconds
Domain Reload Profiling: 2189ms
	BeginReloadAssembly (221ms)
		ExecutionOrderSort (0ms)
		DisableScriptedObjects (8ms)
		BackupInstance (0ms)
		ReleaseScriptingObjects (0ms)
		CreateAndSetChildDomain (35ms)
	RebuildCommonClasses (44ms)
	RebuildNativeTypeToScriptingClass (15ms)
	initialDomainReloadingComplete (56ms)
	LoadAllAssembliesAndSetupDomain (820ms)
		LoadAssemblies (539ms)
		RebuildTransferFunctionScriptingTraits (0ms)
		AnalyzeDomain (403ms)
			TypeCache.Refresh (279ms)
				TypeCache.ScanAssembly (257ms)
			BuildScriptInfoCaches (109ms)
			ResolveRequiredComponents (10ms)
	FinalizeReload (1033ms)
		ReleaseScriptCaches (0ms)
		RebuildScriptCaches (0ms)
		SetupLoadedEditorAssemblies (840ms)
			LogAssemblyErrors (0ms)
			InitializePlatformSupportModulesInManaged (11ms)
			SetLoadedEditorAssemblies (5ms)
			BeforeProcessingInitializeOnLoad (198ms)
			ProcessInitializeOnLoadAttributes (466ms)
			ProcessInitializeOnLoadMethodAttributes (149ms)
			AfterProcessingInitializeOnLoad (10ms)
			EditorAssembliesLoaded (1ms)
		ExecutionOrderSort2 (0ms)
		AwakeInstancesAfterBackupRestoration (10ms)
Launched and connected shader compiler UnityShaderCompiler.exe after 0.02 seconds
Refreshing native plugins compatible for Editor in 3.65 ms, found 5 plugins.
Preloading 0 native plugins for Editor in 0.00 ms.
Unloading 16 Unused Serialized files (Serialized files now loaded: 0)
Curl error 3: URL rejected: Malformed input to a URL function
Unloading 7387 unused Assets / (4.5 MB). Loaded Objects now: 8201.
Memory consumption went from 170.4 MB to 165.9 MB.
Total: 12.387700 ms (FindLiveObjects: 0.942100 ms CreateObjectMapping: 0.840100 ms MarkObjects: 7.113800 ms  DeleteObjects: 3.489900 ms)

========================================================================
Received Import Request.
  Time since last request: 6505.296608 seconds.
  path: Assets/Scripts/Player/P_Player.cs
  artifactKey: Guid(1048c3dada82dc04ab85046cc9da3bfd) Importer(2089858483,b0f066a214c2f5e87bad3c948f4d605d)
Start importing Assets/Scripts/Player/P_Player.cs using Guid(1048c3dada82dc04ab85046cc9da3bfd) Importer(2089858483,b0f066a214c2f5e87bad3c948f4d605d) (ScriptedImporter) -> (artifact id: '61e546611982af95c72ab3a0e0a3ce13') in 0.1485034 seconds
Number of updated asset objects reloaded before import = 0Number of asset objects unloaded after import = 0

========================================================================
Received Import Request.
  Time since last request: 0.000026 seconds.
  path: Packages/com.unity.collab-proxy/Editor/Api/UnityVersionControlApi.cs
  artifactKey: Guid(83e93885de2840b5818ef68a76f7ebfc) Importer(2089858483,b0f066a214c2f5e87bad3c948f4d605d)
Start importing Packages/com.unity.collab-proxy/Editor/Api/UnityVersionControlApi.cs using Guid(83e93885de2840b5818ef68a76f7ebfc) Importer(2089858483,b0f066a214c2f5e87bad3c948f4d605d) (ScriptedImporter) -> (artifact id: 'bb9b2cd472ee432ea0656ccbc8e62537') in 0.0054815 seconds
Number of updated asset objects reloaded before import = 0Number of asset objects unloaded after import = 0

========================================================================
Received Import Request.
  Time since last request: 0.000028 seconds.
  path: Assets/Scripts/Enemy/E_Base_Enemy.cs
  artifactKey: Guid(f5a79ccb588582840b7b63753780efb0) Importer(2089858483,b0f066a214c2f5e87bad3c948f4d605d)
Start importing Assets/Scripts/Enemy/E_Base_Enemy.cs using Guid(f5a79ccb588582840b7b63753780efb0) Importer(2089858483,b0f066a214c2f5e87bad3c948f4d605d) (ScriptedImporter) -> (artifact id: 'dc933f16eb1a2fb0ebceaa6a1e2137be') in 0.0244779 seconds
Number of updated asset objects reloaded before import = 0Number of asset objects unloaded after import = 0

========================================================================
Received Import Request.
  Time since last request: 0.000021 seconds.
  path: Assets/Scripts/Singleton/Singleton.cs
  artifactKey: Guid(4fb2b1d06f290ee4cb4aeffe42b47566) Importer(2089858483,b0f066a214c2f5e87bad3c948f4d605d)
Start importing Assets/Scripts/Singleton/Singleton.cs using Guid(4fb2b1d06f290ee4cb4aeffe42b47566) Importer(2089858483,b0f066a214c2f5e87bad3c948f4d605d) (ScriptedImporter) -> (artifact id: '0c0651e12e92148dc9bf029aa57114cf') in 0.0040627 seconds
Number of updated asset objects reloaded before import = 0Number of asset objects unloaded after import = 0

========================================================================
Received Import Request.
  Time since last request: 0.000021 seconds.
  path: Packages/com.unity.collab-proxy/Editor/BuildGetEventExtraInfoFunction.cs
  artifactKey: Guid(e8b13064517f28443ac41883eb559c8f) Importer(2089858483,b0f066a214c2f5e87bad3c948f4d605d)
Start importing Packages/com.unity.collab-proxy/Editor/BuildGetEventExtraInfoFunction.cs using Guid(e8b13064517f28443ac41883eb559c8f) Importer(2089858483,b0f066a214c2f5e87bad3c948f4d605d) (ScriptedImporter) -> (artifact id: '12f83b6efd44e1273de37bd7ad82f78c') in 0.006165 seconds
Number of updated asset objects reloaded before import = 0Number of asset objects unloaded after import = 0

========================================================================
Received Import Request.
  Time since last request: 0.000022 seconds.
  path: Packages/com.unity.collab-proxy/Editor/UVCSConnectionMonitor.cs
  artifactKey: Guid(9019d1f6d4a14cb49a269dbffb6ea011) Importer(2089858483,b0f066a214c2f5e87bad3c948f4d605d)
Start importing Packages/com.unity.collab-proxy/Editor/UVCSConnectionMonitor.cs using Guid(9019d1f6d4a14cb49a269dbffb6ea011) Importer(2089858483,b0f066a214c2f5e87bad3c948f4d605d) (ScriptedImporter) -> (artifact id: 'ededc050250b63c5e8a42bcb62712e05') in 0.0358849 seconds
Number of updated asset objects reloaded before import = 0Number of asset objects unloaded after import = 0

========================================================================
Received Import Request.
  Time since last request: 0.000031 seconds.
  path: Packages/com.unity.collab-proxy/Editor/PlasticApp.cs
  artifactKey: Guid(608f66b5adac272459273ddaf3e4db5d) Importer(2089858483,b0f066a214c2f5e87bad3c948f4d605d)
Start importing Packages/com.unity.collab-proxy/Editor/PlasticApp.cs using Guid(608f66b5adac272459273ddaf3e4db5d) Importer(2089858483,b0f066a214c2f5e87bad3c948f4d605d) (ScriptedImporter) -> (artifact id: 'ebb48c6276dea0e97f67566c024fa5d2') in 0.006089 seconds
Number of updated asset objects reloaded before import = 0Number of asset objects unloaded after import = 0

========================================================================
Received Import Request.
  Time since last request: 0.000017 seconds.
  path: Packages/com.unity.collab-proxy/Editor/AssemblyInfo.cs
  artifactKey: Guid(d50ac3212a7ff5a4795bf609a2a20350) Importer(2089858483,b0f066a214c2f5e87bad3c948f4d605d)
Start importing Packages/com.unity.collab-proxy/Editor/AssemblyInfo.cs using Guid(d50ac3212a7ff5a4795bf609a2a20350) Importer(2089858483,b0f066a214c2f5e87bad3c948f4d605d) (ScriptedImporter) -> (artifact id: 'eea87983f1be2b5dd55f4964ca2f9c61') in 0.0207113 seconds
Number of updated asset objects reloaded before import = 0Number of asset objects unloaded after import = 0

========================================================================
Received Import Request.
  Time since last request: 0.000016 seconds.
  path: Packages/com.unity.collab-proxy/Editor/VisualElementExtensions.cs
  artifactKey: Guid(e9e00039daba468c8a0dbcffa3506c1d) Importer(2089858483,b0f066a214c2f5e87bad3c948f4d605d)
Start importing Packages/com.unity.collab-proxy/Editor/VisualElementExtensions.cs using Guid(e9e00039daba468c8a0dbcffa3506c1d) Importer(2089858483,b0f066a214c2f5e87bad3c948f4d605d) (ScriptedImporter) -> (artifact id: '92770ef337eae0d6e864a7c995f0135c') in 0.0054091 seconds
Number of updated asset objects reloaded before import = 0Number of asset objects unloaded after import = 0

========================================================================
Received Import Request.
  Time since last request: 0.000021 seconds.
  path: Packages/com.unity.collab-proxy/Editor/AssetsUtils/ProjectPath.cs
  artifactKey: Guid(6cad902920d2d0e448b4a307b199d8fd) Importer(2089858483,b0f066a214c2f5e87bad3c948f4d605d)
Start importing Packages/com.unity.collab-proxy/Editor/AssetsUtils/ProjectPath.cs using Guid(6cad902920d2d0e448b4a307b199d8fd) Importer(2089858483,b0f066a214c2f5e87bad3c948f4d605d) (ScriptedImporter) -> (artifact id: '06e3e383bab01f7fc1e618b68cf95ced') in 0.0048587 seconds
Number of updated asset objects reloaded before import = 0Number of asset objects unloaded after import = 0

========================================================================
Received Import Request.
  Time since last request: 0.000025 seconds.
  path: Packages/com.unity.collab-proxy/Editor/LaunchPackageManager.cs
  artifactKey: Guid(fd38ef4911274f9987bb1282281fa3df) Importer(2089858483,b0f066a214c2f5e87bad3c948f4d605d)
Start importing Packages/com.unity.collab-proxy/Editor/LaunchPackageManager.cs using Guid(fd38ef4911274f9987bb1282281fa3df) Importer(2089858483,b0f066a214c2f5e87bad3c948f4d605d) (ScriptedImporter) -> (artifact id: 'c379e8e53f01f449058b3f811058c453') in 0.0044387 seconds
Number of updated asset objects reloaded before import = 0Number of asset objects unloaded after import = 0

========================================================================
Received Import Request.
  Time since last request: 0.000018 seconds.
  path: Assets/Settings/UniversalRenderPipelineGlobalSettings.asset
  artifactKey: Guid(93b439a37f63240aca3dd4e01d978a9f) Importer(2089858483,b0f066a214c2f5e87bad3c948f4d605d)
Start importing Assets/Settings/UniversalRenderPipelineGlobalSettings.asset using Guid(93b439a37f63240aca3dd4e01d978a9f) Importer(2089858483,b0f066a214c2f5e87bad3c948f4d605d) (ScriptedImporter) -> (artifact id: '9534d665abdc550977443e97dce6b670') in 0.1296303 seconds
Number of updated asset objects reloaded before import = 0Number of asset objects unloaded after import = 0

========================================================================
Received Import Request.
  Time since last request: 0.000022 seconds.
  path: Assets/Settings/Scenes/URP2DSceneTemplate.unity
  artifactKey: Guid(2cda990e2423bbf4892e6590ba056729) Importer(2089858483,b0f066a214c2f5e87bad3c948f4d605d)
Start importing Assets/Settings/Scenes/URP2DSceneTemplate.unity using Guid(2cda990e2423bbf4892e6590ba056729) Importer(2089858483,b0f066a214c2f5e87bad3c948f4d605d) (ScriptedImporter) -> (artifact id: 'dc88c4cbaf4b5f688dd07a6652e4e48a') in 0.0047747 seconds
Number of updated asset objects reloaded before import = 0Number of asset objects unloaded after import = 1

========================================================================
Received Import Request.
  Time since last request: 0.000047 seconds.
  path: Assets/Settings/UniversalRP.asset
  artifactKey: Guid(681886c5eb7344803b6206f758bf0b1c) Importer(2089858483,b0f066a214c2f5e87bad3c948f4d605d)
Start importing Assets/Settings/UniversalRP.asset using Guid(681886c5eb7344803b6206f758bf0b1c) Importer(2089858483,b0f066a214c2f5e87bad3c948f4d605d) (ScriptedImporter) -> (artifact id: '48cd02a514a93de298010b72f63271ef') in 0.055946 seconds
Number of updated asset objects reloaded before import = 0Number of asset objects unloaded after import = 1

========================================================================
Received Import Request.
  Time since last request: 0.000019 seconds.
  path: Packages/com.unity.collab-proxy/Editor/UnityPlasticDllVersion.cs
  artifactKey: Guid(861c52e49f0f474caaeb9f2254cecea3) Importer(2089858483,b0f066a214c2f5e87bad3c948f4d605d)
Start importing Packages/com.unity.collab-proxy/Editor/UnityPlasticDllVersion.cs using Guid(861c52e49f0f474caaeb9f2254cecea3) Importer(2089858483,b0f066a214c2f5e87bad3c948f4d605d) (ScriptedImporter) -> (artifact id: 'af57803fc3bdbdad8df37eefb962d76c') in 0.0041007 seconds
Number of updated asset objects reloaded before import = 0Number of asset objects unloaded after import = 0

========================================================================
Received Import Request.
  Time since last request: 0.000016 seconds.
  path: Packages/com.unity.collab-proxy/Editor/Unity.PlasticSCM.Editor.asmdef
  artifactKey: Guid(4b84427fd7ace4b4cb623ef8a46124ed) Importer(2089858483,b0f066a214c2f5e87bad3c948f4d605d)
Start importing Packages/com.unity.collab-proxy/Editor/Unity.PlasticSCM.Editor.asmdef using Guid(4b84427fd7ace4b4cb623ef8a46124ed) Importer(2089858483,b0f066a214c2f5e87bad3c948f4d605d) (ScriptedImporter) -> (artifact id: '22c79ebca4374c5267380ac6c5cb8f6d') in 0.0058742 seconds
Number of updated asset objects reloaded before import = 0Number of asset objects unloaded after import = 1

========================================================================
Received Import Request.
  Time since last request: 0.000022 seconds.
  path: Packages/com.unity.collab-proxy/Editor/PackageInfo.cs
  artifactKey: Guid(40771e457c113c441b7ec6c975584675) Importer(2089858483,b0f066a214c2f5e87bad3c948f4d605d)
Start importing Packages/com.unity.collab-proxy/Editor/PackageInfo.cs using Guid(40771e457c113c441b7ec6c975584675) Importer(2089858483,b0f066a214c2f5e87bad3c948f4d605d) (ScriptedImporter) -> (artifact id: '7660a41e50dab0d800fbeb3ee4e6082f') in 0.0042026 seconds
Number of updated asset objects reloaded before import = 0Number of asset objects unloaded after import = 0

========================================================================
Received Import Request.
  Time since last request: 0.000027 seconds.
  path: Packages/com.unity.collab-proxy/Editor/BoolSetting.cs
  artifactKey: Guid(5be77ef41db4cc24a82cd1eca7456b5a) Importer(2089858483,b0f066a214c2f5e87bad3c948f4d605d)
Start importing Packages/com.unity.collab-proxy/Editor/BoolSetting.cs using Guid(5be77ef41db4cc24a82cd1eca7456b5a) Importer(2089858483,b0f066a214c2f5e87bad3c948f4d605d) (ScriptedImporter) -> (artifact id: '64bd16be2e7094ee9c6c9014730c3ac3') in 0.005494 seconds
Number of updated asset objects reloaded before import = 0Number of asset objects unloaded after import = 0

========================================================================
Received Import Request.
  Time since last request: 0.000015 seconds.
  path: Packages/com.unity.collab-proxy/Editor/Assistant/AssemblyInfo.cs
  artifactKey: Guid(3ca37c23169aa469dbf15a7acb988d05) Importer(2089858483,b0f066a214c2f5e87bad3c948f4d605d)
Start importing Packages/com.unity.collab-proxy/Editor/Assistant/AssemblyInfo.cs using Guid(3ca37c23169aa469dbf15a7acb988d05) Importer(2089858483,b0f066a214c2f5e87bad3c948f4d605d) (ScriptedImporter) -> (artifact id: '88c06ed47920330090ccadf72bba2948') in 0.0045867 seconds
Number of updated asset objects reloaded before import = 0Number of asset objects unloaded after import = 0

========================================================================
Received Import Request.
  Time since last request: 0.000017 seconds.
  path: Assets/Main Scene.unity
  artifactKey: Guid(dcbf2250fe7e31449822aa5f1b3f79f9) Importer(815301076,1909f56bfc062723c751e8b465ee728b)
Start importing Assets/Main Scene.unity using Guid(dcbf2250fe7e31449822aa5f1b3f79f9) Importer(815301076,1909f56bfc062723c751e8b465ee728b) (PreviewImporter) -> (artifact id: 'ca04d273b7f45294835bb563d79c63ac') in 0.0006962 seconds
Number of updated asset objects reloaded before import = 0Number of asset objects unloaded after import = 0

========================================================================
Received Import Request.
  Time since last request: 0.000015 seconds.
  path: Packages/com.unity.collab-proxy/Editor/OrganizationsInformation.cs
  artifactKey: Guid(d840e39b62104a49b973d5503477c555) Importer(2089858483,b0f066a214c2f5e87bad3c948f4d605d)
Start importing Packages/com.unity.collab-proxy/Editor/OrganizationsInformation.cs using Guid(d840e39b62104a49b973d5503477c555) Importer(2089858483,b0f066a214c2f5e87bad3c948f4d605d) (ScriptedImporter) -> (artifact id: '4dc48169eb53b84404bcecd63deaff3d') in 0.0045521 seconds
Number of updated asset objects reloaded before import = 0Number of asset objects unloaded after import = 0

========================================================================
Received Import Request.
  Time since last request: 0.000019 seconds.
  path: Packages/com.unity.collab-proxy/Editor/Api/UnityVersionControlUiApi.cs
  artifactKey: Guid(06527df79395b4dcc9e013234ed80bad) Importer(2089858483,b0f066a214c2f5e87bad3c948f4d605d)
Start importing Packages/com.unity.collab-proxy/Editor/Api/UnityVersionControlUiApi.cs using Guid(06527df79395b4dcc9e013234ed80bad) Importer(2089858483,b0f066a214c2f5e87bad3c948f4d605d) (ScriptedImporter) -> (artifact id: '01ad641df5f04006374a87b1c93248d7') in 0.0048907 seconds
Number of updated asset objects reloaded before import = 0Number of asset objects unloaded after import = 0

========================================================================
Received Import Request.
  Time since last request: 0.000028 seconds.
  path: Packages/com.unity.collab-proxy/Editor/AssetsUtils/SaveAssets.cs
  artifactKey: Guid(802adf99bdbb1a3439a0a09ae5664192) Importer(2089858483,b0f066a214c2f5e87bad3c948f4d605d)
Start importing Packages/com.unity.collab-proxy/Editor/AssetsUtils/SaveAssets.cs using Guid(802adf99bdbb1a3439a0a09ae5664192) Importer(2089858483,b0f066a214c2f5e87bad3c948f4d605d) (ScriptedImporter) -> (artifact id: '2e5efbe35807f5aea0cc69c24501833c') in 0.0040141 seconds
Number of updated asset objects reloaded before import = 0Number of asset objects unloaded after import = 0

========================================================================
Received Import Request.
  Time since last request: 0.000017 seconds.
  path: Packages/com.unity.collab-proxy/Editor/EnumExtensions.cs
  artifactKey: Guid(f032fd1e0068a2642abd4fe8e1fd4241) Importer(2089858483,b0f066a214c2f5e87bad3c948f4d605d)
Start importing Packages/com.unity.collab-proxy/Editor/EnumExtensions.cs using Guid(f032fd1e0068a2642abd4fe8e1fd4241) Importer(2089858483,b0f066a214c2f5e87bad3c948f4d605d) (ScriptedImporter) -> (artifact id: '25e794055e6ac073249ca63a803e3a7e') in 0.0044564 seconds
Number of updated asset objects reloaded before import = 0Number of asset objects unloaded after import = 0

========================================================================
Received Import Request.
  Time since last request: 1.444997 seconds.
  path: Packages/com.unity.collab-proxy/Editor/CodeEditor/SearchPanelLocalization.cs
  artifactKey: Guid(ad736c857532f410a8814a8d5dd96a84) Importer(2089858483,b0f066a214c2f5e87bad3c948f4d605d)
Start importing Packages/com.unity.collab-proxy/Editor/CodeEditor/SearchPanelLocalization.cs using Guid(ad736c857532f410a8814a8d5dd96a84) Importer(2089858483,b0f066a214c2f5e87bad3c948f4d605d) (ScriptedImporter) -> (artifact id: '06baa2fb503c5b9b9f2da188c9c05c41') in 0.0687264 seconds
Number of updated asset objects reloaded before import = 0Number of asset objects unloaded after import = 0

========================================================================
Received Import Request.
  Time since last request: 0.000021 seconds.
  path: Packages/com.unity.collab-proxy/Editor/Developer/IncomingChangesNotification.cs
  artifactKey: Guid(cc9b578c680471e41965738c85cbabbf) Importer(2089858483,b0f066a214c2f5e87bad3c948f4d605d)
Start importing Packages/com.unity.collab-proxy/Editor/Developer/IncomingChangesNotification.cs using Guid(cc9b578c680471e41965738c85cbabbf) Importer(2089858483,b0f066a214c2f5e87bad3c948f4d605d) (ScriptedImporter) -> (artifact id: 'b3651c530b5f2bb4f61e393768b8202f') in 0.078133 seconds
Number of updated asset objects reloaded before import = 0Number of asset objects unloaded after import = 0

========================================================================
Received Import Request.
  Time since last request: 0.000030 seconds.
  path: Packages/com.unity.collab-proxy/Editor/Hashing/XxHashShared.cs
  artifactKey: Guid(8642afe1b2639478e91ff46ccf3145d3) Importer(2089858483,b0f066a214c2f5e87bad3c948f4d605d)
Start importing Packages/com.unity.collab-proxy/Editor/Hashing/XxHashShared.cs using Guid(8642afe1b2639478e91ff46ccf3145d3) Importer(2089858483,b0f066a214c2f5e87bad3c948f4d605d) (ScriptedImporter) -> (artifact id: '85b522e3c77d7e9e27de6743731b4ed6') in 0.004274 seconds
Number of updated asset objects reloaded before import = 0Number of asset objects unloaded after import = 0

========================================================================
Received Import Request.
  Time since last request: 0.000018 seconds.
  path: Packages/com.unity.collab-proxy/Editor/Configuration/WriteLogConfiguration.cs
  artifactKey: Guid(332442c8f4f7b1943bb9e12fc97356e4) Importer(2089858483,b0f066a214c2f5e87bad3c948f4d605d)
Start importing Packages/com.unity.collab-proxy/Editor/Configuration/WriteLogConfiguration.cs using Guid(332442c8f4f7b1943bb9e12fc97356e4) Importer(2089858483,b0f066a214c2f5e87bad3c948f4d605d) (ScriptedImporter) -> (artifact id: '3a0ec959e3a8da19e8b1ca6bf82d1e21') in 0.004975 seconds
Number of updated asset objects reloaded before import = 0Number of asset objects unloaded after import = 0

========================================================================
Received Import Request.
  Time since last request: 0.000018 seconds.
  path: Packages/com.unity.collab-proxy/Editor/Diff/RefreshAssetsPanel.cs
  artifactKey: Guid(3d2304fd911974785b2dd0bcde004980) Importer(2089858483,b0f066a214c2f5e87bad3c948f4d605d)
Start importing Packages/com.unity.collab-proxy/Editor/Diff/RefreshAssetsPanel.cs using Guid(3d2304fd911974785b2dd0bcde004980) Importer(2089858483,b0f066a214c2f5e87bad3c948f4d605d) (ScriptedImporter) -> (artifact id: 'f40cde16c0497592fa0ec23459651204') in 0.0387038 seconds
Number of updated asset objects reloaded before import = 0Number of asset objects unloaded after import = 0

========================================================================
Received Import Request.
  Time since last request: 0.000017 seconds.
  path: Packages/com.unity.collab-proxy/Editor/Headless/HeadlessGluonUpdateProgress.cs
  artifactKey: Guid(f111698d5aafb61479afc143e389a014) Importer(2089858483,b0f066a214c2f5e87bad3c948f4d605d)
Start importing Packages/com.unity.collab-proxy/Editor/Headless/HeadlessGluonUpdateProgress.cs using Guid(f111698d5aafb61479afc143e389a014) Importer(2089858483,b0f066a214c2f5e87bad3c948f4d605d) (ScriptedImporter) -> (artifact id: '964a0f682ca9173a57cd9cf40589e1ea') in 0.0057732 seconds
Number of updated asset objects reloaded before import = 0Number of asset objects unloaded after import = 0

========================================================================
Received Import Request.
  Time since last request: 0.000027 seconds.
  path: Packages/com.unity.collab-proxy/Editor/Developer/ShelvedChangesNotification.cs
  artifactKey: Guid(db6cbe7586694d6fb3c944d67973d313) Importer(2089858483,b0f066a214c2f5e87bad3c948f4d605d)
Start importing Packages/com.unity.collab-proxy/Editor/Developer/ShelvedChangesNotification.cs using Guid(db6cbe7586694d6fb3c944d67973d313) Importer(2089858483,b0f066a214c2f5e87bad3c948f4d605d) (ScriptedImporter) -> (artifact id: '4e49a07366b66d3645bc3303504da6cb') in 0.0056987 seconds
Number of updated asset objects reloaded before import = 0Number of asset objects unloaded after import = 0

========================================================================
Received Import Request.
  Time since last request: 0.000016 seconds.
  path: Packages/com.unity.collab-proxy/Editor/Settings/PendingChangesOptionsFoldout.cs
  artifactKey: Guid(4646098fa06b7764b843d936862b4d71) Importer(2089858483,b0f066a214c2f5e87bad3c948f4d605d)
Start importing Packages/com.unity.collab-proxy/Editor/Settings/PendingChangesOptionsFoldout.cs using Guid(4646098fa06b7764b843d936862b4d71) Importer(2089858483,b0f066a214c2f5e87bad3c948f4d605d) (ScriptedImporter) -> (artifact id: '4ab44110d6ecf82ec9f67f3139270878') in 0.0048958 seconds
Number of updated asset objects reloaded before import = 0Number of asset objects unloaded after import = 0

========================================================================
Received Import Request.
  Time since last request: 0.000018 seconds.
  path: Packages/com.unity.collab-proxy/Editor/Headless/HeadlessHistoryViewLauncher.cs
  artifactKey: Guid(27cd9a46f12b440d8a4e4a0524330db8) Importer(2089858483,b0f066a214c2f5e87bad3c948f4d605d)
Start importing Packages/com.unity.collab-proxy/Editor/Headless/HeadlessHistoryViewLauncher.cs using Guid(27cd9a46f12b440d8a4e4a0524330db8) Importer(2089858483,b0f066a214c2f5e87bad3c948f4d605d) (ScriptedImporter) -> (artifact id: 'e26d5a478057c09f19bc1775fefcec40') in 0.0728969 seconds
Number of updated asset objects reloaded before import = 0Number of asset objects unloaded after import = 0

========================================================================
Received Import Request.
  Time since last request: 0.000018 seconds.
  path: Packages/com.unity.collab-proxy/Editor/Diff/AssetType.cs
  artifactKey: Guid(e6c29999aff44b79938d04786d7b9373) Importer(2089858483,b0f066a214c2f5e87bad3c948f4d605d)
Start importing Packages/com.unity.collab-proxy/Editor/Diff/AssetType.cs using Guid(e6c29999aff44b79938d04786d7b9373) Importer(2089858483,b0f066a214c2f5e87bad3c948f4d605d) (ScriptedImporter) -> (artifact id: '781c415e7b7f9e4074e99d1b85ac44c6') in 0.0058265 seconds
Number of updated asset objects reloaded before import = 0Number of asset objects unloaded after import = 0

========================================================================
Received Import Request.
  Time since last request: 0.000040 seconds.
  path: Packages/com.unity.collab-proxy/Editor/Developer/ProgressOperationHandler.cs
  artifactKey: Guid(f1b80531a496e644abedd795c21274cb) Importer(2089858483,b0f066a214c2f5e87bad3c948f4d605d)
Start importing Packages/com.unity.collab-proxy/Editor/Developer/ProgressOperationHandler.cs using Guid(f1b80531a496e644abedd795c21274cb) Importer(2089858483,b0f066a214c2f5e87bad3c948f4d605d) (ScriptedImporter) -> (artifact id: '24630027fc8fe427437546b20d002290') in 0.0050993 seconds
Number of updated asset objects reloaded before import = 0Number of asset objects unloaded after import = 0

========================================================================
Received Import Request.
  Time since last request: 0.000029 seconds.
  path: Packages/com.unity.collab-proxy/Editor/Gluon/ShelvedChangesNotification.cs
  artifactKey: Guid(ea76fa5a629244fa9ae3a8d3224aef02) Importer(2089858483,b0f066a214c2f5e87bad3c948f4d605d)
Start importing Packages/com.unity.collab-proxy/Editor/Gluon/ShelvedChangesNotification.cs using Guid(ea76fa5a629244fa9ae3a8d3224aef02) Importer(2089858483,b0f066a214c2f5e87bad3c948f4d605d) (ScriptedImporter) -> (artifact id: 'c9c0ff898d5c34da0ae7b285045c7944') in 0.0049665 seconds
Number of updated asset objects reloaded before import = 0Number of asset objects unloaded after import = 0

========================================================================
Received Import Request.
  Time since last request: 0.000032 seconds.
  path: Packages/com.unity.collab-proxy/Editor/Entities/GetSubScenePathFromInstance.cs
  artifactKey: Guid(a7785ffd4a2444038c73d694d2bf3a80) Importer(2089858483,b0f066a214c2f5e87bad3c948f4d605d)
Start importing Packages/com.unity.collab-proxy/Editor/Entities/GetSubScenePathFromInstance.cs using Guid(a7785ffd4a2444038c73d694d2bf3a80) Importer(2089858483,b0f066a214c2f5e87bad3c948f4d605d) (ScriptedImporter) -> (artifact id: '3cbd878645b0ea77a4786159ccb74a99') in 0.0125378 seconds
Number of updated asset objects reloaded before import = 0Number of asset objects unloaded after import = 0

========================================================================
Received Import Request.
  Time since last request: 0.000022 seconds.
  path: Packages/com.unity.collab-proxy/Editor/Configuration/ClientConfiguration.cs
  artifactKey: Guid(edf8d7a4bab748b4a77c198d33394e58) Importer(2089858483,b0f066a214c2f5e87bad3c948f4d605d)
Start importing Packages/com.unity.collab-proxy/Editor/Configuration/ClientConfiguration.cs using Guid(edf8d7a4bab748b4a77c198d33394e58) Importer(2089858483,b0f066a214c2f5e87bad3c948f4d605d) (ScriptedImporter) -> (artifact id: '624dbc181192be9b7922101a1bfbf6c4') in 0.0074712 seconds
Number of updated asset objects reloaded before import = 0Number of asset objects unloaded after import = 0

========================================================================
Received Import Request.
  Time since last request: 0.000025 seconds.
  path: Packages/com.unity.collab-proxy/Editor/Diff/EditedTextBlockMarker.cs
  artifactKey: Guid(fe8d056c7f649402c8690ade1bc20eb5) Importer(2089858483,b0f066a214c2f5e87bad3c948f4d605d)
Start importing Packages/com.unity.collab-proxy/Editor/Diff/EditedTextBlockMarker.cs using Guid(fe8d056c7f649402c8690ade1bc20eb5) Importer(2089858483,b0f066a214c2f5e87bad3c948f4d605d) (ScriptedImporter) -> (artifact id: '35781d4ba225088eeb8511d1cd3b3549') in 0.0059948 seconds
Number of updated asset objects reloaded before import = 0Number of asset objects unloaded after import = 0

========================================================================
Received Import Request.
  Time since last request: 0.000018 seconds.
  path: Packages/com.unity.collab-proxy/Editor/Configuration/ToolConfig.cs
  artifactKey: Guid(ee776820547bd654980004e8471df8e3) Importer(2089858483,b0f066a214c2f5e87bad3c948f4d605d)
Start importing Packages/com.unity.collab-proxy/Editor/Configuration/ToolConfig.cs using Guid(ee776820547bd654980004e8471df8e3) Importer(2089858483,b0f066a214c2f5e87bad3c948f4d605d) (ScriptedImporter) -> (artifact id: '8fbb7550fff5e8661098085816173102') in 0.0044009 seconds
Number of updated asset objects reloaded before import = 0Number of asset objects unloaded after import = 0

========================================================================
Received Import Request.
  Time since last request: 0.000018 seconds.
  path: Packages/com.unity.collab-proxy/Editor/StatusBar/WindowStatusBar.cs
  artifactKey: Guid(2dae17e8419667e46a2a476dd2cd18e0) Importer(2089858483,b0f066a214c2f5e87bad3c948f4d605d)
Start importing Packages/com.unity.collab-proxy/Editor/StatusBar/WindowStatusBar.cs using Guid(2dae17e8419667e46a2a476dd2cd18e0) Importer(2089858483,b0f066a214c2f5e87bad3c948f4d605d) (ScriptedImporter) -> (artifact id: 'cfe6d2293124fa449dd113642b2ed3d4') in 0.0044489 seconds
Number of updated asset objects reloaded before import = 0Number of asset objects unloaded after import = 0

========================================================================
Received Import Request.
  Time since last request: 0.000015 seconds.
  path: Packages/com.unity.collab-proxy/Editor/Hashing/XxHash64.cs
  artifactKey: Guid(d9f7fbcfec44541f38ad555a93fad564) Importer(2089858483,b0f066a214c2f5e87bad3c948f4d605d)
Start importing Packages/com.unity.collab-proxy/Editor/Hashing/XxHash64.cs using Guid(d9f7fbcfec44541f38ad555a93fad564) Importer(2089858483,b0f066a214c2f5e87bad3c948f4d605d) (ScriptedImporter) -> (artifact id: '268c39909249b2e6060e878098eb30c0') in 0.0056956 seconds
Number of updated asset objects reloaded before import = 0Number of asset objects unloaded after import = 0

========================================================================
Received Import Request.
  Time since last request: 0.000018 seconds.
  path: Packages/com.unity.collab-proxy/Editor/Settings/ShelveAndSwitchOptionsFoldout.cs
  artifactKey: Guid(c64851962d9c48068897eb736be4bed1) Importer(2089858483,b0f066a214c2f5e87bad3c948f4d605d)
Start importing Packages/com.unity.collab-proxy/Editor/Settings/ShelveAndSwitchOptionsFoldout.cs using Guid(c64851962d9c48068897eb736be4bed1) Importer(2089858483,b0f066a214c2f5e87bad3c948f4d605d) (ScriptedImporter) -> (artifact id: 'c05e1e58a75109e40a4c1f43ec0bcb1e') in 0.0038342 seconds
Number of updated asset objects reloaded before import = 0Number of asset objects unloaded after import = 0

========================================================================
Received Import Request.
  Time since last request: 0.000025 seconds.
  path: Packages/com.unity.collab-proxy/Editor/UI/ColorFromText.cs
  artifactKey: Guid(8b6dfd14d4f1481994014ade2c68e7b9) Importer(2089858483,b0f066a214c2f5e87bad3c948f4d605d)
Start importing Packages/com.unity.collab-proxy/Editor/UI/ColorFromText.cs using Guid(8b6dfd14d4f1481994014ade2c68e7b9) Importer(2089858483,b0f066a214c2f5e87bad3c948f4d605d) (ScriptedImporter) -> (artifact id: 'aed7119169f3f62f454d94ca9706a1c0') in 0.0043889 seconds
Number of updated asset objects reloaded before import = 0Number of asset objects unloaded after import = 0

========================================================================
Received Import Request.
  Time since last request: 1.470069 seconds.
  path: Packages/com.unity.collab-proxy/Editor/UI/DrawSplitter.cs
  artifactKey: Guid(ddfa6de84251ce4448a66bad9e7d326e) Importer(2089858483,b0f066a214c2f5e87bad3c948f4d605d)
Start importing Packages/com.unity.collab-proxy/Editor/UI/DrawSplitter.cs using Guid(ddfa6de84251ce4448a66bad9e7d326e) Importer(2089858483,b0f066a214c2f5e87bad3c948f4d605d) (ScriptedImporter) -> (artifact id: 'eb13ffdd314f0d396aff162c391252ea') in 0.006797 seconds
Number of updated asset objects reloaded before import = 0Number of asset objects unloaded after import = 0

========================================================================
Received Import Request.
  Time since last request: 0.000014 seconds.
  path: Packages/com.unity.collab-proxy/Editor/WebApi/CredentialsResponse.cs
  artifactKey: Guid(d1c46ccb760d06146a24b7e265e19566) Importer(2089858483,b0f066a214c2f5e87bad3c948f4d605d)
Start importing Packages/com.unity.collab-proxy/Editor/WebApi/CredentialsResponse.cs using Guid(d1c46ccb760d06146a24b7e265e19566) Importer(2089858483,b0f066a214c2f5e87bad3c948f4d605d) (ScriptedImporter) -> (artifact id: '22e6f7eb04f52153f76e4c673af00f02') in 0.037907 seconds
Number of updated asset objects reloaded before import = 0Number of asset objects unloaded after import = 0

========================================================================
Received Import Request.
  Time since last request: 0.000021 seconds.
  path: Packages/com.unity.collab-proxy/Editor/Assets/Images/d_iconclosebutton@2x.png
  artifactKey: Guid(0525793900d728a42936791a8a6de63b) Importer(2089858483,b0f066a214c2f5e87bad3c948f4d605d)
Start importing Packages/com.unity.collab-proxy/Editor/Assets/Images/d_iconclosebutton@2x.png using Guid(0525793900d728a42936791a8a6de63b) Importer(2089858483,b0f066a214c2f5e87bad3c948f4d605d) (ScriptedImporter) -> (artifact id: '229f4a2dc31fa5548ba3f939df40a63c') in 0.0482096 seconds
Number of updated asset objects reloaded before import = 0Number of asset objects unloaded after import = 1

========================================================================
Received Import Request.
  Time since last request: 0.000027 seconds.
  path: Packages/com.unity.collab-proxy/Editor/UnityInternals/UnityInternalsInjector.cs
  artifactKey: Guid(660c279d5b14417c81d49ee4152e99a7) Importer(2089858483,b0f066a214c2f5e87bad3c948f4d605d)
Start importing Packages/com.unity.collab-proxy/Editor/UnityInternals/UnityInternalsInjector.cs using Guid(660c279d5b14417c81d49ee4152e99a7) Importer(2089858483,b0f066a214c2f5e87bad3c948f4d605d) (ScriptedImporter) -> (artifact id: 'a167938e64174685585c2496b6f28473') in 0.0039721 seconds
Number of updated asset objects reloaded before import = 0Number of asset objects unloaded after import = 0

========================================================================
Received Import Request.
  Time since last request: 0.000017 seconds.
  path: Packages/com.unity.collab-proxy/Editor/Assets/Images/d_iconclouddriveview.png
  artifactKey: Guid(8b32b34c806b4de4cb7f04b3344b6966) Importer(2089858483,b0f066a214c2f5e87bad3c948f4d605d)
Start importing Packages/com.unity.collab-proxy/Editor/Assets/Images/d_iconclouddriveview.png using Guid(8b32b34c806b4de4cb7f04b3344b6966) Importer(2089858483,b0f066a214c2f5e87bad3c948f4d605d) (ScriptedImporter) -> (artifact id: 'b94a602ffe76e67a70356705eacc11f1') in 0.0191586 seconds
Number of updated asset objects reloaded before import = 0Number of asset objects unloaded after import = 3

========================================================================
Received Import Request.
  Time since last request: 0.000019 seconds.
  path: Packages/com.unity.collab-proxy/Editor/Assets/Images/d_iconcurrentbranch.png
  artifactKey: Guid(0a02e43184c7e9c4c9c59b601100b705) Importer(2089858483,b0f066a214c2f5e87bad3c948f4d605d)
Start importing Packages/com.unity.collab-proxy/Editor/Assets/Images/d_iconcurrentbranch.png using Guid(0a02e43184c7e9c4c9c59b601100b705) Importer(2089858483,b0f066a214c2f5e87bad3c948f4d605d) (ScriptedImporter) -> (artifact id: 'f4a1a901df0fe72c10fe25a0e6cde605') in 0.0105019 seconds
Number of updated asset objects reloaded before import = 0Number of asset objects unloaded after import = 3

========================================================================
Received Import Request.
  Time since last request: 0.000020 seconds.
  path: Packages/com.unity.collab-proxy/Editor/Assets/Images/d_iconchangesets@2x.png
  artifactKey: Guid(b76c20add7d3d4f79afcbafeaa12e974) Importer(2089858483,b0f066a214c2f5e87bad3c948f4d605d)
Start importing Packages/com.unity.collab-proxy/Editor/Assets/Images/d_iconchangesets@2x.png using Guid(b76c20add7d3d4f79afcbafeaa12e974) Importer(2089858483,b0f066a214c2f5e87bad3c948f4d605d) (ScriptedImporter) -> (artifact id: '9a6a85e4f06adf3e07c6bddbe0c434f0') in 0.009555 seconds
Number of updated asset objects reloaded before import = 0Number of asset objects unloaded after import = 3

========================================================================
Received Import Request.
  Time since last request: 0.000030 seconds.
  path: Packages/com.unity.collab-proxy/Editor/Views/ConfirmContinueWithPendingChangesDialog.cs
  artifactKey: Guid(3389e142c33d23546a31fc469443a2c3) Importer(2089858483,b0f066a214c2f5e87bad3c948f4d605d)
Start importing Packages/com.unity.collab-proxy/Editor/Views/ConfirmContinueWithPendingChangesDialog.cs using Guid(3389e142c33d23546a31fc469443a2c3) Importer(2089858483,b0f066a214c2f5e87bad3c948f4d605d) (ScriptedImporter) -> (artifact id: '1b5454e01d8f21d73a51a5f7aab0ba89') in 0.0068173 seconds
Number of updated asset objects reloaded before import = 0Number of asset objects unloaded after import = 0

========================================================================
Received Import Request.
  Time since last request: 0.000019 seconds.
  path: Packages/com.unity.collab-proxy/Editor/Assets/Images/d_iconconflicted.png
  artifactKey: Guid(881798b77426a8f47b533dcc4767e9e5) Importer(2089858483,b0f066a214c2f5e87bad3c948f4d605d)
Start importing Packages/com.unity.collab-proxy/Editor/Assets/Images/d_iconconflicted.png using Guid(881798b77426a8f47b533dcc4767e9e5) Importer(2089858483,b0f066a214c2f5e87bad3c948f4d605d) (ScriptedImporter) -> (artifact id: 'a2896afd270450050b51edce93539df5') in 0.0083543 seconds
Number of updated asset objects reloaded before import = 0Number of asset objects unloaded after import = 1

========================================================================
Received Import Request.
  Time since last request: 0.000023 seconds.
  path: Packages/com.unity.collab-proxy/Editor/Assets/Images/d_ArrowCaretLeft.png
  artifactKey: Guid(e2c5ee46f6b0148afbe40d935c70faee) Importer(2089858483,b0f066a214c2f5e87bad3c948f4d605d)
Start importing Packages/com.unity.collab-proxy/Editor/Assets/Images/d_ArrowCaretLeft.png using Guid(e2c5ee46f6b0148afbe40d935c70faee) Importer(2089858483,b0f066a214c2f5e87bad3c948f4d605d) (ScriptedImporter) -> (artifact id: '52986925b1bbed78e703d5721e2cd004') in 0.0123155 seconds
Number of updated asset objects reloaded before import = 0Number of asset objects unloaded after import = 3

========================================================================
Received Import Request.
  Time since last request: 0.000024 seconds.
  path: Packages/com.unity.collab-proxy/Editor/UI/GUIActionRunner.cs
  artifactKey: Guid(6dbc54b503a79034d9c544e39451fd10) Importer(2089858483,b0f066a214c2f5e87bad3c948f4d605d)
Start importing Packages/com.unity.collab-proxy/Editor/UI/GUIActionRunner.cs using Guid(6dbc54b503a79034d9c544e39451fd10) Importer(2089858483,b0f066a214c2f5e87bad3c948f4d605d) (ScriptedImporter) -> (artifact id: 'd3f98b67dfeca7ea925d5935513454df') in 0.0044214 seconds
Number of updated asset objects reloaded before import = 0Number of asset objects unloaded after import = 0

========================================================================
Received Import Request.
  Time since last request: 0.000028 seconds.
  path: Packages/com.unity.collab-proxy/Editor/Assets/Images/d_iconcheckedoutlocaloverlay.png
  artifactKey: Guid(bb1928aff4fd4cf44af1f629dc14ef9b) Importer(2089858483,b0f066a214c2f5e87bad3c948f4d605d)
Start importing Packages/com.unity.collab-proxy/Editor/Assets/Images/d_iconcheckedoutlocaloverlay.png using Guid(bb1928aff4fd4cf44af1f629dc14ef9b) Importer(2089858483,b0f066a214c2f5e87bad3c948f4d605d) (ScriptedImporter) -> (artifact id: 'c808f68ba02a65c7c91a9d0cf95d78e8') in 0.0089952 seconds
Number of updated asset objects reloaded before import = 0Number of asset objects unloaded after import = 1

========================================================================
Received Import Request.
  Time since last request: 0.000021 seconds.
  path: Packages/com.unity.collab-proxy/Editor/Assets/Images/d_iconaddedlocal.png
  artifactKey: Guid(0c6a2a64ca9f9c946a7dbbd1674cf5bd) Importer(2089858483,b0f066a214c2f5e87bad3c948f4d605d)
Start importing Packages/com.unity.collab-proxy/Editor/Assets/Images/d_iconaddedlocal.png using Guid(0c6a2a64ca9f9c946a7dbbd1674cf5bd) Importer(2089858483,b0f066a214c2f5e87bad3c948f4d605d) (ScriptedImporter) -> (artifact id: 'fe458459bf4543d9120b39c2d6599baf') in 0.0087937 seconds
Number of updated asset objects reloaded before import = 0Number of asset objects unloaded after import = 1

========================================================================
Received Import Request.
  Time since last request: 0.000021 seconds.
  path: Packages/com.unity.collab-proxy/Editor/Views/DateFilter.cs
  artifactKey: Guid(3a4d62c64067bca4cbbd6f7fcad2e190) Importer(2089858483,b0f066a214c2f5e87bad3c948f4d605d)
Start importing Packages/com.unity.collab-proxy/Editor/Views/DateFilter.cs using Guid(3a4d62c64067bca4cbbd6f7fcad2e190) Importer(2089858483,b0f066a214c2f5e87bad3c948f4d605d) (ScriptedImporter) -> (artifact id: 'fb69d3115e4ba28a33f22578a31812c3') in 0.0059749 seconds
Number of updated asset objects reloaded before import = 0Number of asset objects unloaded after import = 0

========================================================================
Received Import Request.
  Time since last request: 0.000018 seconds.
  path: Packages/com.unity.collab-proxy/Lib/Editor/Unity.Plastic.Antlr3.Runtime.dll
  artifactKey: Guid(f3cad5fee9fee5945b13e7e3518afb1b) Importer(2089858483,b0f066a214c2f5e87bad3c948f4d605d)
Start importing Packages/com.unity.collab-proxy/Lib/Editor/Unity.Plastic.Antlr3.Runtime.dll using Guid(f3cad5fee9fee5945b13e7e3518afb1b) Importer(2089858483,b0f066a214c2f5e87bad3c948f4d605d) (ScriptedImporter) -> (artifact id: '40bf9d3f28b1f6beebd92199f427a098') in 0.0053354 seconds
Number of updated asset objects reloaded before import = 0Number of asset objects unloaded after import = 0

========================================================================
Received Import Request.
  Time since last request: 0.000026 seconds.
  path: Packages/com.unity.collab-proxy/Editor/Assets/Images/d_exclusionrule@2x.png
  artifactKey: Guid(78de972b7bcb2424e8560a8c310a6d10) Importer(2089858483,b0f066a214c2f5e87bad3c948f4d605d)
Start importing Packages/com.unity.collab-proxy/Editor/Assets/Images/d_exclusionrule@2x.png using Guid(78de972b7bcb2424e8560a8c310a6d10) Importer(2089858483,b0f066a214c2f5e87bad3c948f4d605d) (ScriptedImporter) -> (artifact id: '840fa6e0c361b2c31c672fee3ad1ba68') in 0.0121927 seconds
Number of updated asset objects reloaded before import = 0Number of asset objects unloaded after import = 3

========================================================================
Received Import Request.
  Time since last request: 0.000015 seconds.
  path: Packages/com.unity.collab-proxy/Editor/WebApi/CurrentUserAdminCheckResponse.cs
  artifactKey: Guid(363c1190d7979084c84a0421cedb3a51) Importer(2089858483,b0f066a214c2f5e87bad3c948f4d605d)
Start importing Packages/com.unity.collab-proxy/Editor/WebApi/CurrentUserAdminCheckResponse.cs using Guid(363c1190d7979084c84a0421cedb3a51) Importer(2089858483,b0f066a214c2f5e87bad3c948f4d605d) (ScriptedImporter) -> (artifact id: 'b361e37815cedbe6457d122ab7acbd33') in 0.0054867 seconds
Number of updated asset objects reloaded before import = 0Number of asset objects unloaded after import = 0

========================================================================
Received Import Request.
  Time since last request: 0.000020 seconds.
  path: Packages/com.unity.collab-proxy/Editor/AssetOverlays/Cache/LocalStatusCache.cs
  artifactKey: Guid(226459a134855504d841db6b61519d2b) Importer(2089858483,b0f066a214c2f5e87bad3c948f4d605d)
Start importing Packages/com.unity.collab-proxy/Editor/AssetOverlays/Cache/LocalStatusCache.cs using Guid(226459a134855504d841db6b61519d2b) Importer(2089858483,b0f066a214c2f5e87bad3c948f4d605d) (ScriptedImporter) -> (artifact id: '025a03d0a8db3bd60362c7a0b873df74') in 0.0038109 seconds
Number of updated asset objects reloaded before import = 0Number of asset objects unloaded after import = 0

========================================================================
Received Import Request.
  Time since last request: 0.000022 seconds.
  path: Packages/com.unity.collab-proxy/Editor/UI/MeasureMaxWidth.cs
  artifactKey: Guid(5eeef8c7e006fbe49ab66c960691f11e) Importer(2089858483,b0f066a214c2f5e87bad3c948f4d605d)
Start importing Packages/com.unity.collab-proxy/Editor/UI/MeasureMaxWidth.cs using Guid(5eeef8c7e006fbe49ab66c960691f11e) Importer(2089858483,b0f066a214c2f5e87bad3c948f4d605d) (ScriptedImporter) -> (artifact id: 'cd6d391c3aaea5148a05eb35a59649d4') in 0.0043257 seconds
Number of updated asset objects reloaded before import = 0Number of asset objects unloaded after import = 0

========================================================================
Received Import Request.
  Time since last request: 0.000100 seconds.
  path: Packages/com.unity.collab-proxy/Lib/Editor/lz4x64Plastic.dll
  artifactKey: Guid(074a5a5f34697b64c9b36dc09f6f7c32) Importer(2089858483,b0f066a214c2f5e87bad3c948f4d605d)
Start importing Packages/com.unity.collab-proxy/Lib/Editor/lz4x64Plastic.dll using Guid(074a5a5f34697b64c9b36dc09f6f7c32) Importer(2089858483,b0f066a214c2f5e87bad3c948f4d605d) (ScriptedImporter) -> (artifact id: 'f499f750c5249021f95ff153e1131886') in 0.0064459 seconds
Number of updated asset objects reloaded before import = 0Number of asset objects unloaded after import = 0

========================================================================
Received Import Request.
  Time since last request: 0.000025 seconds.
  path: Packages/com.unity.collab-proxy/Editor/Assets/Images/d_ArrowCaretRight@2x.png
  artifactKey: Guid(3943479b9e27741a78451950ae5841f6) Importer(2089858483,b0f066a214c2f5e87bad3c948f4d605d)
Start importing Packages/com.unity.collab-proxy/Editor/Assets/Images/d_ArrowCaretRight@2x.png using Guid(3943479b9e27741a78451950ae5841f6) Importer(2089858483,b0f066a214c2f5e87bad3c948f4d605d) (ScriptedImporter) -> (artifact id: 'df57b16cdf01feba2a0046a221fd0c20') in 0.0103334 seconds
Number of updated asset objects reloaded before import = 0Number of asset objects unloaded after import = 3

========================================================================
Received Import Request.
  Time since last request: 0.000017 seconds.
  path: Packages/com.unity.collab-proxy/Editor/UnityInternals/UVCSToolbarBoostrap.cs
  artifactKey: Guid(e09919744ef75bc4eaa3181b195375bd) Importer(2089858483,b0f066a214c2f5e87bad3c948f4d605d)
Start importing Packages/com.unity.collab-proxy/Editor/UnityInternals/UVCSToolbarBoostrap.cs using Guid(e09919744ef75bc4eaa3181b195375bd) Importer(2089858483,b0f066a214c2f5e87bad3c948f4d605d) (ScriptedImporter) -> (artifact id: 'b814eb753e0f5ca2d879ec2ff308fa98') in 0.0046293 seconds
Number of updated asset objects reloaded before import = 0Number of asset objects unloaded after import = 0

========================================================================
Received Import Request.
  Time since last request: 0.000014 seconds.
  path: Packages/com.unity.collab-proxy/Editor/Assets/Images/d_iconcheckmark@2x.png
  artifactKey: Guid(3ac1672d8b4664bf3a3a5844d0be8a85) Importer(2089858483,b0f066a214c2f5e87bad3c948f4d605d)
Start importing Packages/com.unity.collab-proxy/Editor/Assets/Images/d_iconcheckmark@2x.png using Guid(3ac1672d8b4664bf3a3a5844d0be8a85) Importer(2089858483,b0f066a214c2f5e87bad3c948f4d605d) (ScriptedImporter) -> (artifact id: '2692e2a9d714e89bec250345b7985711') in 0.0085732 seconds
Number of updated asset objects reloaded before import = 0Number of asset objects unloaded after import = 3

========================================================================
Received Import Request.
  Time since last request: 0.000016 seconds.
  path: Packages/com.unity.collab-proxy/Editor/Assets/Images/d_hideversioncontrol.png
  artifactKey: Guid(ec597fbbebec64e4f8725c31ce52fdb7) Importer(2089858483,b0f066a214c2f5e87bad3c948f4d605d)
Start importing Packages/com.unity.collab-proxy/Editor/Assets/Images/d_hideversioncontrol.png using Guid(ec597fbbebec64e4f8725c31ce52fdb7) Importer(2089858483,b0f066a214c2f5e87bad3c948f4d605d) (ScriptedImporter) -> (artifact id: '8158d51ef2298da1c63e865025200354') in 0.0115911 seconds
Number of updated asset objects reloaded before import = 0Number of asset objects unloaded after import = 3

========================================================================
Received Import Request.
  Time since last request: 0.000017 seconds.
  path: Packages/com.unity.collab-proxy/Editor/Assets/Images/d_iconcurrentbranch@2x.png
  artifactKey: Guid(c48b8bcda45b63442a7a7c7244c84635) Importer(2089858483,b0f066a214c2f5e87bad3c948f4d605d)
Start importing Packages/com.unity.collab-proxy/Editor/Assets/Images/d_iconcurrentbranch@2x.png using Guid(c48b8bcda45b63442a7a7c7244c84635) Importer(2089858483,b0f066a214c2f5e87bad3c948f4d605d) (ScriptedImporter) -> (artifact id: '39995647e9cbaaadcb16983f67d480df') in 0.013916 seconds
Number of updated asset objects reloaded before import = 0Number of asset objects unloaded after import = 3

========================================================================
Received Import Request.
  Time since last request: 0.000034 seconds.
  path: Packages/com.unity.collab-proxy/Editor/Assets/Images/d_iconconflictresolvedoverlay.png
  artifactKey: Guid(056ee72c467a4e24d87541d42839ca72) Importer(2089858483,b0f066a214c2f5e87bad3c948f4d605d)
Start importing Packages/com.unity.collab-proxy/Editor/Assets/Images/d_iconconflictresolvedoverlay.png using Guid(056ee72c467a4e24d87541d42839ca72) Importer(2089858483,b0f066a214c2f5e87bad3c948f4d605d) (ScriptedImporter) -> (artifact id: '20d3289b2ac66a80b48d5c0bd0248e5b') in 0.0092988 seconds
Number of updated asset objects reloaded before import = 0Number of asset objects unloaded after import = 1

========================================================================
Received Import Request.
  Time since last request: 0.000016 seconds.
  path: Packages/com.unity.collab-proxy/Editor/AssetOverlays/Cache/AssetStatusCache.cs
  artifactKey: Guid(3f227b28cf424364489edd67fce697bc) Importer(2089858483,b0f066a214c2f5e87bad3c948f4d605d)
Start importing Packages/com.unity.collab-proxy/Editor/AssetOverlays/Cache/AssetStatusCache.cs using Guid(3f227b28cf424364489edd67fce697bc) Importer(2089858483,b0f066a214c2f5e87bad3c948f4d605d) (ScriptedImporter) -> (artifact id: '00673e5acdb241a3bd23e17c593a383f') in 0.0043794 seconds
Number of updated asset objects reloaded before import = 0Number of asset objects unloaded after import = 0

========================================================================
Received Import Request.
  Time since last request: 0.000016 seconds.
  path: Packages/com.unity.collab-proxy/Editor/UI/EditorDispatcher.cs
  artifactKey: Guid(de4aea75bc204d14cb432cf1708548f1) Importer(2089858483,b0f066a214c2f5e87bad3c948f4d605d)
Start importing Packages/com.unity.collab-proxy/Editor/UI/EditorDispatcher.cs using Guid(de4aea75bc204d14cb432cf1708548f1) Importer(2089858483,b0f066a214c2f5e87bad3c948f4d605d) (ScriptedImporter) -> (artifact id: '5d446c197da51630a4ac44273285d1bc') in 0.0036398 seconds
Number of updated asset objects reloaded before import = 0Number of asset objects unloaded after import = 0

========================================================================
Received Import Request.
  Time since last request: 0.000014 seconds.
  path: Packages/com.unity.collab-proxy/Editor/_Deprecated/CollabPlugin.cs
  artifactKey: Guid(8b1d1407c22e5844698f18df6a9f1781) Importer(2089858483,b0f066a214c2f5e87bad3c948f4d605d)
Start importing Packages/com.unity.collab-proxy/Editor/_Deprecated/CollabPlugin.cs using Guid(8b1d1407c22e5844698f18df6a9f1781) Importer(2089858483,b0f066a214c2f5e87bad3c948f4d605d) (ScriptedImporter) -> (artifact id: '54176749d95bc2ed1fa2050ba498bf3d') in 0.0048223 seconds
Number of updated asset objects reloaded before import = 0Number of asset objects unloaded after import = 0

========================================================================
Received Import Request.
  Time since last request: 0.999780 seconds.
  path: Packages/com.unity.collab-proxy/Editor/Assets/Images/d_icondiff.png
  artifactKey: Guid(49deb65084c2f495d8ee4d010ad486c2) Importer(2089858483,b0f066a214c2f5e87bad3c948f4d605d)
Start importing Packages/com.unity.collab-proxy/Editor/Assets/Images/d_icondiff.png using Guid(49deb65084c2f495d8ee4d010ad486c2) Importer(2089858483,b0f066a214c2f5e87bad3c948f4d605d) (ScriptedImporter) -> (artifact id: '7b200054082804bcf3ca1a2cb3c6827e') in 0.0182449 seconds
Number of updated asset objects reloaded before import = 0Number of asset objects unloaded after import = 3

========================================================================
Received Import Request.
  Time since last request: 0.000017 seconds.
  path: Packages/com.unity.collab-proxy/Editor/Assets/Images/d_iconhistory@2x.png
  artifactKey: Guid(50d1ea51731fa43db9ce0ec4fe5f0b07) Importer(2089858483,b0f066a214c2f5e87bad3c948f4d605d)
Start importing Packages/com.unity.collab-proxy/Editor/Assets/Images/d_iconhistory@2x.png using Guid(50d1ea51731fa43db9ce0ec4fe5f0b07) Importer(2089858483,b0f066a214c2f5e87bad3c948f4d605d) (ScriptedImporter) -> (artifact id: 'f9d032b1dd438c625494f504e55ab313') in 0.0123498 seconds
Number of updated asset objects reloaded before import = 0Number of asset objects unloaded after import = 3

========================================================================
Received Import Request.
  Time since last request: 0.000025 seconds.
  path: Packages/com.unity.collab-proxy/Editor/Assets/Images/d_inclusionrule.png
  artifactKey: Guid(05ba7199286b24c6ca7441e2c454f5c3) Importer(2089858483,b0f066a214c2f5e87bad3c948f4d605d)
Start importing Packages/com.unity.collab-proxy/Editor/Assets/Images/d_inclusionrule.png using Guid(05ba7199286b24c6ca7441e2c454f5c3) Importer(2089858483,b0f066a214c2f5e87bad3c948f4d605d) (ScriptedImporter) -> (artifact id: '95c83ff5f2eaf02bf00073ebef240ef5') in 0.0243906 seconds
Number of updated asset objects reloaded before import = 0Number of asset objects unloaded after import = 3

========================================================================
Received Import Request.
  Time since last request: 0.000016 seconds.
  path: Packages/com.unity.collab-proxy/Editor/Assets/Images/d_RGBABlue.png
  artifactKey: Guid(14e91e4835bce49a0b49a84da2532484) Importer(2089858483,b0f066a214c2f5e87bad3c948f4d605d)
Start importing Packages/com.unity.collab-proxy/Editor/Assets/Images/d_RGBABlue.png using Guid(14e91e4835bce49a0b49a84da2532484) Importer(2089858483,b0f066a214c2f5e87bad3c948f4d605d) (ScriptedImporter) -> (artifact id: '253d1df7029dcc0a0661d51c3078b0bb') in 0.0096237 seconds
Number of updated asset objects reloaded before import = 0Number of asset objects unloaded after import = 3

========================================================================
Received Import Request.
  Time since last request: 0.000018 seconds.
  path: Packages/com.unity.collab-proxy/Editor/Assets/Images/d_step1@2x.png
  artifactKey: Guid(c8a69ecdf54ac8e4b873466605de27ff) Importer(2089858483,b0f066a214c2f5e87bad3c948f4d605d)
Start importing Packages/com.unity.collab-proxy/Editor/Assets/Images/d_step1@2x.png using Guid(c8a69ecdf54ac8e4b873466605de27ff) Importer(2089858483,b0f066a214c2f5e87bad3c948f4d605d) (ScriptedImporter) -> (artifact id: 'faf5e20da1015dad5d111ff43648a0ad') in 0.007456 seconds
Number of updated asset objects reloaded before import = 0Number of asset objects unloaded after import = 1

========================================================================
Received Import Request.
  Time since last request: 0.000017 seconds.
  path: Packages/com.unity.collab-proxy/Editor/Assets/Images/icondeletedremoteoverlay@2x.png
  artifactKey: Guid(d5c3277b1dbad9448b46c2ec87a2cef8) Importer(2089858483,b0f066a214c2f5e87bad3c948f4d605d)
Start importing Packages/com.unity.collab-proxy/Editor/Assets/Images/icondeletedremoteoverlay@2x.png using Guid(d5c3277b1dbad9448b46c2ec87a2cef8) Importer(2089858483,b0f066a214c2f5e87bad3c948f4d605d) (ScriptedImporter) -> (artifact id: 'dcb69e57900657f63f2ad8303bf02830') in 0.0087173 seconds
Number of updated asset objects reloaded before import = 0Number of asset objects unloaded after import = 1

========================================================================
Received Import Request.
  Time since last request: 0.000024 seconds.
  path: Packages/com.unity.collab-proxy/Editor/Assets/Images/iconbranch@2x.png
  artifactKey: Guid(425970578f3342a43b40545d1ac8a25d) Importer(2089858483,b0f066a214c2f5e87bad3c948f4d605d)
Start importing Packages/com.unity.collab-proxy/Editor/Assets/Images/iconbranch@2x.png using Guid(425970578f3342a43b40545d1ac8a25d) Importer(2089858483,b0f066a214c2f5e87bad3c948f4d605d) (ScriptedImporter) -> (artifact id: '3f8435204a26b4aca83cdcceeb9cbffd') in 0.0112318 seconds
Number of updated asset objects reloaded before import = 0Number of asset objects unloaded after import = 3

========================================================================
Received Import Request.
  Time since last request: 0.000018 seconds.
  path: Packages/com.unity.collab-proxy/Editor/Assets/Images/d_iconundo.png
  artifactKey: Guid(691dc543ff5b9ca44bf846657ba04161) Importer(2089858483,b0f066a214c2f5e87bad3c948f4d605d)
Start importing Packages/com.unity.collab-proxy/Editor/Assets/Images/d_iconundo.png using Guid(691dc543ff5b9ca44bf846657ba04161) Importer(2089858483,b0f066a214c2f5e87bad3c948f4d605d) (ScriptedImporter) -> (artifact id: 'ded8dd2e74f75c7fb54b80316c46d072') in 0.0073741 seconds
Number of updated asset objects reloaded before import = 0Number of asset objects unloaded after import = 1

========================================================================
Received Import Request.
  Time since last request: 0.000023 seconds.
  path: Packages/com.unity.collab-proxy/Editor/Assets/Images/d_iconedit@2x.png
  artifactKey: Guid(a36e66e044a5fd94ca570351917c6bda) Importer(2089858483,b0f066a214c2f5e87bad3c948f4d605d)
Start importing Packages/com.unity.collab-proxy/Editor/Assets/Images/d_iconedit@2x.png using Guid(a36e66e044a5fd94ca570351917c6bda) Importer(2089858483,b0f066a214c2f5e87bad3c948f4d605d) (ScriptedImporter) -> (artifact id: '17709a0567bf7c962234c70fc39e98f7') in 0.0085449 seconds
Number of updated asset objects reloaded before import = 0Number of asset objects unloaded after import = 3

========================================================================
Received Import Request.
  Time since last request: 0.000017 seconds.
  path: Packages/com.unity.collab-proxy/Editor/Assets/Images/iconbrex@2x.png
  artifactKey: Guid(ab97695f01bc84c4b93e8440531417e7) Importer(2089858483,b0f066a214c2f5e87bad3c948f4d605d)
Start importing Packages/com.unity.collab-proxy/Editor/Assets/Images/iconbrex@2x.png using Guid(ab97695f01bc84c4b93e8440531417e7) Importer(2089858483,b0f066a214c2f5e87bad3c948f4d605d) (ScriptedImporter) -> (artifact id: '15c00efecf2fb22eabafd325d4cbdd8a') in 0.0113217 seconds
Number of updated asset objects reloaded before import = 0Number of asset objects unloaded after import = 3

========================================================================
Received Import Request.
  Time since last request: 0.000018 seconds.
  path: Packages/com.unity.collab-proxy/Editor/Assets/Images/iconchangesets@2x.png
  artifactKey: Guid(59d17703fae374169bc28ce046728590) Importer(2089858483,b0f066a214c2f5e87bad3c948f4d605d)
Start importing Packages/com.unity.collab-proxy/Editor/Assets/Images/iconchangesets@2x.png using Guid(59d17703fae374169bc28ce046728590) Importer(2089858483,b0f066a214c2f5e87bad3c948f4d605d) (ScriptedImporter) -> (artifact id: '787946db6619a43b9ab29bd0dc5b352e') in 0.010306 seconds
Number of updated asset objects reloaded before import = 0Number of asset objects unloaded after import = 3

========================================================================
Received Import Request.
  Time since last request: 0.000025 seconds.
  path: Packages/com.unity.collab-proxy/Editor/Assets/Images/d_iconnext@2x.png
  artifactKey: Guid(3cf3224ba1fae41148f493488b5ac83e) Importer(2089858483,b0f066a214c2f5e87bad3c948f4d605d)
Start importing Packages/com.unity.collab-proxy/Editor/Assets/Images/d_iconnext@2x.png using Guid(3cf3224ba1fae41148f493488b5ac83e) Importer(2089858483,b0f066a214c2f5e87bad3c948f4d605d) (ScriptedImporter) -> (artifact id: 'e878905cd485273c9fc24816941479b8') in 0.0102794 seconds
Number of updated asset objects reloaded before import = 0Number of asset objects unloaded after import = 3

========================================================================
Received Import Request.
  Time since last request: 0.000014 seconds.
  path: Packages/com.unity.collab-proxy/Editor/Assets/Images/d_RGBAAll.png
  artifactKey: Guid(074c5a73ef68b42feb9b39c318715bc8) Importer(2089858483,b0f066a214c2f5e87bad3c948f4d605d)
Start importing Packages/com.unity.collab-proxy/Editor/Assets/Images/d_RGBAAll.png using Guid(074c5a73ef68b42feb9b39c318715bc8) Importer(2089858483,b0f066a214c2f5e87bad3c948f4d605d) (ScriptedImporter) -> (artifact id: '93270e894651ea59acd40f58d813c130') in 0.0106325 seconds
Number of updated asset objects reloaded before import = 0Number of asset objects unloaded after import = 3

========================================================================
Received Import Request.
  Time since last request: 0.000015 seconds.
  path: Packages/com.unity.collab-proxy/Editor/Assets/Images/d_step3.png
  artifactKey: Guid(46930b20180b59e46b73494adf53abbb) Importer(2089858483,b0f066a214c2f5e87bad3c948f4d605d)
Start importing Packages/com.unity.collab-proxy/Editor/Assets/Images/d_step3.png using Guid(46930b20180b59e46b73494adf53abbb) Importer(2089858483,b0f066a214c2f5e87bad3c948f4d605d) (ScriptedImporter) -> (artifact id: 'd0ebc6b465e53c6168a4691f8d423806') in 0.0076584 seconds
Number of updated asset objects reloaded before import = 0Number of asset objects unloaded after import = 1

========================================================================
Received Import Request.
  Time since last request: 0.000018 seconds.
  path: Packages/com.unity.collab-proxy/Editor/Assets/Images/d_iconlockretained@2x.png
  artifactKey: Guid(20647d71003f8e34685b1972b30dbd2b) Importer(2089858483,b0f066a214c2f5e87bad3c948f4d605d)
Start importing Packages/com.unity.collab-proxy/Editor/Assets/Images/d_iconlockretained@2x.png using Guid(20647d71003f8e34685b1972b30dbd2b) Importer(2089858483,b0f066a214c2f5e87bad3c948f4d605d) (ScriptedImporter) -> (artifact id: 'e17580248d598e9de272f5ee5b2c15a8') in 0.0092434 seconds
Number of updated asset objects reloaded before import = 0Number of asset objects unloaded after import = 3

========================================================================
Received Import Request.
  Time since last request: 0.000023 seconds.
  path: Packages/com.unity.collab-proxy/Editor/Assets/Images/iconarrowdown.png
  artifactKey: Guid(6f11428fb25804d439c7d1c42803828a) Importer(2089858483,b0f066a214c2f5e87bad3c948f4d605d)
Start importing Packages/com.unity.collab-proxy/Editor/Assets/Images/iconarrowdown.png using Guid(6f11428fb25804d439c7d1c42803828a) Importer(2089858483,b0f066a214c2f5e87bad3c948f4d605d) (ScriptedImporter) -> (artifact id: '74900e0c82633346b7930ea0f6dac577') in 0.0137849 seconds
Number of updated asset objects reloaded before import = 0Number of asset objects unloaded after import = 3

========================================================================
Received Import Request.
  Time since last request: 0.000026 seconds.
  path: Packages/com.unity.collab-proxy/Editor/Assets/Images/iconconflicted@2x.png
  artifactKey: Guid(f95f697d66d238446b1ab717def09945) Importer(2089858483,b0f066a214c2f5e87bad3c948f4d605d)
Start importing Packages/com.unity.collab-proxy/Editor/Assets/Images/iconconflicted@2x.png using Guid(f95f697d66d238446b1ab717def09945) Importer(2089858483,b0f066a214c2f5e87bad3c948f4d605d) (ScriptedImporter) -> (artifact id: 'bc13d6db1ed348421ccef6fde95f06ce') in 0.0262068 seconds
Number of updated asset objects reloaded before import = 0Number of asset objects unloaded after import = 1

========================================================================
Received Import Request.
  Time since last request: 0.000018 seconds.
  path: Packages/com.unity.collab-proxy/Editor/Assets/Images/d_iconlast.png
  artifactKey: Guid(a9cec377658c44e5ba06fde05976bee6) Importer(2089858483,b0f066a214c2f5e87bad3c948f4d605d)
Start importing Packages/com.unity.collab-proxy/Editor/Assets/Images/d_iconlast.png using Guid(a9cec377658c44e5ba06fde05976bee6) Importer(2089858483,b0f066a214c2f5e87bad3c948f4d605d) (ScriptedImporter) -> (artifact id: '2f8a5b798887c7b0cb565722d1af0ad1') in 0.008881 seconds
Number of updated asset objects reloaded before import = 0Number of asset objects unloaded after import = 3

========================================================================
Received Import Request.
  Time since last request: 0.000018 seconds.
  path: Packages/com.unity.collab-proxy/Editor/Assets/Images/d_iconoriginalsize@2x.png
  artifactKey: Guid(39ea418026f63417da6b3e259222f850) Importer(2089858483,b0f066a214c2f5e87bad3c948f4d605d)
Start importing Packages/com.unity.collab-proxy/Editor/Assets/Images/d_iconoriginalsize@2x.png using Guid(39ea418026f63417da6b3e259222f850) Importer(2089858483,b0f066a214c2f5e87bad3c948f4d605d) (ScriptedImporter) -> (artifact id: 'b087a5bc0b42225be6560c531fc4c5b0') in 0.0079193 seconds
Number of updated asset objects reloaded before import = 0Number of asset objects unloaded after import = 3

========================================================================
Received Import Request.
  Time since last request: 0.000017 seconds.
  path: Packages/com.unity.collab-proxy/Editor/Assets/Images/d_RGBAAll@2x.png
  artifactKey: Guid(639dd667694184004a6f47c95ff5594b) Importer(2089858483,b0f066a214c2f5e87bad3c948f4d605d)
Start importing Packages/com.unity.collab-proxy/Editor/Assets/Images/d_RGBAAll@2x.png using Guid(639dd667694184004a6f47c95ff5594b) Importer(2089858483,b0f066a214c2f5e87bad3c948f4d605d) (ScriptedImporter) -> (artifact id: 'a7e6694321972d74dbd7e00bf6e0d20a') in 0.0116934 seconds
Number of updated asset objects reloaded before import = 0Number of asset objects unloaded after import = 3

========================================================================
Received Import Request.
  Time since last request: 0.000021 seconds.
  path: Packages/com.unity.collab-proxy/Editor/Assets/Images/iconconflictedoverlay@2x.png
  artifactKey: Guid(5679a74364f6b4440ab7e7aed55cd95e) Importer(2089858483,b0f066a214c2f5e87bad3c948f4d605d)
Start importing Packages/com.unity.collab-proxy/Editor/Assets/Images/iconconflictedoverlay@2x.png using Guid(5679a74364f6b4440ab7e7aed55cd95e) Importer(2089858483,b0f066a214c2f5e87bad3c948f4d605d) (ScriptedImporter) -> (artifact id: '1bf45751ceef28942ce5345fcb48ace0') in 0.0092027 seconds
Number of updated asset objects reloaded before import = 0Number of asset objects unloaded after import = 1

========================================================================
Received Import Request.
  Time since last request: 0.000024 seconds.
  path: Packages/com.unity.collab-proxy/Editor/Assets/Images/d_secondarytabclosehover.png
  artifactKey: Guid(6a9d211bea1bc4a429d86cbb2d0b0a3e) Importer(2089858483,b0f066a214c2f5e87bad3c948f4d605d)
Start importing Packages/com.unity.collab-proxy/Editor/Assets/Images/d_secondarytabclosehover.png using Guid(6a9d211bea1bc4a429d86cbb2d0b0a3e) Importer(2089858483,b0f066a214c2f5e87bad3c948f4d605d) (ScriptedImporter) -> (artifact id: '5158692c0b748fc07c512f4dbf1a79fc') in 0.0083819 seconds
Number of updated asset objects reloaded before import = 0Number of asset objects unloaded after import = 1

========================================================================
Received Import Request.
  Time since last request: 0.000017 seconds.
  path: Packages/com.unity.collab-proxy/Editor/Assets/Images/d_iconlock.png
  artifactKey: Guid(f7adc828ed70a485db62c459bdf09525) Importer(2089858483,b0f066a214c2f5e87bad3c948f4d605d)
Start importing Packages/com.unity.collab-proxy/Editor/Assets/Images/d_iconlock.png using Guid(f7adc828ed70a485db62c459bdf09525) Importer(2089858483,b0f066a214c2f5e87bad3c948f4d605d) (ScriptedImporter) -> (artifact id: '2909890ccd191b73903a854876aaceb8') in 0.0100745 seconds
Number of updated asset objects reloaded before import = 0Number of asset objects unloaded after import = 3

========================================================================
Received Import Request.
  Time since last request: 0.000018 seconds.
  path: Packages/com.unity.collab-proxy/Editor/Assets/Images/d_iconpendingchanges@2x.png
  artifactKey: Guid(68302c8c48e3cee4aad72dbbf7894781) Importer(2089858483,b0f066a214c2f5e87bad3c948f4d605d)
Start importing Packages/com.unity.collab-proxy/Editor/Assets/Images/d_iconpendingchanges@2x.png using Guid(68302c8c48e3cee4aad72dbbf7894781) Importer(2089858483,b0f066a214c2f5e87bad3c948f4d605d) (ScriptedImporter) -> (artifact id: '22c8bc1b122b93c3fc48d0180ddd24f4') in 0.0090594 seconds
Number of updated asset objects reloaded before import = 0Number of asset objects unloaded after import = 3

========================================================================
Received Import Request.
  Time since last request: 0.000019 seconds.
  path: Packages/com.unity.collab-proxy/Editor/Assets/Images/icondeletedlocaloverlay.png
  artifactKey: Guid(cd221d2235472c94491e607ae42942dd) Importer(2089858483,b0f066a214c2f5e87bad3c948f4d605d)
Start importing Packages/com.unity.collab-proxy/Editor/Assets/Images/icondeletedlocaloverlay.png using Guid(cd221d2235472c94491e607ae42942dd) Importer(2089858483,b0f066a214c2f5e87bad3c948f4d605d) (ScriptedImporter) -> (artifact id: '00362a4618d07a5af26d980850ecee64') in 0.0104622 seconds
Number of updated asset objects reloaded before import = 0Number of asset objects unloaded after import = 3

========================================================================
Received Import Request.
  Time since last request: 0.000023 seconds.
  path: Packages/com.unity.collab-proxy/Editor/Assets/Images/d_iconrepository@2x.png
  artifactKey: Guid(36564eb85f1bdf2409df96325231cb6c) Importer(2089858483,b0f066a214c2f5e87bad3c948f4d605d)
Start importing Packages/com.unity.collab-proxy/Editor/Assets/Images/d_iconrepository@2x.png using Guid(36564eb85f1bdf2409df96325231cb6c) Importer(2089858483,b0f066a214c2f5e87bad3c948f4d605d) (ScriptedImporter) -> (artifact id: '86d28db9e70a96e9dc1bc188f8f19567') in 0.01107 seconds
Number of updated asset objects reloaded before import = 0Number of asset objects unloaded after import = 3

========================================================================
Received Import Request.
  Time since last request: 0.000027 seconds.
  path: Packages/com.unity.collab-proxy/Editor/Assets/Images/hideversioncontrol@2x.png
  artifactKey: Guid(fbfdd7d489e0bd54f946ebc8e19db8bd) Importer(2089858483,b0f066a214c2f5e87bad3c948f4d605d)
Start importing Packages/com.unity.collab-proxy/Editor/Assets/Images/hideversioncontrol@2x.png using Guid(fbfdd7d489e0bd54f946ebc8e19db8bd) Importer(2089858483,b0f066a214c2f5e87bad3c948f4d605d) (ScriptedImporter) -> (artifact id: 'a260e84d8a50a940d52daf564286b9c3') in 0.0082906 seconds
Number of updated asset objects reloaded before import = 0Number of asset objects unloaded after import = 3

========================================================================
Received Import Request.
  Time since last request: 0.000018 seconds.
  path: Packages/com.unity.collab-proxy/Editor/Assets/Images/icondeletedremoteoverlay.png
  artifactKey: Guid(092347b12f348a6439e85218cd291ea2) Importer(2089858483,b0f066a214c2f5e87bad3c948f4d605d)
Start importing Packages/com.unity.collab-proxy/Editor/Assets/Images/icondeletedremoteoverlay.png using Guid(092347b12f348a6439e85218cd291ea2) Importer(2089858483,b0f066a214c2f5e87bad3c948f4d605d) (ScriptedImporter) -> (artifact id: 'c47b49c502f0a6bc776efd7a79e10eec') in 0.0087758 seconds
Number of updated asset objects reloaded before import = 0Number of asset objects unloaded after import = 3

========================================================================
Received Import Request.
  Time since last request: 0.000044 seconds.
  path: Packages/com.unity.collab-proxy/Editor/Assets/Images/iconaddedoverlay@2x.png
  artifactKey: Guid(74ef721fef79c44489d4e3edb0ab0c01) Importer(2089858483,b0f066a214c2f5e87bad3c948f4d605d)
Start importing Packages/com.unity.collab-proxy/Editor/Assets/Images/iconaddedoverlay@2x.png using Guid(74ef721fef79c44489d4e3edb0ab0c01) Importer(2089858483,b0f066a214c2f5e87bad3c948f4d605d) (ScriptedImporter) -> (artifact id: '7f5805d7c1c8bec3debfb08763beda7e') in 0.0100851 seconds
Number of updated asset objects reloaded before import = 0Number of asset objects unloaded after import = 1

========================================================================
Received Import Request.
  Time since last request: 0.000022 seconds.
  path: Packages/com.unity.collab-proxy/Editor/Assets/Images/iconconflictresolvedoverlay@2x.png
  artifactKey: Guid(309b1d5a294fd6c43ae9cf77656c1852) Importer(2089858483,b0f066a214c2f5e87bad3c948f4d605d)
Start importing Packages/com.unity.collab-proxy/Editor/Assets/Images/iconconflictresolvedoverlay@2x.png using Guid(309b1d5a294fd6c43ae9cf77656c1852) Importer(2089858483,b0f066a214c2f5e87bad3c948f4d605d) (ScriptedImporter) -> (artifact id: 'a4e8f3ce9992e3c2555accd89cece694') in 0.00822 seconds
Number of updated asset objects reloaded before import = 0Number of asset objects unloaded after import = 1

========================================================================
Received Import Request.
  Time since last request: 1.077898 seconds.
  path: Packages/com.unity.collab-proxy/Editor/Assets/Images/iconedit.png
  artifactKey: Guid(3cbf8d5b4d364724baa11fed1344d029) Importer(2089858483,b0f066a214c2f5e87bad3c948f4d605d)
Start importing Packages/com.unity.collab-proxy/Editor/Assets/Images/iconedit.png using Guid(3cbf8d5b4d364724baa11fed1344d029) Importer(2089858483,b0f066a214c2f5e87bad3c948f4d605d) (ScriptedImporter) -> (artifact id: 'f4dffe957cfd16c5d1900db115876633') in 0.0305041 seconds
Number of updated asset objects reloaded before import = 0Number of asset objects unloaded after import = 3

========================================================================
Received Import Request.
  Time since last request: 0.000017 seconds.
  path: Packages/com.unity.collab-proxy/Editor/Assets/Images/loading@2x.png
  artifactKey: Guid(5dbc069eb79bd4d43840847264d6d956) Importer(2089858483,b0f066a214c2f5e87bad3c948f4d605d)
Start importing Packages/com.unity.collab-proxy/Editor/Assets/Images/loading@2x.png using Guid(5dbc069eb79bd4d43840847264d6d956) Importer(2089858483,b0f066a214c2f5e87bad3c948f4d605d) (ScriptedImporter) -> (artifact id: 'dedc28d0b3e33e7657e6be495277e53d') in 0.0087748 seconds
Number of updated asset objects reloaded before import = 0Number of asset objects unloaded after import = 1

========================================================================
Received Import Request.
  Time since last request: 0.000031 seconds.
  path: Packages/com.unity.collab-proxy/Editor/Assets/Layouts/TeamEditionConfigurationWindow.uxml
  artifactKey: Guid(26d3a583da6079145a52a8bef4beb6c5) Importer(2089858483,b0f066a214c2f5e87bad3c948f4d605d)
Start importing Packages/com.unity.collab-proxy/Editor/Assets/Layouts/TeamEditionConfigurationWindow.uxml using Guid(26d3a583da6079145a52a8bef4beb6c5) Importer(2089858483,b0f066a214c2f5e87bad3c948f4d605d) (ScriptedImporter) -> (artifact id: '9b13befddc09987011ac31a5d2d0b74b') in 0.0193984 seconds
Number of updated asset objects reloaded before import = 0Number of asset objects unloaded after import = 2

========================================================================
Received Import Request.
  Time since last request: 0.000029 seconds.
  path: Packages/com.unity.collab-proxy/Editor/Assets/Styles/WaitingSignInPanel.uss
  artifactKey: Guid(90945345530e7174eb4f0575a0bec0bf) Importer(2089858483,b0f066a214c2f5e87bad3c948f4d605d)
Start importing Packages/com.unity.collab-proxy/Editor/Assets/Styles/WaitingSignInPanel.uss using Guid(90945345530e7174eb4f0575a0bec0bf) Importer(2089858483,b0f066a214c2f5e87bad3c948f4d605d) (ScriptedImporter) -> (artifact id: 'a14e702c9ae77648f9c1d249e59b61d3') in 0.0129278 seconds
Number of updated asset objects reloaded before import = 0Number of asset objects unloaded after import = 2

========================================================================
Received Import Request.
  Time since last request: 0.000018 seconds.
  path: Packages/com.unity.collab-proxy/Editor/Assets/Images/iconlabel.png
  artifactKey: Guid(42540fa3b3cef1340bebdf077d0e2030) Importer(2089858483,b0f066a214c2f5e87bad3c948f4d605d)
Start importing Packages/com.unity.collab-proxy/Editor/Assets/Images/iconlabel.png using Guid(42540fa3b3cef1340bebdf077d0e2030) Importer(2089858483,b0f066a214c2f5e87bad3c948f4d605d) (ScriptedImporter) -> (artifact id: '6e328bdb794cd576cc21c88913d6c7dd') in 0.0119741 seconds
Number of updated asset objects reloaded before import = 0Number of asset objects unloaded after import = 3

========================================================================
Received Import Request.
  Time since last request: 0.000016 seconds.
  path: Packages/com.unity.collab-proxy/Editor/Assets/Layouts/OrganizationPanel.uxml
  artifactKey: Guid(b6420407edc75d04f89d57eb2fcc314b) Importer(2089858483,b0f066a214c2f5e87bad3c948f4d605d)
Start importing Packages/com.unity.collab-proxy/Editor/Assets/Layouts/OrganizationPanel.uxml using Guid(b6420407edc75d04f89d57eb2fcc314b) Importer(2089858483,b0f066a214c2f5e87bad3c948f4d605d) (ScriptedImporter) -> (artifact id: '07e127386531cb6d16178890797e6e80') in 0.0099826 seconds
Number of updated asset objects reloaded before import = 0Number of asset objects unloaded after import = 2

========================================================================
Received Import Request.
  Time since last request: 0.000014 seconds.
  path: Packages/com.unity.collab-proxy/Editor/Assets/Images/step3@2x.png
  artifactKey: Guid(36e6970b84831434a9eac79abd03700b) Importer(2089858483,b0f066a214c2f5e87bad3c948f4d605d)
Start importing Packages/com.unity.collab-proxy/Editor/Assets/Images/step3@2x.png using Guid(36e6970b84831434a9eac79abd03700b) Importer(2089858483,b0f066a214c2f5e87bad3c948f4d605d) (ScriptedImporter) -> (artifact id: '381f071313e9692fba42cce93487344e') in 0.0098314 seconds
Number of updated asset objects reloaded before import = 0Number of asset objects unloaded after import = 1

========================================================================
Received Import Request.
  Time since last request: 0.000018 seconds.
  path: Packages/com.unity.collab-proxy/Editor/Assets/Images/secondarytabclosehover.png
  artifactKey: Guid(8fac55fff4ce5fa40a7b2efefc0e617a) Importer(2089858483,b0f066a214c2f5e87bad3c948f4d605d)
Start importing Packages/com.unity.collab-proxy/Editor/Assets/Images/secondarytabclosehover.png using Guid(8fac55fff4ce5fa40a7b2efefc0e617a) Importer(2089858483,b0f066a214c2f5e87bad3c948f4d605d) (ScriptedImporter) -> (artifact id: '991a8a6e77a3e83d89099e52babcdd69') in 0.0078254 seconds
Number of updated asset objects reloaded before import = 0Number of asset objects unloaded after import = 1

========================================================================
Received Import Request.
  Time since last request: 0.000023 seconds.
  path: Packages/com.unity.collab-proxy/Editor/Assets/Images/iconlabel@2x.png
  artifactKey: Guid(c8396bd7e257d6b4b8d1d72fdb7a2684) Importer(2089858483,b0f066a214c2f5e87bad3c948f4d605d)
Start importing Packages/com.unity.collab-proxy/Editor/Assets/Images/iconlabel@2x.png using Guid(c8396bd7e257d6b4b8d1d72fdb7a2684) Importer(2089858483,b0f066a214c2f5e87bad3c948f4d605d) (ScriptedImporter) -> (artifact id: '999e642ba730796805459f9dc5e881f8') in 0.0096888 seconds
Number of updated asset objects reloaded before import = 0Number of asset objects unloaded after import = 3

========================================================================
Received Import Request.
  Time since last request: 0.000013 seconds.
  path: Packages/com.unity.collab-proxy/Editor/Assets/Images/iconpendingchanges@2x.png
  artifactKey: Guid(232fe04bebe5e904bb0568e685bd32a6) Importer(2089858483,b0f066a214c2f5e87bad3c948f4d605d)
Start importing Packages/com.unity.collab-proxy/Editor/Assets/Images/iconpendingchanges@2x.png using Guid(232fe04bebe5e904bb0568e685bd32a6) Importer(2089858483,b0f066a214c2f5e87bad3c948f4d605d) (ScriptedImporter) -> (artifact id: '574a7aeecac95490702df9cfc661b068') in 0.0110929 seconds
Number of updated asset objects reloaded before import = 0Number of asset objects unloaded after import = 3

========================================================================
Received Import Request.
  Time since last request: 0.000015 seconds.
  path: Packages/com.unity.collab-proxy/Editor/CodeEditor/Document/OffsetChangeMap.cs
  artifactKey: Guid(c75b18825b89d4e2485182ab4ea5ddda) Importer(2089858483,b0f066a214c2f5e87bad3c948f4d605d)
Start importing Packages/com.unity.collab-proxy/Editor/CodeEditor/Document/OffsetChangeMap.cs using Guid(c75b18825b89d4e2485182ab4ea5ddda) Importer(2089858483,b0f066a214c2f5e87bad3c948f4d605d) (ScriptedImporter) -> (artifact id: '5e71aef7eb4f482d4e82e0faaa8898ed') in 0.0065085 seconds
Number of updated asset objects reloaded before import = 0Number of asset objects unloaded after import = 0

========================================================================
Received Import Request.
  Time since last request: 0.000014 seconds.
  path: Packages/com.unity.collab-proxy/Editor/Assets/Layouts/SignInWithEmailPanel.uxml
  artifactKey: Guid(0229db2477529f049aa3683cfba9d23b) Importer(2089858483,b0f066a214c2f5e87bad3c948f4d605d)
Start importing Packages/com.unity.collab-proxy/Editor/Assets/Layouts/SignInWithEmailPanel.uxml using Guid(0229db2477529f049aa3683cfba9d23b) Importer(2089858483,b0f066a214c2f5e87bad3c948f4d605d) (ScriptedImporter) -> (artifact id: '06e6c94185eaefe5779e471d18b67202') in 0.0077949 seconds
Number of updated asset objects reloaded before import = 0Number of asset objects unloaded after import = 2

========================================================================
Received Import Request.
  Time since last request: 0.000017 seconds.
  path: Packages/com.unity.collab-proxy/Editor/CodeEditor/Editing/SelectionLayer.cs
  artifactKey: Guid(e474d6ad70f144ef80492c464c2e8d4c) Importer(2089858483,b0f066a214c2f5e87bad3c948f4d605d)
Start importing Packages/com.unity.collab-proxy/Editor/CodeEditor/Editing/SelectionLayer.cs using Guid(e474d6ad70f144ef80492c464c2e8d4c) Importer(2089858483,b0f066a214c2f5e87bad3c948f4d605d) (ScriptedImporter) -> (artifact id: 'e213b433715d168d9f7b0c0a7ff3d649') in 0.003605 seconds
Number of updated asset objects reloaded before import = 0Number of asset objects unloaded after import = 0

========================================================================
Received Import Request.
  Time since last request: 0.000027 seconds.
  path: Packages/com.unity.collab-proxy/Editor/Assets/Images/iconlockedremoteoverlay@2x.png
  artifactKey: Guid(f73a7d8758d7be04588b15637d94b5a8) Importer(2089858483,b0f066a214c2f5e87bad3c948f4d605d)
Start importing Packages/com.unity.collab-proxy/Editor/Assets/Images/iconlockedremoteoverlay@2x.png using Guid(f73a7d8758d7be04588b15637d94b5a8) Importer(2089858483,b0f066a214c2f5e87bad3c948f4d605d) (ScriptedImporter) -> (artifact id: '15ebe3bf26532ed96d751b3e9ee417fd') in 0.0098488 seconds
Number of updated asset objects reloaded before import = 0Number of asset objects unloaded after import = 1

========================================================================
Received Import Request.
  Time since last request: 0.000022 seconds.
  path: Packages/com.unity.collab-proxy/Editor/CodeEditor/Document/ITextAnchor.cs
  artifactKey: Guid(1cb83927eaf714ec9ad8234a784bb1a9) Importer(2089858483,b0f066a214c2f5e87bad3c948f4d605d)
Start importing Packages/com.unity.collab-proxy/Editor/CodeEditor/Document/ITextAnchor.cs using Guid(1cb83927eaf714ec9ad8234a784bb1a9) Importer(2089858483,b0f066a214c2f5e87bad3c948f4d605d) (ScriptedImporter) -> (artifact id: 'c6010b2b4c4ba617dad258081453b776') in 0.005126 seconds
Number of updated asset objects reloaded before import = 0Number of asset objects unloaded after import = 0

========================================================================
Received Import Request.
  Time since last request: 0.000017 seconds.
  path: Packages/com.unity.collab-proxy/Editor/Assets/Images/iconçlast@2x.png
  artifactKey: Guid(93298c6fcbff047f8aca0c4c8420f143) Importer(2089858483,b0f066a214c2f5e87bad3c948f4d605d)
Start importing Packages/com.unity.collab-proxy/Editor/Assets/Images/iconçlast@2x.png using Guid(93298c6fcbff047f8aca0c4c8420f143) Importer(2089858483,b0f066a214c2f5e87bad3c948f4d605d) (ScriptedImporter) -> (artifact id: '8d1a7d1ff0d615c7c0dd46e0a28f117f') in 0.0120102 seconds
Number of updated asset objects reloaded before import = 0Number of asset objects unloaded after import = 3

========================================================================
Received Import Request.
  Time since last request: 0.000018 seconds.
  path: Packages/com.unity.collab-proxy/Editor/Assets/Images/iconignoredoverlay.png
  artifactKey: Guid(52a825037e457964f9c91a99d4522f14) Importer(2089858483,b0f066a214c2f5e87bad3c948f4d605d)
Start importing Packages/com.unity.collab-proxy/Editor/Assets/Images/iconignoredoverlay.png using Guid(52a825037e457964f9c91a99d4522f14) Importer(2089858483,b0f066a214c2f5e87bad3c948f4d605d) (ScriptedImporter) -> (artifact id: '5001b1356896b536ee9f4a51a64900f7') in 0.0098444 seconds
Number of updated asset objects reloaded before import = 0Number of asset objects unloaded after import = 3

========================================================================
Received Import Request.
  Time since last request: 0.000023 seconds.
  path: Packages/com.unity.collab-proxy/Editor/Assets/Images/secondarytabclose.png
  artifactKey: Guid(03cefa94d5aa9d74993fb2138af9d607) Importer(2089858483,b0f066a214c2f5e87bad3c948f4d605d)
Start importing Packages/com.unity.collab-proxy/Editor/Assets/Images/secondarytabclose.png using Guid(03cefa94d5aa9d74993fb2138af9d607) Importer(2089858483,b0f066a214c2f5e87bad3c948f4d605d) (ScriptedImporter) -> (artifact id: '1a32916a4e321e4e6f136384a3612aab') in 0.0095599 seconds
Number of updated asset objects reloaded before import = 0Number of asset objects unloaded after import = 1

========================================================================
Received Import Request.
  Time since last request: 0.000027 seconds.
  path: Packages/com.unity.collab-proxy/Editor/CloudDrive/Welcome/WelcomeView.cs
  artifactKey: Guid(c0819a043e0c64a4780ca8ab3c311d07) Importer(2089858483,b0f066a214c2f5e87bad3c948f4d605d)
Start importing Packages/com.unity.collab-proxy/Editor/CloudDrive/Welcome/WelcomeView.cs using Guid(c0819a043e0c64a4780ca8ab3c311d07) Importer(2089858483,b0f066a214c2f5e87bad3c948f4d605d) (ScriptedImporter) -> (artifact id: 'ea91e14274663646b784229fe7f1681c') in 0.0083133 seconds
Number of updated asset objects reloaded before import = 0Number of asset objects unloaded after import = 0

========================================================================
Received Import Request.
  Time since last request: 0.000016 seconds.
  path: Packages/com.unity.collab-proxy/Editor/Assets/Images/stepok@2x.png
  artifactKey: Guid(be340a165cb9c8d4cb50f1deeb51d4ea) Importer(2089858483,b0f066a214c2f5e87bad3c948f4d605d)
Start importing Packages/com.unity.collab-proxy/Editor/Assets/Images/stepok@2x.png using Guid(be340a165cb9c8d4cb50f1deeb51d4ea) Importer(2089858483,b0f066a214c2f5e87bad3c948f4d605d) (ScriptedImporter) -> (artifact id: '82eb54b8fcf92aa0f09284647f4a4601') in 0.0088036 seconds
Number of updated asset objects reloaded before import = 0Number of asset objects unloaded after import = 1

========================================================================
Received Import Request.
  Time since last request: 0.000017 seconds.
  path: Packages/com.unity.collab-proxy/Editor/Assistant/Tools/DiffTools.cs
  artifactKey: Guid(b1a0cd79ba7574b54829e9268cf8879c) Importer(2089858483,b0f066a214c2f5e87bad3c948f4d605d)
Start importing Packages/com.unity.collab-proxy/Editor/Assistant/Tools/DiffTools.cs using Guid(b1a0cd79ba7574b54829e9268cf8879c) Importer(2089858483,b0f066a214c2f5e87bad3c948f4d605d) (ScriptedImporter) -> (artifact id: 'd62e471c521d490eb810e08f5f1d2dba') in 0.00395 seconds
Number of updated asset objects reloaded before import = 0Number of asset objects unloaded after import = 0

========================================================================
Received Import Request.
  Time since last request: 0.000015 seconds.
  path: Packages/com.unity.collab-proxy/Editor/Assets/Layouts/WaitingSignInPanel.uxml
  artifactKey: Guid(913c727eecab25c489fa2adbad9c9ab8) Importer(2089858483,b0f066a214c2f5e87bad3c948f4d605d)
Start importing Packages/com.unity.collab-proxy/Editor/Assets/Layouts/WaitingSignInPanel.uxml using Guid(913c727eecab25c489fa2adbad9c9ab8) Importer(2089858483,b0f066a214c2f5e87bad3c948f4d605d) (ScriptedImporter) -> (artifact id: 'a7c49cf4837a91b53939bd1233a23d87') in 0.0074994 seconds
Number of updated asset objects reloaded before import = 0Number of asset objects unloaded after import = 2

========================================================================
Received Import Request.
  Time since last request: 0.000017 seconds.
  path: Packages/com.unity.collab-proxy/Editor/CodeEditor/Editing/Caret.cs
  artifactKey: Guid(45287be3ac9444c08ec6fa91021df881) Importer(2089858483,b0f066a214c2f5e87bad3c948f4d605d)
Start importing Packages/com.unity.collab-proxy/Editor/CodeEditor/Editing/Caret.cs using Guid(45287be3ac9444c08ec6fa91021df881) Importer(2089858483,b0f066a214c2f5e87bad3c948f4d605d) (ScriptedImporter) -> (artifact id: '0e29d9f8d79105838641dfcd64b77772') in 0.0054671 seconds
Number of updated asset objects reloaded before import = 0Number of asset objects unloaded after import = 0

========================================================================
Received Import Request.
  Time since last request: 0.000027 seconds.
  path: Packages/com.unity.collab-proxy/Editor/CodeEditor/Document/WeakLineTracker.cs
  artifactKey: Guid(5ace82b9e549646ee8414b4ac05f7a3c) Importer(2089858483,b0f066a214c2f5e87bad3c948f4d605d)
Start importing Packages/com.unity.collab-proxy/Editor/CodeEditor/Document/WeakLineTracker.cs using Guid(5ace82b9e549646ee8414b4ac05f7a3c) Importer(2089858483,b0f066a214c2f5e87bad3c948f4d605d) (ScriptedImporter) -> (artifact id: '64d470713bf4adfdb8593494097feac1') in 0.0044913 seconds
Number of updated asset objects reloaded before import = 0Number of asset objects unloaded after import = 0

========================================================================
Received Import Request.
  Time since last request: 0.000017 seconds.
  path: Packages/com.unity.collab-proxy/Editor/CloudDrive/ShareWorkspace/ShareWorkspacePanel.cs
  artifactKey: Guid(c368b48e7c623484ba454c98a9734955) Importer(2089858483,b0f066a214c2f5e87bad3c948f4d605d)
Start importing Packages/com.unity.collab-proxy/Editor/CloudDrive/ShareWorkspace/ShareWorkspacePanel.cs using Guid(c368b48e7c623484ba454c98a9734955) Importer(2089858483,b0f066a214c2f5e87bad3c948f4d605d) (ScriptedImporter) -> (artifact id: 'aebf7668624692675b5b104d205f8d79') in 0.0040166 seconds
Number of updated asset objects reloaded before import = 0Number of asset objects unloaded after import = 0

========================================================================
Received Import Request.
  Time since last request: 0.000016 seconds.
  path: Packages/com.unity.collab-proxy/Editor/CloudDrive/CreateWorkspace/CollaboratorsMultiColumnHeader.cs
  artifactKey: Guid(224736fab6ec4e119f1f69e2c1d7b554) Importer(2089858483,b0f066a214c2f5e87bad3c948f4d605d)
Start importing Packages/com.unity.collab-proxy/Editor/CloudDrive/CreateWorkspace/CollaboratorsMultiColumnHeader.cs using Guid(224736fab6ec4e119f1f69e2c1d7b554) Importer(2089858483,b0f066a214c2f5e87bad3c948f4d605d) (ScriptedImporter) -> (artifact id: '5148e8b646fd5cb498412e02560de351') in 0.0052007 seconds
Number of updated asset objects reloaded before import = 0Number of asset objects unloaded after import = 0

========================================================================
Received Import Request.
  Time since last request: 0.000015 seconds.
  path: Packages/com.unity.collab-proxy/Editor/Assistant/Tools/UndoTools.cs
  artifactKey: Guid(1d906ae3822c94f0792daca02e35a3f6) Importer(2089858483,b0f066a214c2f5e87bad3c948f4d605d)
Start importing Packages/com.unity.collab-proxy/Editor/Assistant/Tools/UndoTools.cs using Guid(1d906ae3822c94f0792daca02e35a3f6) Importer(2089858483,b0f066a214c2f5e87bad3c948f4d605d) (ScriptedImporter) -> (artifact id: '852fc9dd8f802b1d1d20555b1c028a64') in 0.0042739 seconds
Number of updated asset objects reloaded before import = 0Number of asset objects unloaded after import = 0

========================================================================
Received Import Request.
  Time since last request: 0.000018 seconds.
  path: Packages/com.unity.collab-proxy/Editor/Assets/Images/iconshelve.png
  artifactKey: Guid(b1b37c2733b68854ba004ff712ef849f) Importer(2089858483,b0f066a214c2f5e87bad3c948f4d605d)
Start importing Packages/com.unity.collab-proxy/Editor/Assets/Images/iconshelve.png using Guid(b1b37c2733b68854ba004ff712ef849f) Importer(2089858483,b0f066a214c2f5e87bad3c948f4d605d) (ScriptedImporter) -> (artifact id: 'ea7f209dddd95a13f172a5447e78c8a3') in 0.0106786 seconds
Number of updated asset objects reloaded before import = 0Number of asset objects unloaded after import = 3

========================================================================
Received Import Request.
  Time since last request: 0.000027 seconds.
  path: Packages/com.unity.collab-proxy/Editor/Assistant/Tools/LabelTools.cs
  artifactKey: Guid(694966d2f478f43cc8689c1a3196780b) Importer(2089858483,b0f066a214c2f5e87bad3c948f4d605d)
Start importing Packages/com.unity.collab-proxy/Editor/Assistant/Tools/LabelTools.cs using Guid(694966d2f478f43cc8689c1a3196780b) Importer(2089858483,b0f066a214c2f5e87bad3c948f4d605d) (ScriptedImporter) -> (artifact id: '041f317bbb5fb210227e6784bd72bf8a') in 0.0055144 seconds
Number of updated asset objects reloaded before import = 0Number of asset objects unloaded after import = 0

========================================================================
Received Import Request.
  Time since last request: 0.000018 seconds.
  path: Packages/com.unity.collab-proxy/Editor/Assets/Images/iconzoomin@2x.png
  artifactKey: Guid(0247a919add89e04aad63b6657886901) Importer(2089858483,b0f066a214c2f5e87bad3c948f4d605d)
Start importing Packages/com.unity.collab-proxy/Editor/Assets/Images/iconzoomin@2x.png using Guid(0247a919add89e04aad63b6657886901) Importer(2089858483,b0f066a214c2f5e87bad3c948f4d605d) (ScriptedImporter) -> (artifact id: '48a738f7eb760a025c9336d236714827') in 0.0081789 seconds
Number of updated asset objects reloaded before import = 0Number of asset objects unloaded after import = 3

========================================================================
Received Import Request.
  Time since last request: 0.000016 seconds.
  path: Packages/com.unity.collab-proxy/Editor/Assets/Images/stepok.png
  artifactKey: Guid(d4780dc1205c7c7478c970d8c61d24e8) Importer(2089858483,b0f066a214c2f5e87bad3c948f4d605d)
Start importing Packages/com.unity.collab-proxy/Editor/Assets/Images/stepok.png using Guid(d4780dc1205c7c7478c970d8c61d24e8) Importer(2089858483,b0f066a214c2f5e87bad3c948f4d605d) (ScriptedImporter) -> (artifact id: '6ff9ceeedbb425375cd9a5e5aa10c195') in 0.0100637 seconds
Number of updated asset objects reloaded before import = 0Number of asset objects unloaded after import = 1

========================================================================
Received Import Request.
  Time since last request: 0.000017 seconds.
  path: Packages/com.unity.collab-proxy/Editor/CodeEditor/Editing/EditingCommandHandler.cs
  artifactKey: Guid(6c67e63daeb772a4ca7887f421833c0c) Importer(2089858483,b0f066a214c2f5e87bad3c948f4d605d)
Start importing Packages/com.unity.collab-proxy/Editor/CodeEditor/Editing/EditingCommandHandler.cs using Guid(6c67e63daeb772a4ca7887f421833c0c) Importer(2089858483,b0f066a214c2f5e87bad3c948f4d605d) (ScriptedImporter) -> (artifact id: '2146d13beefa26e7b49d86b781094daf') in 0.0051603 seconds
Number of updated asset objects reloaded before import = 0Number of asset objects unloaded after import = 0

========================================================================
Received Import Request.
  Time since last request: 0.000021 seconds.
  path: Packages/com.unity.collab-proxy/Editor/CloudDrive/ShareWorkspace/ShareWorkspaceDialog.cs
  artifactKey: Guid(dc2789440232fe940b427760def51c66) Importer(2089858483,b0f066a214c2f5e87bad3c948f4d605d)
Start importing Packages/com.unity.collab-proxy/Editor/CloudDrive/ShareWorkspace/ShareWorkspaceDialog.cs using Guid(dc2789440232fe940b427760def51c66) Importer(2089858483,b0f066a214c2f5e87bad3c948f4d605d) (ScriptedImporter) -> (artifact id: '7634689cc8527ff0f09e61562e648cd3') in 0.0041171 seconds
Number of updated asset objects reloaded before import = 0Number of asset objects unloaded after import = 0

========================================================================
Received Import Request.
  Time since last request: 0.000032 seconds.
  path: Packages/com.unity.collab-proxy/Editor/Assets/Images/iconprev@2x.png
  artifactKey: Guid(d937bd39ca592471b942d16ee8094535) Importer(2089858483,b0f066a214c2f5e87bad3c948f4d605d)
Start importing Packages/com.unity.collab-proxy/Editor/Assets/Images/iconprev@2x.png using Guid(d937bd39ca592471b942d16ee8094535) Importer(2089858483,b0f066a214c2f5e87bad3c948f4d605d) (ScriptedImporter) -> (artifact id: '4482dbd5e1f1876673ef0ac0998e490e') in 0.0120094 seconds
Number of updated asset objects reloaded before import = 0Number of asset objects unloaded after import = 3

========================================================================
Received Import Request.
  Time since last request: 0.000022 seconds.
  path: Packages/com.unity.collab-proxy/Editor/CodeEditor/Platform/KeyGesture.cs
  artifactKey: Guid(06d2ae5c2afa4cd5b639f474ecacbd5c) Importer(2089858483,b0f066a214c2f5e87bad3c948f4d605d)
Start importing Packages/com.unity.collab-proxy/Editor/CodeEditor/Platform/KeyGesture.cs using Guid(06d2ae5c2afa4cd5b639f474ecacbd5c) Importer(2089858483,b0f066a214c2f5e87bad3c948f4d605d) (ScriptedImporter) -> (artifact id: 'b34d29e5420435d92294dbbb3fa71bc8') in 0.0144111 seconds
Number of updated asset objects reloaded before import = 0Number of asset objects unloaded after import = 0

========================================================================
Received Import Request.
  Time since last request: 0.000014 seconds.
  path: Packages/com.unity.collab-proxy/Editor/Assets/Images/iconplasticnotifyincoming.png
  artifactKey: Guid(1e6c9635b80f973488d8335a081c905f) Importer(2089858483,b0f066a214c2f5e87bad3c948f4d605d)
Start importing Packages/com.unity.collab-proxy/Editor/Assets/Images/iconplasticnotifyincoming.png using Guid(1e6c9635b80f973488d8335a081c905f) Importer(2089858483,b0f066a214c2f5e87bad3c948f4d605d) (ScriptedImporter) -> (artifact id: '0cf0a298ec119e17d9ec0376d390d314') in 0.0077276 seconds
Number of updated asset objects reloaded before import = 0Number of asset objects unloaded after import = 1

========================================================================
Received Import Request.
  Time since last request: 0.000017 seconds.
  path: Packages/com.unity.collab-proxy/Editor/CodeEditor/Editing/RectangleSelection.cs
  artifactKey: Guid(d7f4b39ab0334bd38d1a9f3ec0f60625) Importer(2089858483,b0f066a214c2f5e87bad3c948f4d605d)
Start importing Packages/com.unity.collab-proxy/Editor/CodeEditor/Editing/RectangleSelection.cs using Guid(d7f4b39ab0334bd38d1a9f3ec0f60625) Importer(2089858483,b0f066a214c2f5e87bad3c948f4d605d) (ScriptedImporter) -> (artifact id: 'c64bd8f79ac81b8c968dbfe75529ab1b') in 0.0050985 seconds
Number of updated asset objects reloaded before import = 0Number of asset objects unloaded after import = 0

========================================================================
Received Import Request.
  Time since last request: 0.000025 seconds.
  path: Packages/com.unity.collab-proxy/Editor/Assets/Images/iconhistory.png
  artifactKey: Guid(f42a69ee6b34c4a8eb57e17686d6ab67) Importer(2089858483,b0f066a214c2f5e87bad3c948f4d605d)
Start importing Packages/com.unity.collab-proxy/Editor/Assets/Images/iconhistory.png using Guid(f42a69ee6b34c4a8eb57e17686d6ab67) Importer(2089858483,b0f066a214c2f5e87bad3c948f4d605d) (ScriptedImporter) -> (artifact id: '8d215c4e2f3ba37ea862ca7b3dac50cb') in 0.0098886 seconds
Number of updated asset objects reloaded before import = 0Number of asset objects unloaded after import = 3

========================================================================
Received Import Request.
  Time since last request: 0.000016 seconds.
  path: Packages/com.unity.collab-proxy/Editor/Assets/Images/iconpendingchangesview.png
  artifactKey: Guid(034d3052cb4a54f028bf55f9f9115d3c) Importer(2089858483,b0f066a214c2f5e87bad3c948f4d605d)
Start importing Packages/com.unity.collab-proxy/Editor/Assets/Images/iconpendingchangesview.png using Guid(034d3052cb4a54f028bf55f9f9115d3c) Importer(2089858483,b0f066a214c2f5e87bad3c948f4d605d) (ScriptedImporter) -> (artifact id: '15e9d32b4cded8dac55cfc247c00ce13') in 0.0119047 seconds
Number of updated asset objects reloaded before import = 0Number of asset objects unloaded after import = 3

========================================================================
Received Import Request.
  Time since last request: 0.000020 seconds.
  path: Packages/com.unity.collab-proxy/Editor/CodeEditor/Document/DocumentTextWriter.cs
  artifactKey: Guid(36d9d402826ee48d8816a061c1aba22e) Importer(2089858483,b0f066a214c2f5e87bad3c948f4d605d)
Start importing Packages/com.unity.collab-proxy/Editor/CodeEditor/Document/DocumentTextWriter.cs using Guid(36d9d402826ee48d8816a061c1aba22e) Importer(2089858483,b0f066a214c2f5e87bad3c948f4d605d) (ScriptedImporter) -> (artifact id: 'bcfaaf5ab3696b48954e2e2585f44829') in 0.0040658 seconds
Number of updated asset objects reloaded before import = 0Number of asset objects unloaded after import = 0

========================================================================
Received Import Request.
  Time since last request: 0.000016 seconds.
  path: Packages/com.unity.collab-proxy/Editor/CodeEditor/Editing/EmptySelection.cs
  artifactKey: Guid(d6b614bb8cf04cbe9ffd8626c062bd78) Importer(2089858483,b0f066a214c2f5e87bad3c948f4d605d)
Start importing Packages/com.unity.collab-proxy/Editor/CodeEditor/Editing/EmptySelection.cs using Guid(d6b614bb8cf04cbe9ffd8626c062bd78) Importer(2089858483,b0f066a214c2f5e87bad3c948f4d605d) (ScriptedImporter) -> (artifact id: 'd76f42750319d201c7d29c007df8f860') in 0.0051538 seconds
Number of updated asset objects reloaded before import = 0Number of asset objects unloaded after import = 0

========================================================================
Received Import Request.
  Time since last request: 0.000017 seconds.
  path: Packages/com.unity.collab-proxy/Editor/CodeEditor/Document/TextSourceVersionProvider.cs
  artifactKey: Guid(17cae8c12182e4a88b5695b1b2eea5cd) Importer(2089858483,b0f066a214c2f5e87bad3c948f4d605d)
Start importing Packages/com.unity.collab-proxy/Editor/CodeEditor/Document/TextSourceVersionProvider.cs using Guid(17cae8c12182e4a88b5695b1b2eea5cd) Importer(2089858483,b0f066a214c2f5e87bad3c948f4d605d) (ScriptedImporter) -> (artifact id: '29d9776a99aadc9c6c8ca3165e8db3e6') in 0.0037406 seconds
Number of updated asset objects reloaded before import = 0Number of asset objects unloaded after import = 0

========================================================================
Received Import Request.
  Time since last request: 0.000026 seconds.
  path: Packages/com.unity.collab-proxy/Editor/Assets/Styles/SignInPanel.uss
  artifactKey: Guid(c673e4e20ea67ab40a4661592f51aa99) Importer(2089858483,b0f066a214c2f5e87bad3c948f4d605d)
Start importing Packages/com.unity.collab-proxy/Editor/Assets/Styles/SignInPanel.uss using Guid(c673e4e20ea67ab40a4661592f51aa99) Importer(2089858483,b0f066a214c2f5e87bad3c948f4d605d) (ScriptedImporter) -> (artifact id: 'b0c34e9049028e23572efe73fe1278d7') in 0.0061917 seconds
Number of updated asset objects reloaded before import = 0Number of asset objects unloaded after import = 2

========================================================================
Received Import Request.
  Time since last request: 0.000015 seconds.
  path: Packages/com.unity.collab-proxy/Editor/Assets/Images/iconrepository.png
  artifactKey: Guid(ed64f3a17f2ede646be21ed6edc9161a) Importer(2089858483,b0f066a214c2f5e87bad3c948f4d605d)
Start importing Packages/com.unity.collab-proxy/Editor/Assets/Images/iconrepository.png using Guid(ed64f3a17f2ede646be21ed6edc9161a) Importer(2089858483,b0f066a214c2f5e87bad3c948f4d605d) (ScriptedImporter) -> (artifact id: 'b4a0b38745b267ea80f826abe9cf32e2') in 0.0109233 seconds
Number of updated asset objects reloaded before import = 0Number of asset objects unloaded after import = 1

========================================================================
Received Import Request.
  Time since last request: 0.000020 seconds.
  path: Packages/com.unity.collab-proxy/Editor/CodeEditor/Rendering/BackgroundGeometryBuilder.cs
  artifactKey: Guid(fa79c7e1470e47549b088019b6adeb6b) Importer(2089858483,b0f066a214c2f5e87bad3c948f4d605d)
Start importing Packages/com.unity.collab-proxy/Editor/CodeEditor/Rendering/BackgroundGeometryBuilder.cs using Guid(fa79c7e1470e47549b088019b6adeb6b) Importer(2089858483,b0f066a214c2f5e87bad3c948f4d605d) (ScriptedImporter) -> (artifact id: '7d901e78216448fc97d44758e375b550') in 0.0039382 seconds
Number of updated asset objects reloaded before import = 0Number of asset objects unloaded after import = 0

========================================================================
Received Import Request.
  Time since last request: 0.208806 seconds.
  path: Packages/com.unity.collab-proxy/Editor/CodeEditor/Rendering/HeightTreeNode.cs
  artifactKey: Guid(804b447ae94d4867aaebc623b9e491f6) Importer(2089858483,b0f066a214c2f5e87bad3c948f4d605d)
Start importing Packages/com.unity.collab-proxy/Editor/CodeEditor/Rendering/HeightTreeNode.cs using Guid(804b447ae94d4867aaebc623b9e491f6) Importer(2089858483,b0f066a214c2f5e87bad3c948f4d605d) (ScriptedImporter) -> (artifact id: '10daacc30a932bac632ec00b66ebac78') in 0.0064802 seconds
Number of updated asset objects reloaded before import = 0Number of asset objects unloaded after import = 0

========================================================================
Received Import Request.
  Time since last request: 0.000017 seconds.
  path: Packages/com.unity.collab-proxy/Editor/Views/CreateWorkspace/CreateWorkspaceView.cs
  artifactKey: Guid(5294f667272fcb2438a79369c92cc7e7) Importer(2089858483,b0f066a214c2f5e87bad3c948f4d605d)
Start importing Packages/com.unity.collab-proxy/Editor/Views/CreateWorkspace/CreateWorkspaceView.cs using Guid(5294f667272fcb2438a79369c92cc7e7) Importer(2089858483,b0f066a214c2f5e87bad3c948f4d605d) (ScriptedImporter) -> (artifact id: 'bd5710b1646361dfb00766cb83c63935') in 0.024964 seconds
Number of updated asset objects reloaded before import = 0Number of asset objects unloaded after import = 0

========================================================================
Received Import Request.
  Time since last request: 0.000027 seconds.
  path: Packages/com.unity.collab-proxy/Editor/Configuration/TeamEdition/TeamEditionConfigurationWindow.cs
  artifactKey: Guid(c95121e1e2d89e648b9d0aed259caad9) Importer(2089858483,b0f066a214c2f5e87bad3c948f4d605d)
Start importing Packages/com.unity.collab-proxy/Editor/Configuration/TeamEdition/TeamEditionConfigurationWindow.cs using Guid(c95121e1e2d89e648b9d0aed259caad9) Importer(2089858483,b0f066a214c2f5e87bad3c948f4d605d) (ScriptedImporter) -> (artifact id: '4040fa8b1c400078a2b2977ef046019b') in 0.005116 seconds
Number of updated asset objects reloaded before import = 0Number of asset objects unloaded after import = 0

========================================================================
Received Import Request.
  Time since last request: 0.000015 seconds.
  path: Packages/com.unity.collab-proxy/Editor/CodeEditor/Utils/IFreezable.cs
  artifactKey: Guid(036a88373b074a0cb5c99d4568e77563) Importer(2089858483,b0f066a214c2f5e87bad3c948f4d605d)
Start importing Packages/com.unity.collab-proxy/Editor/CodeEditor/Utils/IFreezable.cs using Guid(036a88373b074a0cb5c99d4568e77563) Importer(2089858483,b0f066a214c2f5e87bad3c948f4d605d) (ScriptedImporter) -> (artifact id: '5acd069637c63a86b83037bfd3901750') in 0.0052342 seconds
Number of updated asset objects reloaded before import = 0Number of asset objects unloaded after import = 0

========================================================================
Received Import Request.
  Time since last request: 0.000015 seconds.
  path: Packages/com.unity.collab-proxy/Editor/CodeEditor/Rendering/VisualLineTextSource.cs
  artifactKey: Guid(42f48d12e7fc440891c9b505fcebe808) Importer(2089858483,b0f066a214c2f5e87bad3c948f4d605d)
Start importing Packages/com.unity.collab-proxy/Editor/CodeEditor/Rendering/VisualLineTextSource.cs using Guid(42f48d12e7fc440891c9b505fcebe808) Importer(2089858483,b0f066a214c2f5e87bad3c948f4d605d) (ScriptedImporter) -> (artifact id: '5d006014b6b2b6361936336b4ebac6ab') in 0.0036952 seconds
Number of updated asset objects reloaded before import = 0Number of asset objects unloaded after import = 0

========================================================================
Received Import Request.
  Time since last request: 0.000013 seconds.
  path: Packages/com.unity.collab-proxy/Editor/Diff/Text/BigFileMessagePanel.cs
  artifactKey: Guid(1a667b47becbe40c4a8c43066c199109) Importer(2089858483,b0f066a214c2f5e87bad3c948f4d605d)
Start importing Packages/com.unity.collab-proxy/Editor/Diff/Text/BigFileMessagePanel.cs using Guid(1a667b47becbe40c4a8c43066c199109) Importer(2089858483,b0f066a214c2f5e87bad3c948f4d605d) (ScriptedImporter) -> (artifact id: '29abf460a80a9912e35ec7fc48a0a719') in 0.0042651 seconds
Number of updated asset objects reloaded before import = 0Number of asset objects unloaded after import = 0

========================================================================
Received Import Request.
  Time since last request: 0.000020 seconds.
  path: Packages/com.unity.collab-proxy/Editor/Diff/Text/ContributorsHeaderPanel.cs
  artifactKey: Guid(371ab5d681ae64e1f8c51f7ad1bac315) Importer(2089858483,b0f066a214c2f5e87bad3c948f4d605d)
Start importing Packages/com.unity.collab-proxy/Editor/Diff/Text/ContributorsHeaderPanel.cs using Guid(371ab5d681ae64e1f8c51f7ad1bac315) Importer(2089858483,b0f066a214c2f5e87bad3c948f4d605d) (ScriptedImporter) -> (artifact id: '802a2f92367acc8b0636d20cd6d3d28b') in 0.0054048 seconds
Number of updated asset objects reloaded before import = 0Number of asset objects unloaded after import = 0

========================================================================
Received Import Request.
  Time since last request: 0.000030 seconds.
  path: Packages/com.unity.collab-proxy/Editor/UI/Tree/TreeHeaderColumns.cs
  artifactKey: Guid(c3c7b1998f264b443a5b5c67a189149a) Importer(2089858483,b0f066a214c2f5e87bad3c948f4d605d)
Start importing Packages/com.unity.collab-proxy/Editor/UI/Tree/TreeHeaderColumns.cs using Guid(c3c7b1998f264b443a5b5c67a189149a) Importer(2089858483,b0f066a214c2f5e87bad3c948f4d605d) (ScriptedImporter) -> (artifact id: 'f3807baf83e93079c73e86b4edb40b55') in 0.0046596 seconds
Number of updated asset objects reloaded before import = 0Number of asset objects unloaded after import = 0

========================================================================
Received Import Request.
  Time since last request: 0.000017 seconds.
  path: Packages/com.unity.collab-proxy/Editor/UI/Tree/TreeHeaderSettings.cs
  artifactKey: Guid(38b05cc5af29cf844a31910eb512e92f) Importer(2089858483,b0f066a214c2f5e87bad3c948f4d605d)
Start importing Packages/com.unity.collab-proxy/Editor/UI/Tree/TreeHeaderSettings.cs using Guid(38b05cc5af29cf844a31910eb512e92f) Importer(2089858483,b0f066a214c2f5e87bad3c948f4d605d) (ScriptedImporter) -> (artifact id: '88f53f3fd5889cd8306a31174fe24cac') in 0.0068724 seconds
Number of updated asset objects reloaded before import = 0Number of asset objects unloaded after import = 0

========================================================================
Received Import Request.
  Time since last request: 0.000013 seconds.
  path: Packages/com.unity.collab-proxy/Editor/Views/Changesets/CheckoutChangesetViewMenu.cs
  artifactKey: Guid(3eddf2b2cdcd47828e17dacecc9395d8) Importer(2089858483,b0f066a214c2f5e87bad3c948f4d605d)
Start importing Packages/com.unity.collab-proxy/Editor/Views/Changesets/CheckoutChangesetViewMenu.cs using Guid(3eddf2b2cdcd47828e17dacecc9395d8) Importer(2089858483,b0f066a214c2f5e87bad3c948f4d605d) (ScriptedImporter) -> (artifact id: '08a4090b7f52c3d2ae7d2b100e9cc0cf') in 0.0039199 seconds
Number of updated asset objects reloaded before import = 0Number of asset objects unloaded after import = 0

========================================================================
Received Import Request.
  Time since last request: 0.000019 seconds.
  path: Packages/com.unity.collab-proxy/Editor/UI/Avatar/AvatarGenerator.cs
  artifactKey: Guid(81c4345dea952454584016b0ced862df) Importer(2089858483,b0f066a214c2f5e87bad3c948f4d605d)
Start importing Packages/com.unity.collab-proxy/Editor/UI/Avatar/AvatarGenerator.cs using Guid(81c4345dea952454584016b0ced862df) Importer(2089858483,b0f066a214c2f5e87bad3c948f4d605d) (ScriptedImporter) -> (artifact id: 'd03dc87daf22a34d066146b9008dec68') in 0.0041643 seconds
Number of updated asset objects reloaded before import = 0Number of asset objects unloaded after import = 0

========================================================================
Received Import Request.
  Time since last request: 0.000025 seconds.
  path: Packages/com.unity.collab-proxy/Editor/Diff/Text/LineNumbersView.cs
  artifactKey: Guid(9a4d188e15adc423c97c9ae0164fbf84) Importer(2089858483,b0f066a214c2f5e87bad3c948f4d605d)
Start importing Packages/com.unity.collab-proxy/Editor/Diff/Text/LineNumbersView.cs using Guid(9a4d188e15adc423c97c9ae0164fbf84) Importer(2089858483,b0f066a214c2f5e87bad3c948f4d605d) (ScriptedImporter) -> (artifact id: '9980d852a3d8b700afa46a4b81313c1a') in 0.0049723 seconds
Number of updated asset objects reloaded before import = 0Number of asset objects unloaded after import = 0

========================================================================
Received Import Request.
  Time since last request: 0.000028 seconds.
  path: Packages/com.unity.collab-proxy/Editor/UI/Tree/TreeViewItemIds.cs
  artifactKey: Guid(2986eff1677c33345b223bdaaee2d284) Importer(2089858483,b0f066a214c2f5e87bad3c948f4d605d)
Start importing Packages/com.unity.collab-proxy/Editor/UI/Tree/TreeViewItemIds.cs using Guid(2986eff1677c33345b223bdaaee2d284) Importer(2089858483,b0f066a214c2f5e87bad3c948f4d605d) (ScriptedImporter) -> (artifact id: 'ba299e9b6524f502fde5c526d8d8511f') in 0.0041081 seconds
Number of updated asset objects reloaded before import = 0Number of asset objects unloaded after import = 0

========================================================================
Received Import Request.
  Time since last request: 0.000017 seconds.
  path: Packages/com.unity.collab-proxy/Editor/UVCSToolbar/PopupWindow/PopupWindowDrawing.cs
  artifactKey: Guid(064a7a3d9b9b458f87abe1ec38227570) Importer(2089858483,b0f066a214c2f5e87bad3c948f4d605d)
Start importing Packages/com.unity.collab-proxy/Editor/UVCSToolbar/PopupWindow/PopupWindowDrawing.cs using Guid(064a7a3d9b9b458f87abe1ec38227570) Importer(2089858483,b0f066a214c2f5e87bad3c948f4d605d) (ScriptedImporter) -> (artifact id: 'f2b471154a9f2c7d24b1bc38a730ad9c') in 0.0045079 seconds
Number of updated asset objects reloaded before import = 0Number of asset objects unloaded after import = 0

========================================================================
Received Import Request.
  Time since last request: 0.000015 seconds.
  path: Packages/com.unity.collab-proxy/Editor/Views/Branch/BranchesListView.cs
  artifactKey: Guid(1b909cb14b9a08c45b5d03f0b61feecb) Importer(2089858483,b0f066a214c2f5e87bad3c948f4d605d)
Start importing Packages/com.unity.collab-proxy/Editor/Views/Branch/BranchesListView.cs using Guid(1b909cb14b9a08c45b5d03f0b61feecb) Importer(2089858483,b0f066a214c2f5e87bad3c948f4d605d) (ScriptedImporter) -> (artifact id: 'bd2aba84253cff9127abdbb3d76c087f') in 0.0047217 seconds
Number of updated asset objects reloaded before import = 0Number of asset objects unloaded after import = 0

========================================================================
Received Import Request.
  Time since last request: 0.000015 seconds.
  path: Packages/com.unity.collab-proxy/Editor/CodeEditor/Utils/Constants.cs
  artifactKey: Guid(e4e07079374247849fcb35aa912e2421) Importer(2089858483,b0f066a214c2f5e87bad3c948f4d605d)
Start importing Packages/com.unity.collab-proxy/Editor/CodeEditor/Utils/Constants.cs using Guid(e4e07079374247849fcb35aa912e2421) Importer(2089858483,b0f066a214c2f5e87bad3c948f4d605d) (ScriptedImporter) -> (artifact id: '5defbbe4641e9abd4ea1743dfffce6ef') in 0.0043557 seconds
Number of updated asset objects reloaded before import = 0Number of asset objects unloaded after import = 0

========================================================================
Received Import Request.
  Time since last request: 0.000018 seconds.
  path: Packages/com.unity.collab-proxy/Editor/UI/Progress/DrawProgressForViews.cs
  artifactKey: Guid(ab0090fd6aa8c604a828244d4ba93c84) Importer(2089858483,b0f066a214c2f5e87bad3c948f4d605d)
Start importing Packages/com.unity.collab-proxy/Editor/UI/Progress/DrawProgressForViews.cs using Guid(ab0090fd6aa8c604a828244d4ba93c84) Importer(2089858483,b0f066a214c2f5e87bad3c948f4d605d) (ScriptedImporter) -> (artifact id: '506028b109f904cbe01bcf5560e70f19') in 0.0051129 seconds
Number of updated asset objects reloaded before import = 0Number of asset objects unloaded after import = 0

========================================================================
Received Import Request.
  Time since last request: 0.000022 seconds.
  path: Packages/com.unity.collab-proxy/Editor/CodeEditor/Search/SearchResultBackgroundRenderer.cs
  artifactKey: Guid(ec14ec41eccdd49fe93e6e4e0191c287) Importer(2089858483,b0f066a214c2f5e87bad3c948f4d605d)
Start importing Packages/com.unity.collab-proxy/Editor/CodeEditor/Search/SearchResultBackgroundRenderer.cs using Guid(ec14ec41eccdd49fe93e6e4e0191c287) Importer(2089858483,b0f066a214c2f5e87bad3c948f4d605d) (ScriptedImporter) -> (artifact id: '368140a7c381619285dce0f3974bf9b7') in 0.0051061 seconds
Number of updated asset objects reloaded before import = 0Number of asset objects unloaded after import = 0

========================================================================
Received Import Request.
  Time since last request: 0.000015 seconds.
  path: Packages/com.unity.collab-proxy/Editor/Diff/Image/DrawTexture.cs
  artifactKey: Guid(d404d462a8e74ea1a55c9f4af8b1f625) Importer(2089858483,b0f066a214c2f5e87bad3c948f4d605d)
Start importing Packages/com.unity.collab-proxy/Editor/Diff/Image/DrawTexture.cs using Guid(d404d462a8e74ea1a55c9f4af8b1f625) Importer(2089858483,b0f066a214c2f5e87bad3c948f4d605d) (ScriptedImporter) -> (artifact id: 'f2dd16769835021b6a169af8ec520145') in 0.0053533 seconds
Number of updated asset objects reloaded before import = 0Number of asset objects unloaded after import = 0

========================================================================
Received Import Request.
  Time since last request: 0.000018 seconds.
  path: Packages/com.unity.collab-proxy/Editor/Hub/Operations/DownloadRepository.cs
  artifactKey: Guid(608efd4e185fb9440bb8550d98e20ca4) Importer(2089858483,b0f066a214c2f5e87bad3c948f4d605d)
Start importing Packages/com.unity.collab-proxy/Editor/Hub/Operations/DownloadRepository.cs using Guid(608efd4e185fb9440bb8550d98e20ca4) Importer(2089858483,b0f066a214c2f5e87bad3c948f4d605d) (ScriptedImporter) -> (artifact id: '36b026953a413b470ed0bd0ccbdbe851') in 0.0038808 seconds
Number of updated asset objects reloaded before import = 0Number of asset objects unloaded after import = 0

========================================================================
Received Import Request.
  Time since last request: 0.000016 seconds.
  path: Packages/com.unity.collab-proxy/Editor/Diff/Text/TextEditorDrawing.cs
  artifactKey: Guid(f9d58876c2d749779ce6effdf684cc02) Importer(2089858483,b0f066a214c2f5e87bad3c948f4d605d)
Start importing Packages/com.unity.collab-proxy/Editor/Diff/Text/TextEditorDrawing.cs using Guid(f9d58876c2d749779ce6effdf684cc02) Importer(2089858483,b0f066a214c2f5e87bad3c948f4d605d) (ScriptedImporter) -> (artifact id: '7a57d4a31cd4746d6a4e77e532050f34') in 0.0042021 seconds
Number of updated asset objects reloaded before import = 0Number of asset objects unloaded after import = 0

========================================================================
Received Import Request.
  Time since last request: 0.000020 seconds.
  path: Packages/com.unity.collab-proxy/Editor/CodeEditor/Rendering/VisualLineText.cs
  artifactKey: Guid(db01cc38c298426b83c5ddd52dca39a5) Importer(2089858483,b0f066a214c2f5e87bad3c948f4d605d)
Start importing Packages/com.unity.collab-proxy/Editor/CodeEditor/Rendering/VisualLineText.cs using Guid(db01cc38c298426b83c5ddd52dca39a5) Importer(2089858483,b0f066a214c2f5e87bad3c948f4d605d) (ScriptedImporter) -> (artifact id: 'e9cba17c4c686f28d48411edc8bb19f5') in 0.0041959 seconds
Number of updated asset objects reloaded before import = 0Number of asset objects unloaded after import = 0

========================================================================
Received Import Request.
  Time since last request: 0.000028 seconds.
  path: Packages/com.unity.collab-proxy/Editor/CodeEditor/Utils/ExtensionMethods.cs
  artifactKey: Guid(4d6e238ada664d43b3e1f3652c5c7119) Importer(2089858483,b0f066a214c2f5e87bad3c948f4d605d)
Start importing Packages/com.unity.collab-proxy/Editor/CodeEditor/Utils/ExtensionMethods.cs using Guid(4d6e238ada664d43b3e1f3652c5c7119) Importer(2089858483,b0f066a214c2f5e87bad3c948f4d605d) (ScriptedImporter) -> (artifact id: '4c1a44801b18b968abb03b5bcf9073e9') in 0.0039175 seconds
Number of updated asset objects reloaded before import = 0Number of asset objects unloaded after import = 0

========================================================================
Received Import Request.
  Time since last request: 0.000015 seconds.
  path: Packages/com.unity.collab-proxy/Editor/UI/Tree/ListViewItemIds.cs
  artifactKey: Guid(8497dad3a6163fe40a30ca297edd7b2d) Importer(2089858483,b0f066a214c2f5e87bad3c948f4d605d)
Start importing Packages/com.unity.collab-proxy/Editor/UI/Tree/ListViewItemIds.cs using Guid(8497dad3a6163fe40a30ca297edd7b2d) Importer(2089858483,b0f066a214c2f5e87bad3c948f4d605d) (ScriptedImporter) -> (artifact id: 'ccddc78f0b6a98bfa9d315236059d5c0') in 0.0036941 seconds
Number of updated asset objects reloaded before import = 0Number of asset objects unloaded after import = 0

========================================================================
Received Import Request.
  Time since last request: 0.000015 seconds.
  path: Packages/com.unity.collab-proxy/Editor/Diff/Text/ChangeFontDialog.cs
  artifactKey: Guid(9df21e4f2a9474a43b81a73c697c1d88) Importer(2089858483,b0f066a214c2f5e87bad3c948f4d605d)
Start importing Packages/com.unity.collab-proxy/Editor/Diff/Text/ChangeFontDialog.cs using Guid(9df21e4f2a9474a43b81a73c697c1d88) Importer(2089858483,b0f066a214c2f5e87bad3c948f4d605d) (ScriptedImporter) -> (artifact id: '6ed2df495333b9933c740095893e538e') in 0.0058736 seconds
Number of updated asset objects reloaded before import = 0Number of asset objects unloaded after import = 0

========================================================================
Received Import Request.
  Time since last request: 0.000015 seconds.
  path: Packages/com.unity.collab-proxy/Editor/Diff/Text/ActionBar.cs
  artifactKey: Guid(02ba7e098ec0b453280d7fe1ae463bb7) Importer(2089858483,b0f066a214c2f5e87bad3c948f4d605d)
Start importing Packages/com.unity.collab-proxy/Editor/Diff/Text/ActionBar.cs using Guid(02ba7e098ec0b453280d7fe1ae463bb7) Importer(2089858483,b0f066a214c2f5e87bad3c948f4d605d) (ScriptedImporter) -> (artifact id: 'daa2871d86f8bdfce3271f06eaa6ea65') in 0.0047479 seconds
Number of updated asset objects reloaded before import = 0Number of asset objects unloaded after import = 0

========================================================================
Received Import Request.
  Time since last request: 0.000021 seconds.
  path: Packages/com.unity.collab-proxy/Editor/CodeEditor/Search/RegexSearchStrategy.cs
  artifactKey: Guid(d6842f57a93b6482891d7bef3b4b46e6) Importer(2089858483,b0f066a214c2f5e87bad3c948f4d605d)
Start importing Packages/com.unity.collab-proxy/Editor/CodeEditor/Search/RegexSearchStrategy.cs using Guid(d6842f57a93b6482891d7bef3b4b46e6) Importer(2089858483,b0f066a214c2f5e87bad3c948f4d605d) (ScriptedImporter) -> (artifact id: '20d5ec0271b0bfe4e1d1748388e02660') in 0.0063167 seconds
Number of updated asset objects reloaded before import = 0Number of asset objects unloaded after import = 0

========================================================================
Received Import Request.
  Time since last request: 0.000027 seconds.
  path: Packages/com.unity.collab-proxy/Editor/CodeEditor/Rendering/SingleCharacterElementGenerator.cs
  artifactKey: Guid(e50698d1043640dc8ef26d6236f48f1b) Importer(2089858483,b0f066a214c2f5e87bad3c948f4d605d)
Start importing Packages/com.unity.collab-proxy/Editor/CodeEditor/Rendering/SingleCharacterElementGenerator.cs using Guid(e50698d1043640dc8ef26d6236f48f1b) Importer(2089858483,b0f066a214c2f5e87bad3c948f4d605d) (ScriptedImporter) -> (artifact id: '03ef27a7981bdea3b8a19017dc2ee38e') in 0.0040856 seconds
Number of updated asset objects reloaded before import = 0Number of asset objects unloaded after import = 0

========================================================================
Received Import Request.
  Time since last request: 0.000018 seconds.
  path: Packages/com.unity.collab-proxy/Editor/Views/BranchExplorer/BranchExplorerViewer.cs
  artifactKey: Guid(19cfdd73a6f34b2db2d31238e87e09c5) Importer(2089858483,b0f066a214c2f5e87bad3c948f4d605d)
Start importing Packages/com.unity.collab-proxy/Editor/Views/BranchExplorer/BranchExplorerViewer.cs using Guid(19cfdd73a6f34b2db2d31238e87e09c5) Importer(2089858483,b0f066a214c2f5e87bad3c948f4d605d) (ScriptedImporter) -> (artifact id: '3cda4f3ab16fe0672d899de58eccf9aa') in 0.0044713 seconds
Number of updated asset objects reloaded before import = 0Number of asset objects unloaded after import = 0

========================================================================
Received Import Request.
  Time since last request: 0.000016 seconds.
  path: Packages/com.unity.collab-proxy/Editor/Views/BranchExplorer/BranchExplorerView.cs
  artifactKey: Guid(b05368a4ef1a4635b2e0337c41502e63) Importer(2089858483,b0f066a214c2f5e87bad3c948f4d605d)
Start importing Packages/com.unity.collab-proxy/Editor/Views/BranchExplorer/BranchExplorerView.cs using Guid(b05368a4ef1a4635b2e0337c41502e63) Importer(2089858483,b0f066a214c2f5e87bad3c948f4d605d) (ScriptedImporter) -> (artifact id: '7232a50e7eb97de7a9f9cf2723ffbdb1') in 0.0054411 seconds
Number of updated asset objects reloaded before import = 0Number of asset objects unloaded after import = 0

========================================================================
Received Import Request.
  Time since last request: 0.000016 seconds.
  path: Packages/com.unity.collab-proxy/Editor/CodeEditor/Utils/PixelSnapHelpers.cs
  artifactKey: Guid(3fcf00e98ccc48b9beb80ae65c586683) Importer(2089858483,b0f066a214c2f5e87bad3c948f4d605d)
Start importing Packages/com.unity.collab-proxy/Editor/CodeEditor/Utils/PixelSnapHelpers.cs using Guid(3fcf00e98ccc48b9beb80ae65c586683) Importer(2089858483,b0f066a214c2f5e87bad3c948f4d605d) (ScriptedImporter) -> (artifact id: 'd66c4f3818eb45da03040311eb81fd0c') in 0.0043565 seconds
Number of updated asset objects reloaded before import = 0Number of asset objects unloaded after import = 0

========================================================================
Received Import Request.
  Time since last request: 0.000016 seconds.
  path: Packages/com.unity.collab-proxy/Editor/UI/Avatar/GetAvatar.cs
  artifactKey: Guid(0afb4c6d979970647841ee14a55b8d25) Importer(2089858483,b0f066a214c2f5e87bad3c948f4d605d)
Start importing Packages/com.unity.collab-proxy/Editor/UI/Avatar/GetAvatar.cs using Guid(0afb4c6d979970647841ee14a55b8d25) Importer(2089858483,b0f066a214c2f5e87bad3c948f4d605d) (ScriptedImporter) -> (artifact id: 'fc72d7e3cae00d8305096e42c4bbdd0b') in 0.0041972 seconds
Number of updated asset objects reloaded before import = 0Number of asset objects unloaded after import = 0

========================================================================
Received Import Request.
  Time since last request: 0.000027 seconds.
  path: Packages/com.unity.collab-proxy/Editor/CodeEditor/TextMate/TextMateColoringTransformer.cs
  artifactKey: Guid(edabbb8e32454a61b831d5b7deed1360) Importer(2089858483,b0f066a214c2f5e87bad3c948f4d605d)
Start importing Packages/com.unity.collab-proxy/Editor/CodeEditor/TextMate/TextMateColoringTransformer.cs using Guid(edabbb8e32454a61b831d5b7deed1360) Importer(2089858483,b0f066a214c2f5e87bad3c948f4d605d) (ScriptedImporter) -> (artifact id: 'ac61f1d75631d8d1764e0456c0388587') in 0.0052116 seconds
Number of updated asset objects reloaded before import = 0Number of asset objects unloaded after import = 0

========================================================================
Received Import Request.
  Time since last request: 0.000016 seconds.
  path: Packages/com.unity.collab-proxy/Editor/Developer/UpdateReport/UpdateReportDialog.cs
  artifactKey: Guid(3cc230fb0050a994480d907e02d3508b) Importer(2089858483,b0f066a214c2f5e87bad3c948f4d605d)
Start importing Packages/com.unity.collab-proxy/Editor/Developer/UpdateReport/UpdateReportDialog.cs using Guid(3cc230fb0050a994480d907e02d3508b) Importer(2089858483,b0f066a214c2f5e87bad3c948f4d605d) (ScriptedImporter) -> (artifact id: 'f4bd77b1559f6951a37eee0ddbb95786') in 0.0037319 seconds
Number of updated asset objects reloaded before import = 0Number of asset objects unloaded after import = 0

========================================================================
Received Import Request.
  Time since last request: 0.000016 seconds.
  path: Packages/com.unity.collab-proxy/Editor/Views/Changesets/ChangesetExplorerView.cs
  artifactKey: Guid(19731bf18cd0abd45955c297ff452044) Importer(2089858483,b0f066a214c2f5e87bad3c948f4d605d)
Start importing Packages/com.unity.collab-proxy/Editor/Views/Changesets/ChangesetExplorerView.cs using Guid(19731bf18cd0abd45955c297ff452044) Importer(2089858483,b0f066a214c2f5e87bad3c948f4d605d) (ScriptedImporter) -> (artifact id: '63f9d5c15553dccca6f4dbd2b292d8e6') in 0.0067201 seconds
Number of updated asset objects reloaded before import = 0Number of asset objects unloaded after import = 0

========================================================================
Received Import Request.
  Time since last request: 0.000014 seconds.
  path: Packages/com.unity.collab-proxy/Editor/Diff/Text/ContentControl.cs
  artifactKey: Guid(2c80adc488044eddbad72e2e92f8bba2) Importer(2089858483,b0f066a214c2f5e87bad3c948f4d605d)
Start importing Packages/com.unity.collab-proxy/Editor/Diff/Text/ContentControl.cs using Guid(2c80adc488044eddbad72e2e92f8bba2) Importer(2089858483,b0f066a214c2f5e87bad3c948f4d605d) (ScriptedImporter) -> (artifact id: '1c986a9aae57932194e3fa67d5533c31') in 0.0039977 seconds
Number of updated asset objects reloaded before import = 0Number of asset objects unloaded after import = 0

========================================================================
Received Import Request.
  Time since last request: 0.000024 seconds.
  path: Packages/com.unity.collab-proxy/Editor/Developer/UpdateReport/UpdateReportLineListViewItem.cs
  artifactKey: Guid(146c16184e337574f9f3baf6d467907a) Importer(2089858483,b0f066a214c2f5e87bad3c948f4d605d)
Start importing Packages/com.unity.collab-proxy/Editor/Developer/UpdateReport/UpdateReportLineListViewItem.cs using Guid(146c16184e337574f9f3baf6d467907a) Importer(2089858483,b0f066a214c2f5e87bad3c948f4d605d) (ScriptedImporter) -> (artifact id: '490f86de0fb5b223e60ca3981b563cba') in 0.0042503 seconds
Number of updated asset objects reloaded before import = 0Number of asset objects unloaded after import = 0

========================================================================
Received Import Request.
  Time since last request: 0.000033 seconds.
  path: Packages/com.unity.collab-proxy/Editor/UI/Tree/TreeViewSessionState.cs
  artifactKey: Guid(1234b834dc1882e4d8e25b2f6cd9d6d6) Importer(2089858483,b0f066a214c2f5e87bad3c948f4d605d)
Start importing Packages/com.unity.collab-proxy/Editor/UI/Tree/TreeViewSessionState.cs using Guid(1234b834dc1882e4d8e25b2f6cd9d6d6) Importer(2089858483,b0f066a214c2f5e87bad3c948f4d605d) (ScriptedImporter) -> (artifact id: '5cdb7cc7cb72fbacbf9887803a14e5ff') in 0.0061096 seconds
Number of updated asset objects reloaded before import = 0Number of asset objects unloaded after import = 0

========================================================================
Received Import Request.
  Time since last request: 0.000019 seconds.
  path: Packages/com.unity.collab-proxy/Editor/Views/Diff/ClientDiffTreeViewItem.cs
  artifactKey: Guid(3fdd86a000d1ef04094416eefed53087) Importer(2089858483,b0f066a214c2f5e87bad3c948f4d605d)
Start importing Packages/com.unity.collab-proxy/Editor/Views/Diff/ClientDiffTreeViewItem.cs using Guid(3fdd86a000d1ef04094416eefed53087) Importer(2089858483,b0f066a214c2f5e87bad3c948f4d605d) (ScriptedImporter) -> (artifact id: 'a223ac1dfbaf7908d13847eb21e10e1e') in 0.0048539 seconds
Number of updated asset objects reloaded before import = 0Number of asset objects unloaded after import = 0

========================================================================
Received Import Request.
  Time since last request: 0.000015 seconds.
  path: Packages/com.unity.collab-proxy/Editor/CodeEditor/Utils/Empty.cs
  artifactKey: Guid(917f880bb43743a3869e281c51dfdc43) Importer(2089858483,b0f066a214c2f5e87bad3c948f4d605d)
Start importing Packages/com.unity.collab-proxy/Editor/CodeEditor/Utils/Empty.cs using Guid(917f880bb43743a3869e281c51dfdc43) Importer(2089858483,b0f066a214c2f5e87bad3c948f4d605d) (ScriptedImporter) -> (artifact id: '1cb49a5d5289168231c91ba0bdabc5cc') in 0.0042933 seconds
Number of updated asset objects reloaded before import = 0Number of asset objects unloaded after import = 0

========================================================================
Received Import Request.
  Time since last request: 0.000014 seconds.
  path: Packages/com.unity.collab-proxy/Editor/UI/UIElements/ProgressControlsForDialogs.cs
  artifactKey: Guid(f213e847b2dfa264ea3243bef42fbef0) Importer(2089858483,b0f066a214c2f5e87bad3c948f4d605d)
Start importing Packages/com.unity.collab-proxy/Editor/UI/UIElements/ProgressControlsForDialogs.cs using Guid(f213e847b2dfa264ea3243bef42fbef0) Importer(2089858483,b0f066a214c2f5e87bad3c948f4d605d) (ScriptedImporter) -> (artifact id: '1cc24c075027e2cd1d98894b1212aa40') in 0.0041137 seconds
Number of updated asset objects reloaded before import = 0Number of asset objects unloaded after import = 0

========================================================================
Received Import Request.
  Time since last request: 0.000016 seconds.
  path: Packages/com.unity.collab-proxy/Editor/Diff/Purged/PurgedRevisionControl.cs
  artifactKey: Guid(41e102f2e5fa4b40b4ed138a4ca27a14) Importer(2089858483,b0f066a214c2f5e87bad3c948f4d605d)
Start importing Packages/com.unity.collab-proxy/Editor/Diff/Purged/PurgedRevisionControl.cs using Guid(41e102f2e5fa4b40b4ed138a4ca27a14) Importer(2089858483,b0f066a214c2f5e87bad3c948f4d605d) (ScriptedImporter) -> (artifact id: '9d0d950c96b9049aa36bcfd7cf3965da') in 0.0039001 seconds
Number of updated asset objects reloaded before import = 0Number of asset objects unloaded after import = 0

========================================================================
Received Import Request.
  Time since last request: 0.000024 seconds.
  path: Packages/com.unity.collab-proxy/Editor/UI/UIElements/CursorExtensions.cs
  artifactKey: Guid(92adf24130b54e35b6b5830788e8150a) Importer(2089858483,b0f066a214c2f5e87bad3c948f4d605d)
Start importing Packages/com.unity.collab-proxy/Editor/UI/UIElements/CursorExtensions.cs using Guid(92adf24130b54e35b6b5830788e8150a) Importer(2089858483,b0f066a214c2f5e87bad3c948f4d605d) (ScriptedImporter) -> (artifact id: 'f02e157cd9ec50254972c395dba9edc1') in 0.0044946 seconds
Number of updated asset objects reloaded before import = 0Number of asset objects unloaded after import = 0

========================================================================
Received Import Request.
  Time since last request: 0.000014 seconds.
  path: Packages/com.unity.collab-proxy/Editor/CodeEditor/Utils/BusyManager.cs
  artifactKey: Guid(a2601a7e62a84d3e95fe8be6d25a7280) Importer(2089858483,b0f066a214c2f5e87bad3c948f4d605d)
Start importing Packages/com.unity.collab-proxy/Editor/CodeEditor/Utils/BusyManager.cs using Guid(a2601a7e62a84d3e95fe8be6d25a7280) Importer(2089858483,b0f066a214c2f5e87bad3c948f4d605d) (ScriptedImporter) -> (artifact id: 'b4708ac3c71b20868f2ae2703272e5ab') in 0.0036016 seconds
Number of updated asset objects reloaded before import = 0Number of asset objects unloaded after import = 0

========================================================================
Received Import Request.
  Time since last request: 1.537093 seconds.
  path: Packages/com.unity.collab-proxy/Editor/Views/Diff/DiffTreeViewMenu.cs
  artifactKey: Guid(2c9c0041347ae4e4cb794a3da850fa79) Importer(2089858483,b0f066a214c2f5e87bad3c948f4d605d)
Start importing Packages/com.unity.collab-proxy/Editor/Views/Diff/DiffTreeViewMenu.cs using Guid(2c9c0041347ae4e4cb794a3da850fa79) Importer(2089858483,b0f066a214c2f5e87bad3c948f4d605d) (ScriptedImporter) -> (artifact id: '6b7f32733569cfd25772ff224ee43a7f') in 0.0091917 seconds
Number of updated asset objects reloaded before import = 0Number of asset objects unloaded after import = 0

========================================================================
Received Import Request.
  Time since last request: 0.000021 seconds.
  path: Packages/com.unity.collab-proxy/Editor/Views/BranchExplorer/Virtualization/VirtualShapeFactory.cs
  artifactKey: Guid(be0d618f3c51404cb94628b6b6cdc8d7) Importer(2089858483,b0f066a214c2f5e87bad3c948f4d605d)
Start importing Packages/com.unity.collab-proxy/Editor/Views/BranchExplorer/Virtualization/VirtualShapeFactory.cs using Guid(be0d618f3c51404cb94628b6b6cdc8d7) Importer(2089858483,b0f066a214c2f5e87bad3c948f4d605d) (ScriptedImporter) -> (artifact id: '99d8f5c894cf954c99eb1c08446514da') in 0.0038936 seconds
Number of updated asset objects reloaded before import = 0Number of asset objects unloaded after import = 0

========================================================================
Received Import Request.
  Time since last request: 0.000028 seconds.
  path: Packages/com.unity.collab-proxy/Editor/Views/PendingChanges/Dialogs/EmptyCommentDialog.cs
  artifactKey: Guid(6a9d8351b7dac6e4c8e7b27d5cbdd70c) Importer(2089858483,b0f066a214c2f5e87bad3c948f4d605d)
Start importing Packages/com.unity.collab-proxy/Editor/Views/PendingChanges/Dialogs/EmptyCommentDialog.cs using Guid(6a9d8351b7dac6e4c8e7b27d5cbdd70c) Importer(2089858483,b0f066a214c2f5e87bad3c948f4d605d) (ScriptedImporter) -> (artifact id: '60e9a75ad6befdfcbc77be18cae4793d') in 0.0044993 seconds
Number of updated asset objects reloaded before import = 0Number of asset objects unloaded after import = 0

========================================================================
Received Import Request.
  Time since last request: 0.000019 seconds.
  path: Packages/com.unity.collab-proxy/Editor/UVCSToolbar/PopupWindow/Operations/UncontrolledPopupOperations.cs
  artifactKey: Guid(e2d43d3b3af668e4fb7dbf4f2b7384e5) Importer(2089858483,b0f066a214c2f5e87bad3c948f4d605d)
Start importing Packages/com.unity.collab-proxy/Editor/UVCSToolbar/PopupWindow/Operations/UncontrolledPopupOperations.cs using Guid(e2d43d3b3af668e4fb7dbf4f2b7384e5) Importer(2089858483,b0f066a214c2f5e87bad3c948f4d605d) (ScriptedImporter) -> (artifact id: '7d255516e740a2b6467bc003487cf12e') in 0.0040607 seconds
Number of updated asset objects reloaded before import = 0Number of asset objects unloaded after import = 0

========================================================================
Received Import Request.
  Time since last request: 0.000023 seconds.
  path: Packages/com.unity.collab-proxy/Lib/Editor/Localization/differences.es.txt
  artifactKey: Guid(87682812dc6554d4a9ec8ab671249e1a) Importer(2089858483,b0f066a214c2f5e87bad3c948f4d605d)
Start importing Packages/com.unity.collab-proxy/Lib/Editor/Localization/differences.es.txt using Guid(87682812dc6554d4a9ec8ab671249e1a) Importer(2089858483,b0f066a214c2f5e87bad3c948f4d605d) (ScriptedImporter) -> (artifact id: '9b20daec35366ac88f4492da886edb7e') in 0.003856 seconds
Number of updated asset objects reloaded before import = 0Number of asset objects unloaded after import = 1

========================================================================
Received Import Request.
  Time since last request: 0.000018 seconds.
  path: Packages/com.unity.collab-proxy/Lib/Editor/Localization/cm-help.en.txt
  artifactKey: Guid(d27ac2618f7174359bf02e3d71d7cd7b) Importer(2089858483,b0f066a214c2f5e87bad3c948f4d605d)
Start importing Packages/com.unity.collab-proxy/Lib/Editor/Localization/cm-help.en.txt using Guid(d27ac2618f7174359bf02e3d71d7cd7b) Importer(2089858483,b0f066a214c2f5e87bad3c948f4d605d) (ScriptedImporter) -> (artifact id: '365e958766c605115af62e545b60f480') in 0.0053096 seconds
Number of updated asset objects reloaded before import = 0Number of asset objects unloaded after import = 1

========================================================================
Received Import Request.
  Time since last request: 0.000021 seconds.
  path: Packages/com.unity.collab-proxy/Editor/Diff/Asset/Common/DiffValueDisplay.cs
  artifactKey: Guid(cb707ab51a8fe45748564daa6476d9b8) Importer(2089858483,b0f066a214c2f5e87bad3c948f4d605d)
Start importing Packages/com.unity.collab-proxy/Editor/Diff/Asset/Common/DiffValueDisplay.cs using Guid(cb707ab51a8fe45748564daa6476d9b8) Importer(2089858483,b0f066a214c2f5e87bad3c948f4d605d) (ScriptedImporter) -> (artifact id: '7093bd60493a16f3ba3c47f9db764948') in 0.0054389 seconds
Number of updated asset objects reloaded before import = 0Number of asset objects unloaded after import = 0

========================================================================
Received Import Request.
  Time since last request: 0.000029 seconds.
  path: Packages/com.unity.collab-proxy/Editor/CloudDrive/Workspaces/Tree/CloudWorkspacesTreeViewItem.cs
  artifactKey: Guid(7deb947d51d34c76aa03ec6d3a07a4ec) Importer(2089858483,b0f066a214c2f5e87bad3c948f4d605d)
Start importing Packages/com.unity.collab-proxy/Editor/CloudDrive/Workspaces/Tree/CloudWorkspacesTreeViewItem.cs using Guid(7deb947d51d34c76aa03ec6d3a07a4ec) Importer(2089858483,b0f066a214c2f5e87bad3c948f4d605d) (ScriptedImporter) -> (artifact id: '2f90305405ebbaa7a45862686f9d46de') in 0.0049686 seconds
Number of updated asset objects reloaded before import = 0Number of asset objects unloaded after import = 0

========================================================================
Received Import Request.
  Time since last request: 0.000018 seconds.
  path: Packages/com.unity.collab-proxy/Editor/Views/PendingChanges/PendingChangesViewMenu.cs
  artifactKey: Guid(5ae4d88034c6d7b42a84b0a53bb700d4) Importer(2089858483,b0f066a214c2f5e87bad3c948f4d605d)
Start importing Packages/com.unity.collab-proxy/Editor/Views/PendingChanges/PendingChangesViewMenu.cs using Guid(5ae4d88034c6d7b42a84b0a53bb700d4) Importer(2089858483,b0f066a214c2f5e87bad3c948f4d605d) (ScriptedImporter) -> (artifact id: 'f7e711fd6c58dee57cd90fbe489c0a41') in 0.003775 seconds
Number of updated asset objects reloaded before import = 0Number of asset objects unloaded after import = 0

========================================================================
Received Import Request.
  Time since last request: 0.000018 seconds.
  path: Packages/com.unity.collab-proxy/Lib/Editor/Localization/workspaceserver.ko.txt
  artifactKey: Guid(b233593fc686844cba46ccf1c5f750f6) Importer(2089858483,b0f066a214c2f5e87bad3c948f4d605d)
Start importing Packages/com.unity.collab-proxy/Lib/Editor/Localization/workspaceserver.ko.txt using Guid(b233593fc686844cba46ccf1c5f750f6) Importer(2089858483,b0f066a214c2f5e87bad3c948f4d605d) (ScriptedImporter) -> (artifact id: 'f7e9131cc00c18815fe602e75e60773a') in 0.0044944 seconds
Number of updated asset objects reloaded before import = 0Number of asset objects unloaded after import = 1

========================================================================
Received Import Request.
  Time since last request: 0.000017 seconds.
  path: Packages/com.unity.collab-proxy/Lib/Editor/Localization/xdiff.ja.txt
  artifactKey: Guid(1f47f388d466a499b9d9fa66f4eee75c) Importer(2089858483,b0f066a214c2f5e87bad3c948f4d605d)
Start importing Packages/com.unity.collab-proxy/Lib/Editor/Localization/xdiff.ja.txt using Guid(1f47f388d466a499b9d9fa66f4eee75c) Importer(2089858483,b0f066a214c2f5e87bad3c948f4d605d) (ScriptedImporter) -> (artifact id: 'bc28a8553ebcaaca2a4ec4ea9989383b') in 0.0044534 seconds
Number of updated asset objects reloaded before import = 0Number of asset objects unloaded after import = 1

========================================================================
Received Import Request.
  Time since last request: 0.000020 seconds.
  path: Packages/com.unity.collab-proxy/Editor/Diff/Asset/Content/ContentToolbarPanel.cs
  artifactKey: Guid(e534c3e00f154e72ba2a02fbe533bd1a) Importer(2089858483,b0f066a214c2f5e87bad3c948f4d605d)
Start importing Packages/com.unity.collab-proxy/Editor/Diff/Asset/Content/ContentToolbarPanel.cs using Guid(e534c3e00f154e72ba2a02fbe533bd1a) Importer(2089858483,b0f066a214c2f5e87bad3c948f4d605d) (ScriptedImporter) -> (artifact id: '10b2ddb674a9d281b08cbf2819e6b68e') in 0.0036543 seconds
Number of updated asset objects reloaded before import = 0Number of asset objects unloaded after import = 0

========================================================================
Received Import Request.
  Time since last request: 0.000028 seconds.
  path: Packages/com.unity.collab-proxy/Editor/CodeEditor/Indentation/CSharp/CSharpIndentationStrategy.cs
  artifactKey: Guid(14b3605f9aeca40c1b4f815f4fb0229f) Importer(2089858483,b0f066a214c2f5e87bad3c948f4d605d)
Start importing Packages/com.unity.collab-proxy/Editor/CodeEditor/Indentation/CSharp/CSharpIndentationStrategy.cs using Guid(14b3605f9aeca40c1b4f815f4fb0229f) Importer(2089858483,b0f066a214c2f5e87bad3c948f4d605d) (ScriptedImporter) -> (artifact id: '15509d2ef46e04c8de823851f2623c0b') in 0.004957 seconds
Number of updated asset objects reloaded before import = 0Number of asset objects unloaded after import = 0

========================================================================
Received Import Request.
  Time since last request: 0.000019 seconds.
  path: Packages/com.unity.collab-proxy/Editor/Views/Labels/LabelsTab_Operations.cs
  artifactKey: Guid(31a95d07803cf9f48a127ae0fc3e5369) Importer(2089858483,b0f066a214c2f5e87bad3c948f4d605d)
Start importing Packages/com.unity.collab-proxy/Editor/Views/Labels/LabelsTab_Operations.cs using Guid(31a95d07803cf9f48a127ae0fc3e5369) Importer(2089858483,b0f066a214c2f5e87bad3c948f4d605d) (ScriptedImporter) -> (artifact id: '391150884419df0200b65fc9ce76cb74') in 0.0046611 seconds
Number of updated asset objects reloaded before import = 0Number of asset objects unloaded after import = 0

========================================================================
Received Import Request.
  Time since last request: 0.000017 seconds.
  path: Packages/com.unity.collab-proxy/Editor/Views/Properties/CommentTextArea.cs
  artifactKey: Guid(135807053f9344668425b329212cc99c) Importer(2089858483,b0f066a214c2f5e87bad3c948f4d605d)
Start importing Packages/com.unity.collab-proxy/Editor/Views/Properties/CommentTextArea.cs using Guid(135807053f9344668425b329212cc99c) Importer(2089858483,b0f066a214c2f5e87bad3c948f4d605d) (ScriptedImporter) -> (artifact id: 'c2cd54cdbc24bd5fdb93e8c739b3dc8f') in 0.0045407 seconds
Number of updated asset objects reloaded before import = 0Number of asset objects unloaded after import = 0

========================================================================
Received Import Request.
  Time since last request: 0.000018 seconds.
  path: Packages/com.unity.collab-proxy/Editor/Diff/Asset/Common/Meta/MetaTreeHelpers.cs
  artifactKey: Guid(c7acea46926a4331a5b68771443e3ed0) Importer(2089858483,b0f066a214c2f5e87bad3c948f4d605d)
Start importing Packages/com.unity.collab-proxy/Editor/Diff/Asset/Common/Meta/MetaTreeHelpers.cs using Guid(c7acea46926a4331a5b68771443e3ed0) Importer(2089858483,b0f066a214c2f5e87bad3c948f4d605d) (ScriptedImporter) -> (artifact id: 'd5e03b0a1cb2facb1d1d0d46cd8aa51e') in 0.0041339 seconds
Number of updated asset objects reloaded before import = 0Number of asset objects unloaded after import = 0

========================================================================
Received Import Request.
  Time since last request: 0.000021 seconds.
  path: Packages/com.unity.collab-proxy/Lib/Editor/Localization/images.en.txt
  artifactKey: Guid(1cc86432c1db1455eb241690e538fe3b) Importer(2089858483,b0f066a214c2f5e87bad3c948f4d605d)
Start importing Packages/com.unity.collab-proxy/Lib/Editor/Localization/images.en.txt using Guid(1cc86432c1db1455eb241690e538fe3b) Importer(2089858483,b0f066a214c2f5e87bad3c948f4d605d) (ScriptedImporter) -> (artifact id: '16646f310d1035ef2276756b702ca19e') in 0.0035909 seconds
Number of updated asset objects reloaded before import = 0Number of asset objects unloaded after import = 1

========================================================================
Received Import Request.
  Time since last request: 0.000028 seconds.
  path: Packages/com.unity.collab-proxy/Editor/Views/Merge/Developer/MergeTab.cs
  artifactKey: Guid(4f04b21b06239da4f95a5a9753647440) Importer(2089858483,b0f066a214c2f5e87bad3c948f4d605d)
Start importing Packages/com.unity.collab-proxy/Editor/Views/Merge/Developer/MergeTab.cs using Guid(4f04b21b06239da4f95a5a9753647440) Importer(2089858483,b0f066a214c2f5e87bad3c948f4d605d) (ScriptedImporter) -> (artifact id: 'd6939b0c6ed564a050e00ead1083a66d') in 0.0041416 seconds
Number of updated asset objects reloaded before import = 0Number of asset objects unloaded after import = 0

========================================================================
Received Import Request.
  Time since last request: 0.000019 seconds.
  path: Packages/com.unity.collab-proxy/Lib/Editor/Localization/guihelp.ko.txt
  artifactKey: Guid(d82aed42d3f844894a9db69e57405e03) Importer(2089858483,b0f066a214c2f5e87bad3c948f4d605d)
Start importing Packages/com.unity.collab-proxy/Lib/Editor/Localization/guihelp.ko.txt using Guid(d82aed42d3f844894a9db69e57405e03) Importer(2089858483,b0f066a214c2f5e87bad3c948f4d605d) (ScriptedImporter) -> (artifact id: '5a1cd1d654a2e13c9d7aa1c03b810aba') in 0.0051645 seconds
Number of updated asset objects reloaded before import = 0Number of asset objects unloaded after import = 1

========================================================================
Received Import Request.
  Time since last request: 0.000019 seconds.
  path: Packages/com.unity.collab-proxy/Editor/UI/UnityInternals/UnityEditor/EditorWindowInternal.cs
  artifactKey: Guid(68257d0bed044311b8c3688c35a4497b) Importer(2089858483,b0f066a214c2f5e87bad3c948f4d605d)
Start importing Packages/com.unity.collab-proxy/Editor/UI/UnityInternals/UnityEditor/EditorWindowInternal.cs using Guid(68257d0bed044311b8c3688c35a4497b) Importer(2089858483,b0f066a214c2f5e87bad3c948f4d605d) (ScriptedImporter) -> (artifact id: '2e89f0aa94134726741e315f7fdebb89') in 0.0038333 seconds
Number of updated asset objects reloaded before import = 0Number of asset objects unloaded after import = 0

========================================================================
Received Import Request.
  Time since last request: 0.000129 seconds.
  path: Packages/com.unity.collab-proxy/Editor/CloudDrive/Workspaces/DirectoryContent/ItemsGridView.cs
  artifactKey: Guid(f14e29936e8d4feb9bb398b7cbb8fd5a) Importer(2089858483,b0f066a214c2f5e87bad3c948f4d605d)
Start importing Packages/com.unity.collab-proxy/Editor/CloudDrive/Workspaces/DirectoryContent/ItemsGridView.cs using Guid(f14e29936e8d4feb9bb398b7cbb8fd5a) Importer(2089858483,b0f066a214c2f5e87bad3c948f4d605d) (ScriptedImporter) -> (artifact id: 'c6b4c86f56cab5114ae453b9d3c63e23') in 0.0047804 seconds
Number of updated asset objects reloaded before import = 0Number of asset objects unloaded after import = 0

========================================================================
Received Import Request.
  Time since last request: 0.000021 seconds.
  path: Packages/com.unity.collab-proxy/Editor/Diff/Image/Toolbar/ImageDiffToolbar.cs
  artifactKey: Guid(ecd2902f8da144961ba11c078bb1e20b) Importer(2089858483,b0f066a214c2f5e87bad3c948f4d605d)
Start importing Packages/com.unity.collab-proxy/Editor/Diff/Image/Toolbar/ImageDiffToolbar.cs using Guid(ecd2902f8da144961ba11c078bb1e20b) Importer(2089858483,b0f066a214c2f5e87bad3c948f4d605d) (ScriptedImporter) -> (artifact id: '4612307e85726d295361ae33f3a16aeb') in 0.0046716 seconds
Number of updated asset objects reloaded before import = 0Number of asset objects unloaded after import = 0

========================================================================
Received Import Request.
  Time since last request: 0.000028 seconds.
  path: Packages/com.unity.collab-proxy/Editor/Diff/Asset/Common/PropertyRow.cs
  artifactKey: Guid(fc66293009c443c68b1a22dc6b931e6f) Importer(2089858483,b0f066a214c2f5e87bad3c948f4d605d)
Start importing Packages/com.unity.collab-proxy/Editor/Diff/Asset/Common/PropertyRow.cs using Guid(fc66293009c443c68b1a22dc6b931e6f) Importer(2089858483,b0f066a214c2f5e87bad3c948f4d605d) (ScriptedImporter) -> (artifact id: '24e4186325684129defda85ba77cf1ce') in 0.0045975 seconds
Number of updated asset objects reloaded before import = 0Number of asset objects unloaded after import = 0

========================================================================
Received Import Request.
  Time since last request: 0.000017 seconds.
  path: Packages/com.unity.collab-proxy/Editor/UI/UnityInternals/UnityEditor/SettingsWindow.cs
  artifactKey: Guid(c4f779ee37894d99adede8127ac9961d) Importer(2089858483,b0f066a214c2f5e87bad3c948f4d605d)
Start importing Packages/com.unity.collab-proxy/Editor/UI/UnityInternals/UnityEditor/SettingsWindow.cs using Guid(c4f779ee37894d99adede8127ac9961d) Importer(2089858483,b0f066a214c2f5e87bad3c948f4d605d) (ScriptedImporter) -> (artifact id: 'f32b6f005d8eba5d39236e47aca884c9') in 0.0039772 seconds
Number of updated asset objects reloaded before import = 0Number of asset objects unloaded after import = 0

========================================================================
Received Import Request.
  Time since last request: 0.000018 seconds.
  path: Packages/com.unity.collab-proxy/Editor/Diff/Asset/Common/SearchHighlight.cs
  artifactKey: Guid(7c604fb7bc9da45fca4bb28b110301ef) Importer(2089858483,b0f066a214c2f5e87bad3c948f4d605d)
Start importing Packages/com.unity.collab-proxy/Editor/Diff/Asset/Common/SearchHighlight.cs using Guid(7c604fb7bc9da45fca4bb28b110301ef) Importer(2089858483,b0f066a214c2f5e87bad3c948f4d605d) (ScriptedImporter) -> (artifact id: '8275739c116bb20a4d3ae897970632ca') in 0.0038117 seconds
Number of updated asset objects reloaded before import = 0Number of asset objects unloaded after import = 0

========================================================================
Received Import Request.
  Time since last request: 0.000018 seconds.
  path: Packages/com.unity.collab-proxy/Lib/Editor/Localization/workspaceserver.en.txt
  artifactKey: Guid(3d160931f5a1d463cacc8e46051bac91) Importer(2089858483,b0f066a214c2f5e87bad3c948f4d605d)
Start importing Packages/com.unity.collab-proxy/Lib/Editor/Localization/workspaceserver.en.txt using Guid(3d160931f5a1d463cacc8e46051bac91) Importer(2089858483,b0f066a214c2f5e87bad3c948f4d605d) (ScriptedImporter) -> (artifact id: 'e6fef043f0dccc2a311370949bd821d8') in 0.0049912 seconds
Number of updated asset objects reloaded before import = 0Number of asset objects unloaded after import = 1

========================================================================
Received Import Request.
  Time since last request: 0.000020 seconds.
  path: Packages/com.unity.collab-proxy/Editor/Views/PendingChanges/PendingMergeLinks/MergeLinksListView.cs
  artifactKey: Guid(3ee6978573f6f410a9b799889ea0ad13) Importer(2089858483,b0f066a214c2f5e87bad3c948f4d605d)
Start importing Packages/com.unity.collab-proxy/Editor/Views/PendingChanges/PendingMergeLinks/MergeLinksListView.cs using Guid(3ee6978573f6f410a9b799889ea0ad13) Importer(2089858483,b0f066a214c2f5e87bad3c948f4d605d) (ScriptedImporter) -> (artifact id: '05c2db083b5ef0df417ea471c0485b89') in 0.003665 seconds
Number of updated asset objects reloaded before import = 0Number of asset objects unloaded after import = 0

========================================================================
Received Import Request.
  Time since last request: 0.000028 seconds.
  path: Packages/com.unity.collab-proxy/Editor/Diff/Asset/Content/ContentGroupHeaderRow.cs
  artifactKey: Guid(db010bdfb5124461bf82c83e532a3f26) Importer(2089858483,b0f066a214c2f5e87bad3c948f4d605d)
Start importing Packages/com.unity.collab-proxy/Editor/Diff/Asset/Content/ContentGroupHeaderRow.cs using Guid(db010bdfb5124461bf82c83e532a3f26) Importer(2089858483,b0f066a214c2f5e87bad3c948f4d605d) (ScriptedImporter) -> (artifact id: '5591210c30d94491874a8ad61da22df9') in 0.0036564 seconds
Number of updated asset objects reloaded before import = 0Number of asset objects unloaded after import = 0

========================================================================
Received Import Request.
  Time since last request: 0.000018 seconds.
  path: Packages/com.unity.collab-proxy/Editor/Views/History/HistoryListViewMenu.cs
  artifactKey: Guid(c3cec769cd6ff2849aa09c811b62e611) Importer(2089858483,b0f066a214c2f5e87bad3c948f4d605d)
Start importing Packages/com.unity.collab-proxy/Editor/Views/History/HistoryListViewMenu.cs using Guid(c3cec769cd6ff2849aa09c811b62e611) Importer(2089858483,b0f066a214c2f5e87bad3c948f4d605d) (ScriptedImporter) -> (artifact id: '662d1274e515fb46a0f7032532f3e356') in 0.0037977 seconds
Number of updated asset objects reloaded before import = 0Number of asset objects unloaded after import = 0

========================================================================
Received Import Request.
  Time since last request: 0.000019 seconds.
  path: Packages/com.unity.collab-proxy/Lib/Editor/Localization/images.es.txt
  artifactKey: Guid(35e4e59a581b14a438871c37fee1eb75) Importer(2089858483,b0f066a214c2f5e87bad3c948f4d605d)
Start importing Packages/com.unity.collab-proxy/Lib/Editor/Localization/images.es.txt using Guid(35e4e59a581b14a438871c37fee1eb75) Importer(2089858483,b0f066a214c2f5e87bad3c948f4d605d) (ScriptedImporter) -> (artifact id: '1f0f088912ee9f19439d3865fc6f9d9d') in 0.0046716 seconds
Number of updated asset objects reloaded before import = 0Number of asset objects unloaded after import = 1

========================================================================
Received Import Request.
  Time since last request: 0.000017 seconds.
  path: Packages/com.unity.collab-proxy/Editor/Views/BranchExplorer/Menu/BranchExplorerLabelMenu.cs
  artifactKey: Guid(f90d4c194bf143c5a6ca86108b35d4c8) Importer(2089858483,b0f066a214c2f5e87bad3c948f4d605d)
Start importing Packages/com.unity.collab-proxy/Editor/Views/BranchExplorer/Menu/BranchExplorerLabelMenu.cs using Guid(f90d4c194bf143c5a6ca86108b35d4c8) Importer(2089858483,b0f066a214c2f5e87bad3c948f4d605d) (ScriptedImporter) -> (artifact id: '0f11eaba224c290eb7ee498e100f3855') in 0.004057 seconds
Number of updated asset objects reloaded before import = 0Number of asset objects unloaded after import = 0

========================================================================
Received Import Request.
  Time since last request: 0.000021 seconds.
  path: Packages/com.unity.collab-proxy/Editor/UVCSToolbar/PopupWindow/BranchesList/PopupProgressBar.cs
  artifactKey: Guid(fc962e8f744f4e80962b46b05d1c2d27) Importer(2089858483,b0f066a214c2f5e87bad3c948f4d605d)
Start importing Packages/com.unity.collab-proxy/Editor/UVCSToolbar/PopupWindow/BranchesList/PopupProgressBar.cs using Guid(fc962e8f744f4e80962b46b05d1c2d27) Importer(2089858483,b0f066a214c2f5e87bad3c948f4d605d) (ScriptedImporter) -> (artifact id: '5eb7d38f7f5d6af38343904d029a6938') in 0.0039404 seconds
Number of updated asset objects reloaded before import = 0Number of asset objects unloaded after import = 0

========================================================================
Received Import Request.
  Time since last request: 0.000027 seconds.
  path: Packages/com.unity.collab-proxy/Editor/Views/BranchExplorer/Menu/BranchExplorerViewMenu.cs
  artifactKey: Guid(8f5b967c51ec477bb1f1b6aad7b6839f) Importer(2089858483,b0f066a214c2f5e87bad3c948f4d605d)
Start importing Packages/com.unity.collab-proxy/Editor/Views/BranchExplorer/Menu/BranchExplorerViewMenu.cs using Guid(8f5b967c51ec477bb1f1b6aad7b6839f) Importer(2089858483,b0f066a214c2f5e87bad3c948f4d605d) (ScriptedImporter) -> (artifact id: '71ea3970aa84b84a6a2b072ca430da88') in 0.0037785 seconds
Number of updated asset objects reloaded before import = 0Number of asset objects unloaded after import = 0

========================================================================
Received Import Request.
  Time since last request: 0.000018 seconds.
  path: Packages/com.unity.collab-proxy/Editor/Views/BranchExplorer/Menu/BranchExplorerViewBranchMenuOperations.cs
  artifactKey: Guid(91af864187ea4d65841241cea79c3f71) Importer(2089858483,b0f066a214c2f5e87bad3c948f4d605d)
Start importing Packages/com.unity.collab-proxy/Editor/Views/BranchExplorer/Menu/BranchExplorerViewBranchMenuOperations.cs using Guid(91af864187ea4d65841241cea79c3f71) Importer(2089858483,b0f066a214c2f5e87bad3c948f4d605d) (ScriptedImporter) -> (artifact id: 'fc48721d87800f00937acd8d5ad4b7b4') in 0.0039028 seconds
Number of updated asset objects reloaded before import = 0Number of asset objects unloaded after import = 0

========================================================================
Received Import Request.
  Time since last request: 0.000018 seconds.
  path: Packages/com.unity.collab-proxy/Lib/Editor/Localization/guihelp.zh-Hant.txt
  artifactKey: Guid(118fcf393362e4677a4b0fd04265f121) Importer(2089858483,b0f066a214c2f5e87bad3c948f4d605d)
Start importing Packages/com.unity.collab-proxy/Lib/Editor/Localization/guihelp.zh-Hant.txt using Guid(118fcf393362e4677a4b0fd04265f121) Importer(2089858483,b0f066a214c2f5e87bad3c948f4d605d) (ScriptedImporter) -> (artifact id: '260114910964c690179e79f753ba39a2') in 0.0038438 seconds
Number of updated asset objects reloaded before import = 0Number of asset objects unloaded after import = 1

========================================================================
Received Import Request.
  Time since last request: 0.000016 seconds.
  path: Packages/com.unity.collab-proxy/Editor/Diff/Asset/Common/Property/AnimationClipCurveLabels.cs
  artifactKey: Guid(8c2f1ab3d4e5f64a9b7c0d1e2f3a4b5c) Importer(2089858483,b0f066a214c2f5e87bad3c948f4d605d)
Start importing Packages/com.unity.collab-proxy/Editor/Diff/Asset/Common/Property/AnimationClipCurveLabels.cs using Guid(8c2f1ab3d4e5f64a9b7c0d1e2f3a4b5c) Importer(2089858483,b0f066a214c2f5e87bad3c948f4d605d) (ScriptedImporter) -> (artifact id: '0e124e489bdadd2d249dc458a0ccb6e8') in 0.003551 seconds
Number of updated asset objects reloaded before import = 0Number of asset objects unloaded after import = 0

========================================================================
Received Import Request.
  Time since last request: 0.000014 seconds.
  path: Packages/com.unity.collab-proxy/Lib/Editor/Localization/basecommands.zh-Hant.txt
  artifactKey: Guid(e15c5be84e68e4fe2a63b3a4d2adbae1) Importer(2089858483,b0f066a214c2f5e87bad3c948f4d605d)
Start importing Packages/com.unity.collab-proxy/Lib/Editor/Localization/basecommands.zh-Hant.txt using Guid(e15c5be84e68e4fe2a63b3a4d2adbae1) Importer(2089858483,b0f066a214c2f5e87bad3c948f4d605d) (ScriptedImporter) -> (artifact id: 'a2615a284d0abb95061c9365806aabff') in 0.0037436 seconds
Number of updated asset objects reloaded before import = 0Number of asset objects unloaded after import = 1

========================================================================
Received Import Request.
  Time since last request: 0.000016 seconds.
  path: Packages/com.unity.collab-proxy/Editor/Assistant/UI/Interactions/RadioGroupInteraction.cs
  artifactKey: Guid(1ae07da59c7dc45f1ba4ed327c03630b) Importer(2089858483,b0f066a214c2f5e87bad3c948f4d605d)
Start importing Packages/com.unity.collab-proxy/Editor/Assistant/UI/Interactions/RadioGroupInteraction.cs using Guid(1ae07da59c7dc45f1ba4ed327c03630b) Importer(2089858483,b0f066a214c2f5e87bad3c948f4d605d) (ScriptedImporter) -> (artifact id: 'b62fc59fe9071fa606362c046a77189e') in 0.0038074 seconds
Number of updated asset objects reloaded before import = 0Number of asset objects unloaded after import = 0

========================================================================
Received Import Request.
  Time since last request: 0.000022 seconds.
  path: Packages/com.unity.collab-proxy/Editor/Views/PendingChanges/DrawOperationSuccess.cs
  artifactKey: Guid(355a2e6bfc40433bbe273ecf2ed08570) Importer(2089858483,b0f066a214c2f5e87bad3c948f4d605d)
Start importing Packages/com.unity.collab-proxy/Editor/Views/PendingChanges/DrawOperationSuccess.cs using Guid(355a2e6bfc40433bbe273ecf2ed08570) Importer(2089858483,b0f066a214c2f5e87bad3c948f4d605d) (ScriptedImporter) -> (artifact id: 'acca8cadab266ef0d3fb31b16563bac1') in 0.0063405 seconds
Number of updated asset objects reloaded before import = 0Number of asset objects unloaded after import = 0

========================================================================
Received Import Request.
  Time since last request: 0.000016 seconds.
  path: Packages/com.unity.collab-proxy/Lib/Editor/Localization/commontypes.es.txt
  artifactKey: Guid(65f3b5a9bc28743fa8f2708cfd11ed08) Importer(2089858483,b0f066a214c2f5e87bad3c948f4d605d)
Start importing Packages/com.unity.collab-proxy/Lib/Editor/Localization/commontypes.es.txt using Guid(65f3b5a9bc28743fa8f2708cfd11ed08) Importer(2089858483,b0f066a214c2f5e87bad3c948f4d605d) (ScriptedImporter) -> (artifact id: '01a6738447573c109cd70767f11190f6') in 0.0060153 seconds
Number of updated asset objects reloaded before import = 0Number of asset objects unloaded after import = 1

========================================================================
Received Import Request.
  Time since last request: 0.000020 seconds.
  path: Packages/com.unity.collab-proxy/Editor/UVCSToolbar/PopupWindow/BranchesList/NoBranchesEmptyState.cs
  artifactKey: Guid(f4e5325f424d436485dacca7a8d05f0c) Importer(2089858483,b0f066a214c2f5e87bad3c948f4d605d)
Start importing Packages/com.unity.collab-proxy/Editor/UVCSToolbar/PopupWindow/BranchesList/NoBranchesEmptyState.cs using Guid(f4e5325f424d436485dacca7a8d05f0c) Importer(2089858483,b0f066a214c2f5e87bad3c948f4d605d) (ScriptedImporter) -> (artifact id: 'fd14b29a5d2089637f4d887775bff5ec') in 0.0043227 seconds
Number of updated asset objects reloaded before import = 0Number of asset objects unloaded after import = 0

========================================================================
Received Import Request.
  Time since last request: 0.000014 seconds.
  path: Packages/com.unity.collab-proxy/Editor/Views/PendingChanges/Changelists/ChangelistMenu.cs
  artifactKey: Guid(1505aa96e5fd82940aacd76e6431e79d) Importer(2089858483,b0f066a214c2f5e87bad3c948f4d605d)
Start importing Packages/com.unity.collab-proxy/Editor/Views/PendingChanges/Changelists/ChangelistMenu.cs using Guid(1505aa96e5fd82940aacd76e6431e79d) Importer(2089858483,b0f066a214c2f5e87bad3c948f4d605d) (ScriptedImporter) -> (artifact id: 'e75f5a0d3970214eefa5877e62b9bc71') in 0.0039573 seconds
Number of updated asset objects reloaded before import = 0Number of asset objects unloaded after import = 0

========================================================================
Received Import Request.
  Time since last request: 0.000016 seconds.
  path: Packages/com.unity.collab-proxy/Lib/Editor/Localization/xdiff.es.txt
  artifactKey: Guid(e44ad81467ad247c587c5847830740b0) Importer(2089858483,b0f066a214c2f5e87bad3c948f4d605d)
Start importing Packages/com.unity.collab-proxy/Lib/Editor/Localization/xdiff.es.txt using Guid(e44ad81467ad247c587c5847830740b0) Importer(2089858483,b0f066a214c2f5e87bad3c948f4d605d) (ScriptedImporter) -> (artifact id: 'dd50adec0c337e9c4439f4cfb0f7c569') in 0.0045422 seconds
Number of updated asset objects reloaded before import = 0Number of asset objects unloaded after import = 1

========================================================================
Received Import Request.
  Time since last request: 0.000021 seconds.
  path: Packages/com.unity.collab-proxy/Lib/Editor/Localization/i3.ja.txt
  artifactKey: Guid(658d4b56a429c42dc82f506a2767b2e6) Importer(2089858483,b0f066a214c2f5e87bad3c948f4d605d)
Start importing Packages/com.unity.collab-proxy/Lib/Editor/Localization/i3.ja.txt using Guid(658d4b56a429c42dc82f506a2767b2e6) Importer(2089858483,b0f066a214c2f5e87bad3c948f4d605d) (ScriptedImporter) -> (artifact id: '8e123ff00facf9d00a5129e7d6b73624') in 0.0038517 seconds
Number of updated asset objects reloaded before import = 0Number of asset objects unloaded after import = 1

========================================================================
Received Import Request.
  Time since last request: 0.000014 seconds.
  path: Packages/com.unity.collab-proxy/Editor/Views/Merge/Developer/SerializableMergeTabState.cs
  artifactKey: Guid(323d43d865724e90a62ba88dfeacbef2) Importer(2089858483,b0f066a214c2f5e87bad3c948f4d605d)
Start importing Packages/com.unity.collab-proxy/Editor/Views/Merge/Developer/SerializableMergeTabState.cs using Guid(323d43d865724e90a62ba88dfeacbef2) Importer(2089858483,b0f066a214c2f5e87bad3c948f4d605d) (ScriptedImporter) -> (artifact id: '13acf93070210dfe9ce4d514ef9d8ebf') in 0.003438 seconds
Number of updated asset objects reloaded before import = 0Number of asset objects unloaded after import = 0

========================================================================
Received Import Request.
  Time since last request: 0.000020 seconds.
  path: Packages/com.unity.collab-proxy/Editor/Views/Welcome/GetInstallerTmpFileName.cs
  artifactKey: Guid(3e8b32f158e489044a2b257700530f05) Importer(2089858483,b0f066a214c2f5e87bad3c948f4d605d)
Start importing Packages/com.unity.collab-proxy/Editor/Views/Welcome/GetInstallerTmpFileName.cs using Guid(3e8b32f158e489044a2b257700530f05) Importer(2089858483,b0f066a214c2f5e87bad3c948f4d605d) (ScriptedImporter) -> (artifact id: '5a890c8e0f091fdbcd36e71771d013ab') in 0.0046891 seconds
Number of updated asset objects reloaded before import = 0Number of asset objects unloaded after import = 0

========================================================================
Received Import Request.
  Time since last request: 0.000014 seconds.
  path: Packages/com.unity.collab-proxy/Editor/Views/Merge/Gluon/IncomingChangesTab.cs
  artifactKey: Guid(9b917d42ad338ab4494088f574472998) Importer(2089858483,b0f066a214c2f5e87bad3c948f4d605d)
Start importing Packages/com.unity.collab-proxy/Editor/Views/Merge/Gluon/IncomingChangesTab.cs using Guid(9b917d42ad338ab4494088f574472998) Importer(2089858483,b0f066a214c2f5e87bad3c948f4d605d) (ScriptedImporter) -> (artifact id: 'e4cf21c2f5e39588b69e853e86891c76') in 0.011639 seconds
Number of updated asset objects reloaded before import = 0Number of asset objects unloaded after import = 0

========================================================================
Received Import Request.
  Time since last request: 0.000017 seconds.
  path: Packages/com.unity.collab-proxy/Editor/Views/BranchExplorer/Virtualization/ChangesetParentLinkVirtualShape.cs
  artifactKey: Guid(e34d4d09700143d698cc4baf1facbf28) Importer(2089858483,b0f066a214c2f5e87bad3c948f4d605d)
Start importing Packages/com.unity.collab-proxy/Editor/Views/BranchExplorer/Virtualization/ChangesetParentLinkVirtualShape.cs using Guid(e34d4d09700143d698cc4baf1facbf28) Importer(2089858483,b0f066a214c2f5e87bad3c948f4d605d) (ScriptedImporter) -> (artifact id: '63a02a7a5ae80cd33243972db5c99f63') in 0.0052189 seconds
Number of updated asset objects reloaded before import = 0Number of asset objects unloaded after import = 0

========================================================================
Received Import Request.
  Time since last request: 0.000022 seconds.
  path: Packages/com.unity.collab-proxy/Lib/Editor/Localization/configurehelper.es.txt
  artifactKey: Guid(2fde7e5b694b24190a8efa287e8ebafd) Importer(2089858483,b0f066a214c2f5e87bad3c948f4d605d)
Start importing Packages/com.unity.collab-proxy/Lib/Editor/Localization/configurehelper.es.txt using Guid(2fde7e5b694b24190a8efa287e8ebafd) Importer(2089858483,b0f066a214c2f5e87bad3c948f4d605d) (ScriptedImporter) -> (artifact id: '471f9f26de24ba2455f14d1751f020e3') in 0.0039955 seconds
Number of updated asset objects reloaded before import = 0Number of asset objects unloaded after import = 1

========================================================================
Received Import Request.
  Time since last request: 0.000013 seconds.
  path: Packages/com.unity.collab-proxy/Lib/Editor/Localization/mergetool.en.txt
  artifactKey: Guid(bd5f1c13809c1430398256ce75a55836) Importer(2089858483,b0f066a214c2f5e87bad3c948f4d605d)
Start importing Packages/com.unity.collab-proxy/Lib/Editor/Localization/mergetool.en.txt using Guid(bd5f1c13809c1430398256ce75a55836) Importer(2089858483,b0f066a214c2f5e87bad3c948f4d605d) (ScriptedImporter) -> (artifact id: 'd2bfff5aae833aef4a71c2a7864fc017') in 0.0045372 seconds
Number of updated asset objects reloaded before import = 0Number of asset objects unloaded after import = 1

========================================================================
Received Import Request.
  Time since last request: 0.000014 seconds.
  path: Packages/com.unity.collab-proxy/Editor/Views/Shelves/ShelveListViewItem.cs
  artifactKey: Guid(bcc8e3fcf0e9fb0478604e86fa679bcd) Importer(2089858483,b0f066a214c2f5e87bad3c948f4d605d)
Start importing Packages/com.unity.collab-proxy/Editor/Views/Shelves/ShelveListViewItem.cs using Guid(bcc8e3fcf0e9fb0478604e86fa679bcd) Importer(2089858483,b0f066a214c2f5e87bad3c948f4d605d) (ScriptedImporter) -> (artifact id: '6263f3dd832ff114a0e243dd6024d1ac') in 0.0048361 seconds
Number of updated asset objects reloaded before import = 0Number of asset objects unloaded after import = 0

========================================================================
Received Import Request.
  Time since last request: 0.000017 seconds.
  path: Packages/com.unity.collab-proxy/Editor/Views/Locks/LocksListViewItem.cs
  artifactKey: Guid(f4519099779a46cdb95ca9e1d96b7895) Importer(2089858483,b0f066a214c2f5e87bad3c948f4d605d)
Start importing Packages/com.unity.collab-proxy/Editor/Views/Locks/LocksListViewItem.cs using Guid(f4519099779a46cdb95ca9e1d96b7895) Importer(2089858483,b0f066a214c2f5e87bad3c948f4d605d) (ScriptedImporter) -> (artifact id: '0343ecb0e3e5f2a5698b1d3373330bf1') in 0.005422 seconds
Number of updated asset objects reloaded before import = 0Number of asset objects unloaded after import = 0

========================================================================
Received Import Request.
  Time since last request: 0.000020 seconds.
  path: Packages/com.unity.collab-proxy/Editor/Diff/Image/Toolbar/ChannelOptionsView.cs
  artifactKey: Guid(4b4f616cc46fe427abf2c218828fef79) Importer(2089858483,b0f066a214c2f5e87bad3c948f4d605d)
Start importing Packages/com.unity.collab-proxy/Editor/Diff/Image/Toolbar/ChannelOptionsView.cs using Guid(4b4f616cc46fe427abf2c218828fef79) Importer(2089858483,b0f066a214c2f5e87bad3c948f4d605d) (ScriptedImporter) -> (artifact id: 'ca70a86e16de0a660fa39d8519fd851d') in 0.0053768 seconds
Number of updated asset objects reloaded before import = 0Number of asset objects unloaded after import = 0

========================================================================
Received Import Request.
  Time since last request: 0.000022 seconds.
  path: Packages/com.unity.collab-proxy/Editor/_Deprecated/CollabMigration/MigrateCollabProject.cs
  artifactKey: Guid(d877163a4d5b71945ae435ce29592751) Importer(2089858483,b0f066a214c2f5e87bad3c948f4d605d)
Start importing Packages/com.unity.collab-proxy/Editor/_Deprecated/CollabMigration/MigrateCollabProject.cs using Guid(d877163a4d5b71945ae435ce29592751) Importer(2089858483,b0f066a214c2f5e87bad3c948f4d605d) (ScriptedImporter) -> (artifact id: '9894ae4b9c7472b375c0e9f7134d6441') in 0.0045689 seconds
Number of updated asset objects reloaded before import = 0Number of asset objects unloaded after import = 0

========================================================================
Received Import Request.
  Time since last request: 0.000014 seconds.
  path: Packages/com.unity.collab-proxy/Lib/Editor/TextMateSharp/TextMateSharpPlastic.Grammars.dll
  artifactKey: Guid(a05f0da9608ee418d8b0615580a0cc7a) Importer(2089858483,b0f066a214c2f5e87bad3c948f4d605d)
Start importing Packages/com.unity.collab-proxy/Lib/Editor/TextMateSharp/TextMateSharpPlastic.Grammars.dll using Guid(a05f0da9608ee418d8b0615580a0cc7a) Importer(2089858483,b0f066a214c2f5e87bad3c948f4d605d) (ScriptedImporter) -> (artifact id: '5a1a181ef7dbf0eb936175c63bca019b') in 0.0054141 seconds
Number of updated asset objects reloaded before import = 0Number of asset objects unloaded after import = 0

========================================================================
Received Import Request.
  Time since last request: 0.000015 seconds.
  path: Packages/com.unity.collab-proxy/Editor/Views/Diff/Dialogs/GetRestorePathDialog.cs
  artifactKey: Guid(281456381b1a4c742b0efbe305328c7a) Importer(2089858483,b0f066a214c2f5e87bad3c948f4d605d)
Start importing Packages/com.unity.collab-proxy/Editor/Views/Diff/Dialogs/GetRestorePathDialog.cs using Guid(281456381b1a4c742b0efbe305328c7a) Importer(2089858483,b0f066a214c2f5e87bad3c948f4d605d) (ScriptedImporter) -> (artifact id: 'a7ba6bfd1551d7912f14c507fb5bd3a7') in 0.0058376 seconds
Number of updated asset objects reloaded before import = 0Number of asset objects unloaded after import = 0

========================================================================
Received Import Request.
  Time since last request: 0.000015 seconds.
  path: Packages/com.unity.collab-proxy/Lib/Editor/Localization/plastic-gui.ja.txt
  artifactKey: Guid(8dc346ba856ba49aea0cae2c6fb63e9d) Importer(2089858483,b0f066a214c2f5e87bad3c948f4d605d)
Start importing Packages/com.unity.collab-proxy/Lib/Editor/Localization/plastic-gui.ja.txt using Guid(8dc346ba856ba49aea0cae2c6fb63e9d) Importer(2089858483,b0f066a214c2f5e87bad3c948f4d605d) (ScriptedImporter) -> (artifact id: '5055e577a852ded1aa18e1761faf2af9') in 0.0047215 seconds
Number of updated asset objects reloaded before import = 0Number of asset objects unloaded after import = 1

========================================================================
Received Import Request.
  Time since last request: 0.000017 seconds.
  path: Packages/com.unity.collab-proxy/Editor/CodeEditor/Indentation/CSharp/IndentationReformatter.cs
  artifactKey: Guid(28b848f7720bc45fb8f8f4e51bddcfd5) Importer(2089858483,b0f066a214c2f5e87bad3c948f4d605d)
Start importing Packages/com.unity.collab-proxy/Editor/CodeEditor/Indentation/CSharp/IndentationReformatter.cs using Guid(28b848f7720bc45fb8f8f4e51bddcfd5) Importer(2089858483,b0f066a214c2f5e87bad3c948f4d605d) (ScriptedImporter) -> (artifact id: '4b1f378ab439f81e3e27b2c198106f6a') in 0.0043772 seconds
Number of updated asset objects reloaded before import = 0Number of asset objects unloaded after import = 0

========================================================================
Received Import Request.
  Time since last request: 0.000030 seconds.
  path: Packages/com.unity.collab-proxy/Editor/UI/UnityInternals/UnityEditor/GenericMenuExtensions.cs
  artifactKey: Guid(1181856e3fc64a12b4e5d404d501e989) Importer(2089858483,b0f066a214c2f5e87bad3c948f4d605d)
Start importing Packages/com.unity.collab-proxy/Editor/UI/UnityInternals/UnityEditor/GenericMenuExtensions.cs using Guid(1181856e3fc64a12b4e5d404d501e989) Importer(2089858483,b0f066a214c2f5e87bad3c948f4d605d) (ScriptedImporter) -> (artifact id: '05f585b40ddeba55055e4c38b11b609f') in 0.0041894 seconds
Number of updated asset objects reloaded before import = 0Number of asset objects unloaded after import = 0

========================================================================
Received Import Request.
  Time since last request: 0.000024 seconds.
  path: Packages/com.unity.collab-proxy/Editor/Views/History/HistoryListView.cs
  artifactKey: Guid(0ee2845d0d4db9a4a9e8f4f6d0fa4e5e) Importer(2089858483,b0f066a214c2f5e87bad3c948f4d605d)
Start importing Packages/com.unity.collab-proxy/Editor/Views/History/HistoryListView.cs using Guid(0ee2845d0d4db9a4a9e8f4f6d0fa4e5e) Importer(2089858483,b0f066a214c2f5e87bad3c948f4d605d) (ScriptedImporter) -> (artifact id: 'b1e13c1c5d714bdb1f6f8903bf40e688') in 0.0037702 seconds
Number of updated asset objects reloaded before import = 0Number of asset objects unloaded after import = 0

========================================================================
Received Import Request.
  Time since last request: 0.000017 seconds.
  path: Packages/com.unity.collab-proxy/Lib/Editor/Localization/differences.ko.txt
  artifactKey: Guid(f1b52905ca380454cb1eb270517534ee) Importer(2089858483,b0f066a214c2f5e87bad3c948f4d605d)
Start importing Packages/com.unity.collab-proxy/Lib/Editor/Localization/differences.ko.txt using Guid(f1b52905ca380454cb1eb270517534ee) Importer(2089858483,b0f066a214c2f5e87bad3c948f4d605d) (ScriptedImporter) -> (artifact id: 'f8fbe321efabe9cdbe3148f38b0308cb') in 0.0044881 seconds
Number of updated asset objects reloaded before import = 0Number of asset objects unloaded after import = 1

========================================================================
Received Import Request.
  Time since last request: 0.000017 seconds.
  path: Packages/com.unity.collab-proxy/Lib/Editor/Localization/differences.zh-Hans.txt
  artifactKey: Guid(877a99378004f41f2b5a80b2c6541f82) Importer(2089858483,b0f066a214c2f5e87bad3c948f4d605d)
Start importing Packages/com.unity.collab-proxy/Lib/Editor/Localization/differences.zh-Hans.txt using Guid(877a99378004f41f2b5a80b2c6541f82) Importer(2089858483,b0f066a214c2f5e87bad3c948f4d605d) (ScriptedImporter) -> (artifact id: 'eb0743993eb9c0eed1e308978e9c267d') in 0.0037229 seconds
Number of updated asset objects reloaded before import = 0Number of asset objects unloaded after import = 1

========================================================================
Received Import Request.
  Time since last request: 0.000019 seconds.
  path: Packages/com.unity.collab-proxy/Editor/Views/PendingChanges/PendingChangesSelection.cs
  artifactKey: Guid(7a92174abe154af4b99e09e4b6cf31ee) Importer(2089858483,b0f066a214c2f5e87bad3c948f4d605d)
Start importing Packages/com.unity.collab-proxy/Editor/Views/PendingChanges/PendingChangesSelection.cs using Guid(7a92174abe154af4b99e09e4b6cf31ee) Importer(2089858483,b0f066a214c2f5e87bad3c948f4d605d) (ScriptedImporter) -> (artifact id: '1041ba9c48f275c4ec820d5ef20c545e') in 0.0036348 seconds
Number of updated asset objects reloaded before import = 0Number of asset objects unloaded after import = 0

========================================================================
Received Import Request.
  Time since last request: 0.000028 seconds.
  path: Packages/com.unity.collab-proxy/Editor/CloudDrive/Workspaces/DragAndDrop/AskUserForExistingFile.cs
  artifactKey: Guid(509ecc6807ba438a92fbda6424603ecb) Importer(2089858483,b0f066a214c2f5e87bad3c948f4d605d)
Start importing Packages/com.unity.collab-proxy/Editor/CloudDrive/Workspaces/DragAndDrop/AskUserForExistingFile.cs using Guid(509ecc6807ba438a92fbda6424603ecb) Importer(2089858483,b0f066a214c2f5e87bad3c948f4d605d) (ScriptedImporter) -> (artifact id: '53038043fc53366ba67e9f6f3103f3c1') in 0.0036609 seconds
Number of updated asset objects reloaded before import = 0Number of asset objects unloaded after import = 0

========================================================================
Received Import Request.
  Time since last request: 0.000017 seconds.
  path: Packages/com.unity.collab-proxy/Editor/Views/Merge/Gluon/UnityIncomingChangesTree.cs
  artifactKey: Guid(6fb9548ec1290b943b7beca241c81e7d) Importer(2089858483,b0f066a214c2f5e87bad3c948f4d605d)
Start importing Packages/com.unity.collab-proxy/Editor/Views/Merge/Gluon/UnityIncomingChangesTree.cs using Guid(6fb9548ec1290b943b7beca241c81e7d) Importer(2089858483,b0f066a214c2f5e87bad3c948f4d605d) (ScriptedImporter) -> (artifact id: '582b9363336d612a95e76a04c7d4f7cf') in 0.0057406 seconds
Number of updated asset objects reloaded before import = 0Number of asset objects unloaded after import = 0

========================================================================
Received Import Request.
  Time since last request: 0.000018 seconds.
  path: Packages/com.unity.collab-proxy/Lib/Editor/Localization/semantic.ja.txt
  artifactKey: Guid(1b0309336d5d24445a134e6864de91b8) Importer(2089858483,b0f066a214c2f5e87bad3c948f4d605d)
Start importing Packages/com.unity.collab-proxy/Lib/Editor/Localization/semantic.ja.txt using Guid(1b0309336d5d24445a134e6864de91b8) Importer(2089858483,b0f066a214c2f5e87bad3c948f4d605d) (ScriptedImporter) -> (artifact id: '51a05d74eed5c81db184357594087633') in 0.0036277 seconds
Number of updated asset objects reloaded before import = 0Number of asset objects unloaded after import = 1

========================================================================
Received Import Request.
  Time since last request: 0.000017 seconds.
  path: Packages/com.unity.collab-proxy/Lib/Editor/Localization/xdiff.zh-Hant.txt
  artifactKey: Guid(80273283a2a8945eaac4de9bcf33a4bb) Importer(2089858483,b0f066a214c2f5e87bad3c948f4d605d)
Start importing Packages/com.unity.collab-proxy/Lib/Editor/Localization/xdiff.zh-Hant.txt using Guid(80273283a2a8945eaac4de9bcf33a4bb) Importer(2089858483,b0f066a214c2f5e87bad3c948f4d605d) (ScriptedImporter) -> (artifact id: '040064ef5aa452f9612cacbfe370e067') in 0.0036565 seconds
Number of updated asset objects reloaded before import = 0Number of asset objects unloaded after import = 1

========================================================================
Received Import Request.
  Time since last request: 0.000020 seconds.
  path: Packages/com.unity.collab-proxy/Editor/Views/History/SerializableHistoryTabState.cs
  artifactKey: Guid(aa38aeb612889ca428824f7e31a50747) Importer(2089858483,b0f066a214c2f5e87bad3c948f4d605d)
Start importing Packages/com.unity.collab-proxy/Editor/Views/History/SerializableHistoryTabState.cs using Guid(aa38aeb612889ca428824f7e31a50747) Importer(2089858483,b0f066a214c2f5e87bad3c948f4d605d) (ScriptedImporter) -> (artifact id: '75bd4862b4e20a3ab145640a3c0343a0') in 0.0035335 seconds
Number of updated asset objects reloaded before import = 0Number of asset objects unloaded after import = 0

========================================================================
Received Import Request.
  Time since last request: 87.126638 seconds.
  path: Packages/com.unity.collab-proxy/Editor/Diff/Asset/Common/Property/IgnoredProperties.cs
  artifactKey: Guid(1c717ffc06a346f49df5a2fe06338439) Importer(2089858483,b0f066a214c2f5e87bad3c948f4d605d)
Start importing Packages/com.unity.collab-proxy/Editor/Diff/Asset/Common/Property/IgnoredProperties.cs using Guid(1c717ffc06a346f49df5a2fe06338439) Importer(2089858483,b0f066a214c2f5e87bad3c948f4d605d) (ScriptedImporter) -> (artifact id: '9a72bc2321c38319e1e4f24e895e8eae') in 0.0056318 seconds
Number of updated asset objects reloaded before import = 23Number of asset objects unloaded after import = 0

========================================================================
Received Import Request.
  Time since last request: 0.000028 seconds.
  path: Packages/com.unity.collab-proxy/Editor/Diff/Asset/Common/Property/PropertyTreeNode.cs
  artifactKey: Guid(54e0e46a04464397b85f0fd0f73f9d33) Importer(2089858483,b0f066a214c2f5e87bad3c948f4d605d)
Start importing Packages/com.unity.collab-proxy/Editor/Diff/Asset/Common/Property/PropertyTreeNode.cs using Guid(54e0e46a04464397b85f0fd0f73f9d33) Importer(2089858483,b0f066a214c2f5e87bad3c948f4d605d) (ScriptedImporter) -> (artifact id: '22eb6fcab7cb325e2c0b9e0082409dde') in 0.0048478 seconds
Number of updated asset objects reloaded before import = 0Number of asset objects unloaded after import = 0

========================================================================
Received Import Request.
  Time since last request: 0.000036 seconds.
  path: Packages/com.unity.2d.tilemap/Editor/TilemapFocusModeUtility.cs
  artifactKey: Guid(5fb3ada6b424478f868d114ce6117c0a) Importer(2089858483,b0f066a214c2f5e87bad3c948f4d605d)
Start importing Packages/com.unity.2d.tilemap/Editor/TilemapFocusModeUtility.cs using Guid(5fb3ada6b424478f868d114ce6117c0a) Importer(2089858483,b0f066a214c2f5e87bad3c948f4d605d) (ScriptedImporter) -> (artifact id: 'f1c5bde8b714d61e842ba61449238a46') in 0.0063212 seconds
Number of updated asset objects reloaded before import = 0Number of asset objects unloaded after import = 0

========================================================================
Received Import Request.
  Time since last request: 0.000028 seconds.
  path: Packages/com.unity.collab-proxy/Editor/Views/BranchExplorer/Drawing/Shapes/BrExShape.cs
  artifactKey: Guid(2eacfa118da243d793403d45660ec6e1) Importer(2089858483,b0f066a214c2f5e87bad3c948f4d605d)
Start importing Packages/com.unity.collab-proxy/Editor/Views/BranchExplorer/Drawing/Shapes/BrExShape.cs using Guid(2eacfa118da243d793403d45660ec6e1) Importer(2089858483,b0f066a214c2f5e87bad3c948f4d605d) (ScriptedImporter) -> (artifact id: 'ec56da61409f64bea0feccf7d9abcfd9') in 0.0069777 seconds
Number of updated asset objects reloaded before import = 0Number of asset objects unloaded after import = 0

========================================================================
Received Import Request.
  Time since last request: 0.000017 seconds.
  path: Packages/com.unity.burst/Runtime/CompilerServices/SPMD.cs
  artifactKey: Guid(2d8f464f6c9033c89a0ee334f0aad30c) Importer(2089858483,b0f066a214c2f5e87bad3c948f4d605d)
Start importing Packages/com.unity.burst/Runtime/CompilerServices/SPMD.cs using Guid(2d8f464f6c9033c89a0ee334f0aad30c) Importer(2089858483,b0f066a214c2f5e87bad3c948f4d605d) (ScriptedImporter) -> (artifact id: 'd3f9f703614488a1841d1217c4c34e24') in 0.0052508 seconds
Number of updated asset objects reloaded before import = 0Number of asset objects unloaded after import = 0

========================================================================
Received Import Request.
  Time since last request: 0.000018 seconds.
  path: Packages/com.unity.collab-proxy/Editor/Views/Merge/Developer/DirectoryConflicts/AddMoveMenu.cs
  artifactKey: Guid(d06d818a8b620bd4fb87f10782aec42b) Importer(2089858483,b0f066a214c2f5e87bad3c948f4d605d)
Start importing Packages/com.unity.collab-proxy/Editor/Views/Merge/Developer/DirectoryConflicts/AddMoveMenu.cs using Guid(d06d818a8b620bd4fb87f10782aec42b) Importer(2089858483,b0f066a214c2f5e87bad3c948f4d605d) (ScriptedImporter) -> (artifact id: '08a3943a5fee7199b06692778bf10603') in 0.0045365 seconds
Number of updated asset objects reloaded before import = 0Number of asset objects unloaded after import = 0

========================================================================
Received Import Request.
  Time since last request: 0.000026 seconds.
  path: Packages/com.unity.2d.tilemap/Editor/GridBrushesDropdown.cs
  artifactKey: Guid(e61b787c9f6984746a82ecf444056814) Importer(2089858483,b0f066a214c2f5e87bad3c948f4d605d)
Start importing Packages/com.unity.2d.tilemap/Editor/GridBrushesDropdown.cs using Guid(e61b787c9f6984746a82ecf444056814) Importer(2089858483,b0f066a214c2f5e87bad3c948f4d605d) (ScriptedImporter) -> (artifact id: '3fef51b5a7487a0858f0e5c2ca333cb4') in 0.0043687 seconds
Number of updated asset objects reloaded before import = 0Number of asset objects unloaded after import = 0

========================================================================
Received Import Request.
  Time since last request: 0.000016 seconds.
  path: Packages/com.unity.2d.tilemap/Editor/Icons/Grid.FlipY@2x.png
  artifactKey: Guid(baab1bab0820d0942bb79c6da94b1688) Importer(2089858483,b0f066a214c2f5e87bad3c948f4d605d)
Start importing Packages/com.unity.2d.tilemap/Editor/Icons/Grid.FlipY@2x.png using Guid(baab1bab0820d0942bb79c6da94b1688) Importer(2089858483,b0f066a214c2f5e87bad3c948f4d605d) (ScriptedImporter) -> (artifact id: '9f3d30dfd164be33e1b28c6c4185367f') in 0.0091633 seconds
Number of updated asset objects reloaded before import = 0Number of asset objects unloaded after import = 3

========================================================================
Received Import Request.
  Time since last request: 0.000014 seconds.
  path: Packages/com.unity.burst/Runtime/Intrinsics/x86/Bmi1.cs
  artifactKey: Guid(bae2d17db94135ea84f8110705ba44a0) Importer(2089858483,b0f066a214c2f5e87bad3c948f4d605d)
Start importing Packages/com.unity.burst/Runtime/Intrinsics/x86/Bmi1.cs using Guid(bae2d17db94135ea84f8110705ba44a0) Importer(2089858483,b0f066a214c2f5e87bad3c948f4d605d) (ScriptedImporter) -> (artifact id: '644769d90dcb9f2f945271e1812d4cb3') in 0.0037875 seconds
Number of updated asset objects reloaded before import = 0Number of asset objects unloaded after import = 0

========================================================================
Received Import Request.
  Time since last request: 0.000016 seconds.
  path: Packages/com.unity.2d.tilemap/Editor/Icons/d_Tilemap.ShowGrid@4x.png
  artifactKey: Guid(2d35623559ffd044682af7e09affdcc8) Importer(2089858483,b0f066a214c2f5e87bad3c948f4d605d)
Start importing Packages/com.unity.2d.tilemap/Editor/Icons/d_Tilemap.ShowGrid@4x.png using Guid(2d35623559ffd044682af7e09affdcc8) Importer(2089858483,b0f066a214c2f5e87bad3c948f4d605d) (ScriptedImporter) -> (artifact id: '5a97588ab6a789919654c6d161232dea') in 0.0082075 seconds
Number of updated asset objects reloaded before import = 0Number of asset objects unloaded after import = 3

========================================================================
Received Import Request.
  Time since last request: 0.000027 seconds.
  path: Packages/com.unity.burst/Runtime/Intrinsics/Arm/NEON_AArch64_dotprod.cs
  artifactKey: Guid(ae2473ecba7e346e806e9120b6533cf4) Importer(2089858483,b0f066a214c2f5e87bad3c948f4d605d)
Start importing Packages/com.unity.burst/Runtime/Intrinsics/Arm/NEON_AArch64_dotprod.cs using Guid(ae2473ecba7e346e806e9120b6533cf4) Importer(2089858483,b0f066a214c2f5e87bad3c948f4d605d) (ScriptedImporter) -> (artifact id: '7f5d03df45b18bfe98ad42ea2b194ce3') in 0.0060237 seconds
Number of updated asset objects reloaded before import = 0Number of asset objects unloaded after import = 0

========================================================================
Received Import Request.
  Time since last request: 0.000027 seconds.
  path: Packages/com.unity.2d.tilemap/Editor/GridPaletteUtility.cs
  artifactKey: Guid(8b5e0f8599da083488da675fc79c5c66) Importer(2089858483,b0f066a214c2f5e87bad3c948f4d605d)
Start importing Packages/com.unity.2d.tilemap/Editor/GridPaletteUtility.cs using Guid(8b5e0f8599da083488da675fc79c5c66) Importer(2089858483,b0f066a214c2f5e87bad3c948f4d605d) (ScriptedImporter) -> (artifact id: '5df474275ff2bc6d24423b5394a4cf49') in 0.0046213 seconds
Number of updated asset objects reloaded before import = 0Number of asset objects unloaded after import = 0

========================================================================
Received Import Request.
  Time since last request: 0.000018 seconds.
  path: Packages/com.unity.2d.tilemap/Editor/Icons/EditorUI.Target.png
  artifactKey: Guid(cf94b5ae9bca88f4a97ce96847235ba3) Importer(2089858483,b0f066a214c2f5e87bad3c948f4d605d)
Start importing Packages/com.unity.2d.tilemap/Editor/Icons/EditorUI.Target.png using Guid(cf94b5ae9bca88f4a97ce96847235ba3) Importer(2089858483,b0f066a214c2f5e87bad3c948f4d605d) (ScriptedImporter) -> (artifact id: '512e37f790e21bd85668f95e8af975f6') in 0.0091059 seconds
Number of updated asset objects reloaded before import = 0Number of asset objects unloaded after import = 3

========================================================================
Received Import Request.
  Time since last request: 0.000032 seconds.
  path: Packages/com.unity.burst/Runtime/Intrinsics/x86/Common.cs
  artifactKey: Guid(000378914c63384c8062cbad18605802) Importer(2089858483,b0f066a214c2f5e87bad3c948f4d605d)
Start importing Packages/com.unity.burst/Runtime/Intrinsics/x86/Common.cs using Guid(000378914c63384c8062cbad18605802) Importer(2089858483,b0f066a214c2f5e87bad3c948f4d605d) (ScriptedImporter) -> (artifact id: 'd09f5a290fb5c12d7ba3a581d326bae3') in 0.0038398 seconds
Number of updated asset objects reloaded before import = 0Number of asset objects unloaded after import = 0

========================================================================
Received Import Request.
  Time since last request: 0.000018 seconds.
  path: Packages/com.unity.modules.terrain/package.json
  artifactKey: Guid(6d56244f8c39a851975d3c0bd432c66f) Importer(2089858483,b0f066a214c2f5e87bad3c948f4d605d)
Start importing Packages/com.unity.modules.terrain/package.json using Guid(6d56244f8c39a851975d3c0bd432c66f) Importer(2089858483,b0f066a214c2f5e87bad3c948f4d605d) (ScriptedImporter) -> (artifact id: '10469831d4cba44ae579609f6553c402') in 0.0040801 seconds
Number of updated asset objects reloaded before import = 0Number of asset objects unloaded after import = 1

========================================================================
Received Import Request.
  Time since last request: 0.000019 seconds.
  path: Packages/com.unity.collab-proxy/Editor/Diff/Image/Views/OnionSkin/OnionSkinImageView.cs
  artifactKey: Guid(62fe16837ace7440c893c6e7bf705e60) Importer(2089858483,b0f066a214c2f5e87bad3c948f4d605d)
Start importing Packages/com.unity.collab-proxy/Editor/Diff/Image/Views/OnionSkin/OnionSkinImageView.cs using Guid(62fe16837ace7440c893c6e7bf705e60) Importer(2089858483,b0f066a214c2f5e87bad3c948f4d605d) (ScriptedImporter) -> (artifact id: '1d52f0cbd1b76f49776870778567965d') in 0.0043877 seconds
Number of updated asset objects reloaded before import = 0Number of asset objects unloaded after import = 0

========================================================================
Received Import Request.
  Time since last request: 0.000034 seconds.
  path: Packages/com.unity.2d.tilemap/Editor/Icons/Tilemap.ActiveTargetLayers@2x.png
  artifactKey: Guid(f708c0da8a2b5fc4381f7f8d4a322a0a) Importer(2089858483,b0f066a214c2f5e87bad3c948f4d605d)
Start importing Packages/com.unity.2d.tilemap/Editor/Icons/Tilemap.ActiveTargetLayers@2x.png using Guid(f708c0da8a2b5fc4381f7f8d4a322a0a) Importer(2089858483,b0f066a214c2f5e87bad3c948f4d605d) (ScriptedImporter) -> (artifact id: '556e58535bc314af53357cd21ed18371') in 0.0158048 seconds
Number of updated asset objects reloaded before import = 0Number of asset objects unloaded after import = 3

========================================================================
Received Import Request.
  Time since last request: 0.000019 seconds.
  path: Packages/com.unity.collab-proxy/Editor/Views/Merge/Developer/DirectoryConflicts/MoveAddMenu.cs
  artifactKey: Guid(3deb46ccbc8389f4cb34c6d0032db5a1) Importer(2089858483,b0f066a214c2f5e87bad3c948f4d605d)
Start importing Packages/com.unity.collab-proxy/Editor/Views/Merge/Developer/DirectoryConflicts/MoveAddMenu.cs using Guid(3deb46ccbc8389f4cb34c6d0032db5a1) Importer(2089858483,b0f066a214c2f5e87bad3c948f4d605d) (ScriptedImporter) -> (artifact id: '2a58aef3db727f534001b1dbb7f52732') in 0.0040249 seconds
Number of updated asset objects reloaded before import = 0Number of asset objects unloaded after import = 0

========================================================================
Received Import Request.
  Time since last request: 0.000019 seconds.
  path: Packages/com.unity.burst/Runtime/BurstString.Float.cs
  artifactKey: Guid(4592eab4973c370d8a7a7bb9cb4e4344) Importer(2089858483,b0f066a214c2f5e87bad3c948f4d605d)
Start importing Packages/com.unity.burst/Runtime/BurstString.Float.cs using Guid(4592eab4973c370d8a7a7bb9cb4e4344) Importer(2089858483,b0f066a214c2f5e87bad3c948f4d605d) (ScriptedImporter) -> (artifact id: '5ae523d1d85347faba0c7ff881d52f3b') in 0.0047262 seconds
Number of updated asset objects reloaded before import = 0Number of asset objects unloaded after import = 0

========================================================================
Received Import Request.
  Time since last request: 0.000022 seconds.
  path: Packages/com.unity.2d.tilemap/Editor/GridBrush.cs
  artifactKey: Guid(4009bdfbd908ccf41a101be04ed6567d) Importer(2089858483,b0f066a214c2f5e87bad3c948f4d605d)
Start importing Packages/com.unity.2d.tilemap/Editor/GridBrush.cs using Guid(4009bdfbd908ccf41a101be04ed6567d) Importer(2089858483,b0f066a214c2f5e87bad3c948f4d605d) (ScriptedImporter) -> (artifact id: '7a2b62367308b7cbfffccaa13df47276') in 0.0057559 seconds
Number of updated asset objects reloaded before import = 0Number of asset objects unloaded after import = 0

========================================================================
Received Import Request.
  Time since last request: 0.000028 seconds.
  path: Packages/com.unity.burst/Runtime/Intrinsics/x86/Sse2.cs
  artifactKey: Guid(f0de54c00de3304699fdf0bedf123944) Importer(2089858483,b0f066a214c2f5e87bad3c948f4d605d)
Start importing Packages/com.unity.burst/Runtime/Intrinsics/x86/Sse2.cs using Guid(f0de54c00de3304699fdf0bedf123944) Importer(2089858483,b0f066a214c2f5e87bad3c948f4d605d) (ScriptedImporter) -> (artifact id: '30f32947f7620d373d39d867512e7cbb') in 0.0056635 seconds
Number of updated asset objects reloaded before import = 0Number of asset objects unloaded after import = 0

========================================================================
Received Import Request.
  Time since last request: 0.000020 seconds.
  path: Packages/com.unity.2d.tilemap/Editor/TileDragAndDrop.cs
  artifactKey: Guid(3b0299838696e2c4f9e31bdc0c8757f9) Importer(2089858483,b0f066a214c2f5e87bad3c948f4d605d)
Start importing Packages/com.unity.2d.tilemap/Editor/TileDragAndDrop.cs using Guid(3b0299838696e2c4f9e31bdc0c8757f9) Importer(2089858483,b0f066a214c2f5e87bad3c948f4d605d) (ScriptedImporter) -> (artifact id: '5bc156bfd7c620b3bcef7741c12c16cc') in 0.0050455 seconds
Number of updated asset objects reloaded before import = 0Number of asset objects unloaded after import = 0

========================================================================
Received Import Request.
  Time since last request: 0.000017 seconds.
  path: Packages/com.unity.burst/Editor/Unity.Burst.Editor.asmdef
  artifactKey: Guid(b75d3cd3037d383a8d1e2f9a26d73d8a) Importer(2089858483,b0f066a214c2f5e87bad3c948f4d605d)
Start importing Packages/com.unity.burst/Editor/Unity.Burst.Editor.asmdef using Guid(b75d3cd3037d383a8d1e2f9a26d73d8a) Importer(2089858483,b0f066a214c2f5e87bad3c948f4d605d) (ScriptedImporter) -> (artifact id: 'fdfca348b91f2ba4c4139af5b793dd84') in 0.0035526 seconds
Number of updated asset objects reloaded before import = 0Number of asset objects unloaded after import = 1

========================================================================
Received Import Request.
  Time since last request: 0.000016 seconds.
  path: Packages/com.unity.burst/Runtime/Intrinsics/Arm/NEON_AArch64_crypto.cs
  artifactKey: Guid(db8f2de394d138e1967d236540227a26) Importer(2089858483,b0f066a214c2f5e87bad3c948f4d605d)
Start importing Packages/com.unity.burst/Runtime/Intrinsics/Arm/NEON_AArch64_crypto.cs using Guid(db8f2de394d138e1967d236540227a26) Importer(2089858483,b0f066a214c2f5e87bad3c948f4d605d) (ScriptedImporter) -> (artifact id: 'b7b99f135cc3dd98c3b955901ae361b2') in 0.0051288 seconds
Number of updated asset objects reloaded before import = 0Number of asset objects unloaded after import = 0

========================================================================
Received Import Request.
  Time since last request: 0.000030 seconds.
  path: Packages/com.unity.collab-proxy/Lib/Editor/TextMateSharp/Onigwrap/libonigwrap/win-x86/libonigwrap.dll
  artifactKey: Guid(79b3e6b3ce8c544459dd8dfbe0231dd6) Importer(2089858483,b0f066a214c2f5e87bad3c948f4d605d)
Start importing Packages/com.unity.collab-proxy/Lib/Editor/TextMateSharp/Onigwrap/libonigwrap/win-x86/libonigwrap.dll using Guid(79b3e6b3ce8c544459dd8dfbe0231dd6) Importer(2089858483,b0f066a214c2f5e87bad3c948f4d605d) (ScriptedImporter) -> (artifact id: '2d7d979fbd7b49f6a32aad774f0f18a6') in 0.0072038 seconds
Number of updated asset objects reloaded before import = 0Number of asset objects unloaded after import = 0

========================================================================
Received Import Request.
  Time since last request: 0.000027 seconds.
  path: Packages/com.unity.2d.tilemap/package.json
  artifactKey: Guid(51797d68d3132bb419217a229e09fc47) Importer(2089858483,b0f066a214c2f5e87bad3c948f4d605d)
Start importing Packages/com.unity.2d.tilemap/package.json using Guid(51797d68d3132bb419217a229e09fc47) Importer(2089858483,b0f066a214c2f5e87bad3c948f4d605d) (ScriptedImporter) -> (artifact id: 'abcafe39df0adb694367d47ed8f8fc5e') in 0.0038008 seconds
Number of updated asset objects reloaded before import = 0Number of asset objects unloaded after import = 1

========================================================================
Received Import Request.
  Time since last request: 0.000017 seconds.
  path: Packages/com.unity.collab-proxy/Lib/Editor/TextMateSharp/Onigwrap/libonigwrap/osx-arm64/libonigwrap.dylib
  artifactKey: Guid(4c6624b0864b74bcb97dee447046746e) Importer(2089858483,b0f066a214c2f5e87bad3c948f4d605d)
Start importing Packages/com.unity.collab-proxy/Lib/Editor/TextMateSharp/Onigwrap/libonigwrap/osx-arm64/libonigwrap.dylib using Guid(4c6624b0864b74bcb97dee447046746e) Importer(2089858483,b0f066a214c2f5e87bad3c948f4d605d) (ScriptedImporter) -> (artifact id: '71b774bce7bba65ac513e72b841e0d70') in 0.0068764 seconds
Number of updated asset objects reloaded before import = 0Number of asset objects unloaded after import = 0

========================================================================
Received Import Request.
  Time since last request: 0.000022 seconds.
  path: Packages/com.unity.2d.tilemap/Editor/Icons/d_Grid.FlipX@2x.png
  artifactKey: Guid(1f26945e970839e41ba35badd04237ef) Importer(2089858483,b0f066a214c2f5e87bad3c948f4d605d)
Start importing Packages/com.unity.2d.tilemap/Editor/Icons/d_Grid.FlipX@2x.png using Guid(1f26945e970839e41ba35badd04237ef) Importer(2089858483,b0f066a214c2f5e87bad3c948f4d605d) (ScriptedImporter) -> (artifact id: '90e65ff962c77d4f42a728e1ea25c654') in 0.0088005 seconds
Number of updated asset objects reloaded before import = 0Number of asset objects unloaded after import = 3

========================================================================
Received Import Request.
  Time since last request: 0.000019 seconds.
  path: Packages/com.unity.2d.tilemap/Editor/EditorTools/EraseTool.cs
  artifactKey: Guid(0de3343905095ab4c9d52addc012a937) Importer(2089858483,b0f066a214c2f5e87bad3c948f4d605d)
Start importing Packages/com.unity.2d.tilemap/Editor/EditorTools/EraseTool.cs using Guid(0de3343905095ab4c9d52addc012a937) Importer(2089858483,b0f066a214c2f5e87bad3c948f4d605d) (ScriptedImporter) -> (artifact id: '1896aa642011593981d4281a18d2af45') in 0.0038899 seconds
Number of updated asset objects reloaded before import = 0Number of asset objects unloaded after import = 0

========================================================================
Received Import Request.
  Time since last request: 0.000021 seconds.
  path: Packages/com.unity.2d.tilemap/Editor/Icons/d_Tilemap.GridPaint.png
  artifactKey: Guid(26f3d342b8e95b24da7ec4638d7f2322) Importer(2089858483,b0f066a214c2f5e87bad3c948f4d605d)
Start importing Packages/com.unity.2d.tilemap/Editor/Icons/d_Tilemap.GridPaint.png using Guid(26f3d342b8e95b24da7ec4638d7f2322) Importer(2089858483,b0f066a214c2f5e87bad3c948f4d605d) (ScriptedImporter) -> (artifact id: '12dcba15db11454248324281c2faeb6f') in 0.0086323 seconds
Number of updated asset objects reloaded before import = 0Number of asset objects unloaded after import = 3

========================================================================
Received Import Request.
  Time since last request: 0.000039 seconds.
  path: Packages/com.unity.burst/Unity.Burst.CodeGen/Unity.Burst.Cecil.Pdb.dll
  artifactKey: Guid(61f68ecf9182840f7a8c8f0a7cbbbc47) Importer(2089858483,b0f066a214c2f5e87bad3c948f4d605d)
Start importing Packages/com.unity.burst/Unity.Burst.CodeGen/Unity.Burst.Cecil.Pdb.dll using Guid(61f68ecf9182840f7a8c8f0a7cbbbc47) Importer(2089858483,b0f066a214c2f5e87bad3c948f4d605d) (ScriptedImporter) -> (artifact id: '2295c679d7ac0c8824519b25ec77a192') in 0.0042864 seconds
Number of updated asset objects reloaded before import = 0Number of asset objects unloaded after import = 0

========================================================================
Received Import Request.
  Time since last request: 0.000019 seconds.
  path: Packages/com.unity.collab-proxy/Editor/Views/BranchExplorer/Drawing/Shapes/Colors/BrExLineWidths.cs
  artifactKey: Guid(22fddd1dbabe4f35b6d26dd7691d9882) Importer(2089858483,b0f066a214c2f5e87bad3c948f4d605d)
Start importing Packages/com.unity.collab-proxy/Editor/Views/BranchExplorer/Drawing/Shapes/Colors/BrExLineWidths.cs using Guid(22fddd1dbabe4f35b6d26dd7691d9882) Importer(2089858483,b0f066a214c2f5e87bad3c948f4d605d) (ScriptedImporter) -> (artifact id: '548ad3295225b5c6c9c2e81b5d23a2cf') in 0.0039968 seconds
Number of updated asset objects reloaded before import = 0Number of asset objects unloaded after import = 0

========================================================================
Received Import Request.
  Time since last request: 0.000022 seconds.
  path: Packages/com.unity.2d.tilemap/Editor/GridSelection.cs
  artifactKey: Guid(67ffa6242c6ee9246a64038878f96adc) Importer(2089858483,b0f066a214c2f5e87bad3c948f4d605d)
Start importing Packages/com.unity.2d.tilemap/Editor/GridSelection.cs using Guid(67ffa6242c6ee9246a64038878f96adc) Importer(2089858483,b0f066a214c2f5e87bad3c948f4d605d) (ScriptedImporter) -> (artifact id: '703f04f4cdbd75b4c98e918cbdbe0900') in 0.0073592 seconds
Number of updated asset objects reloaded before import = 0Number of asset objects unloaded after import = 0

========================================================================
Received Import Request.
  Time since last request: 0.000022 seconds.
  path: Packages/com.unity.burst/Editor/LongTextArea.cs
  artifactKey: Guid(7f3eb54e86493a18ab63896161080959) Importer(2089858483,b0f066a214c2f5e87bad3c948f4d605d)
Start importing Packages/com.unity.burst/Editor/LongTextArea.cs using Guid(7f3eb54e86493a18ab63896161080959) Importer(2089858483,b0f066a214c2f5e87bad3c948f4d605d) (ScriptedImporter) -> (artifact id: '25cf0152df71ad324a77f1ea6b9b5099') in 0.0064255 seconds
Number of updated asset objects reloaded before import = 0Number of asset objects unloaded after import = 0

========================================================================
Received Import Request.
  Time since last request: 0.000021 seconds.
  path: Packages/com.unity.burst/Unity.Burst.CodeGen/CecilExtensions.cs
  artifactKey: Guid(f0f1d1ee0d88384188ad6cdcffc5e9d8) Importer(2089858483,b0f066a214c2f5e87bad3c948f4d605d)
Start importing Packages/com.unity.burst/Unity.Burst.CodeGen/CecilExtensions.cs using Guid(f0f1d1ee0d88384188ad6cdcffc5e9d8) Importer(2089858483,b0f066a214c2f5e87bad3c948f4d605d) (ScriptedImporter) -> (artifact id: '9752a274881f312ada054d0587ba5047') in 0.0080836 seconds
Number of updated asset objects reloaded before import = 0Number of asset objects unloaded after import = 0

========================================================================
Received Import Request.
  Time since last request: 0.000037 seconds.
  path: Packages/com.unity.burst/Runtime/SharedStatic.cs
  artifactKey: Guid(846fa0bc75d83bf68b12e21e5594a612) Importer(2089858483,b0f066a214c2f5e87bad3c948f4d605d)
Start importing Packages/com.unity.burst/Runtime/SharedStatic.cs using Guid(846fa0bc75d83bf68b12e21e5594a612) Importer(2089858483,b0f066a214c2f5e87bad3c948f4d605d) (ScriptedImporter) -> (artifact id: '2c48969da18b2dd60d53b1c1dfd365e9') in 0.0057626 seconds
Number of updated asset objects reloaded before import = 0Number of asset objects unloaded after import = 0

========================================================================
Received Import Request.
  Time since last request: 0.000023 seconds.
  path: Packages/com.unity.2d.tilemap/Editor/Icons/d_Tilemap.BrushPicks.png
  artifactKey: Guid(bdab342e8f290224dbdbc33dd03605c4) Importer(2089858483,b0f066a214c2f5e87bad3c948f4d605d)
Start importing Packages/com.unity.2d.tilemap/Editor/Icons/d_Tilemap.BrushPicks.png using Guid(bdab342e8f290224dbdbc33dd03605c4) Importer(2089858483,b0f066a214c2f5e87bad3c948f4d605d) (ScriptedImporter) -> (artifact id: '1e90f2e93b554901b2ed0e3928aff412') in 0.0167621 seconds
Number of updated asset objects reloaded before import = 0Number of asset objects unloaded after import = 3

========================================================================
Received Import Request.
  Time since last request: 0.000019 seconds.
  path: Packages/com.unity.burst/Runtime/Intrinsics/x86/Fma.cs
  artifactKey: Guid(4d7325591616354d86b1492e282843f4) Importer(2089858483,b0f066a214c2f5e87bad3c948f4d605d)
Start importing Packages/com.unity.burst/Runtime/Intrinsics/x86/Fma.cs using Guid(4d7325591616354d86b1492e282843f4) Importer(2089858483,b0f066a214c2f5e87bad3c948f4d605d) (ScriptedImporter) -> (artifact id: 'a14a4a66bf80cfb6c03394b512ec1ced') in 0.0056257 seconds
Number of updated asset objects reloaded before import = 0Number of asset objects unloaded after import = 0

========================================================================
Received Import Request.
  Time since last request: 0.000028 seconds.
  path: Packages/com.unity.2d.tilemap/Editor/TileDragAndDropHoverData.cs
  artifactKey: Guid(c63fe6f3b17a3b84c91fa9e96162da05) Importer(2089858483,b0f066a214c2f5e87bad3c948f4d605d)
Start importing Packages/com.unity.2d.tilemap/Editor/TileDragAndDropHoverData.cs using Guid(c63fe6f3b17a3b84c91fa9e96162da05) Importer(2089858483,b0f066a214c2f5e87bad3c948f4d605d) (ScriptedImporter) -> (artifact id: '1e469ce3f92f52e942d99789953befb4') in 0.0083184 seconds
Number of updated asset objects reloaded before import = 0Number of asset objects unloaded after import = 0

========================================================================
Received Import Request.
  Time since last request: 0.000030 seconds.
  path: Packages/com.unity.burst/Unity.Burst.CodeGen/Unity.Burst.Cecil.Mdb.dll
  artifactKey: Guid(74f442ba825df4d0483995eadabb1fd4) Importer(2089858483,b0f066a214c2f5e87bad3c948f4d605d)
Start importing Packages/com.unity.burst/Unity.Burst.CodeGen/Unity.Burst.Cecil.Mdb.dll using Guid(74f442ba825df4d0483995eadabb1fd4) Importer(2089858483,b0f066a214c2f5e87bad3c948f4d605d) (ScriptedImporter) -> (artifact id: '3a6ad06acd26335ff45864d90466f764') in 0.0067384 seconds
Number of updated asset objects reloaded before import = 0Number of asset objects unloaded after import = 0

========================================================================
Received Import Request.
  Time since last request: 0.000019 seconds.
  path: Packages/com.unity.collab-proxy/Editor/Views/BranchExplorer/Drawing/Shapes/Connections/ShapeConnectionBuilder.cs
  artifactKey: Guid(e68a46ad78cc4cec9266e64ae51c807f) Importer(2089858483,b0f066a214c2f5e87bad3c948f4d605d)
Start importing Packages/com.unity.collab-proxy/Editor/Views/BranchExplorer/Drawing/Shapes/Connections/ShapeConnectionBuilder.cs using Guid(e68a46ad78cc4cec9266e64ae51c807f) Importer(2089858483,b0f066a214c2f5e87bad3c948f4d605d) (ScriptedImporter) -> (artifact id: 'dec9617829f2ac421f562a76e94da6c9') in 0.0077957 seconds
Number of updated asset objects reloaded before import = 0Number of asset objects unloaded after import = 0

========================================================================
Received Import Request.
  Time since last request: 0.000017 seconds.
  path: Packages/com.unity.collab-proxy/Editor/Views/BranchExplorer/Drawing/Shapes/BranchShape.cs
  artifactKey: Guid(7f5193b7e776436a9f838cd480cb7460) Importer(2089858483,b0f066a214c2f5e87bad3c948f4d605d)
Start importing Packages/com.unity.collab-proxy/Editor/Views/BranchExplorer/Drawing/Shapes/BranchShape.cs using Guid(7f5193b7e776436a9f838cd480cb7460) Importer(2089858483,b0f066a214c2f5e87bad3c948f4d605d) (ScriptedImporter) -> (artifact id: '28a39f114b46066764f377b935b25e26') in 0.0051704 seconds
Number of updated asset objects reloaded before import = 0Number of asset objects unloaded after import = 0

========================================================================
Received Import Request.
  Time since last request: 0.000021 seconds.
  path: Packages/com.unity.2d.tilemap/CHANGELOG.md
  artifactKey: Guid(ea7e55ba5de304f4496c0a6f9114405c) Importer(2089858483,b0f066a214c2f5e87bad3c948f4d605d)
Start importing Packages/com.unity.2d.tilemap/CHANGELOG.md using Guid(ea7e55ba5de304f4496c0a6f9114405c) Importer(2089858483,b0f066a214c2f5e87bad3c948f4d605d) (ScriptedImporter) -> (artifact id: '19eff630c72f9890da247c5f5dbe95fb') in 0.0063956 seconds
Number of updated asset objects reloaded before import = 0Number of asset objects unloaded after import = 1

========================================================================
Received Import Request.
  Time since last request: 0.000035 seconds.
  path: Packages/com.unity.burst/Unity.Burst.CodeGen/BurstILPostProcessor.cs
  artifactKey: Guid(ddf71e25119f3861b687943b050c9971) Importer(2089858483,b0f066a214c2f5e87bad3c948f4d605d)
Start importing Packages/com.unity.burst/Unity.Burst.CodeGen/BurstILPostProcessor.cs using Guid(ddf71e25119f3861b687943b050c9971) Importer(2089858483,b0f066a214c2f5e87bad3c948f4d605d) (ScriptedImporter) -> (artifact id: '2843f337cba570bcf19f189df71745e5') in 0.0041138 seconds
Number of updated asset objects reloaded before import = 0Number of asset objects unloaded after import = 0

========================================================================
Received Import Request.
  Time since last request: 0.000018 seconds.
  path: Packages/com.unity.2d.tilemap/Editor/UI/External/GridView.cs
  artifactKey: Guid(ce7c098d3ea5489fa6ab87ebfef6bbd4) Importer(2089858483,b0f066a214c2f5e87bad3c948f4d605d)
Start importing Packages/com.unity.2d.tilemap/Editor/UI/External/GridView.cs using Guid(ce7c098d3ea5489fa6ab87ebfef6bbd4) Importer(2089858483,b0f066a214c2f5e87bad3c948f4d605d) (ScriptedImporter) -> (artifact id: '58589b46bc43bfd5599487795833f66c') in 0.0049237 seconds
Number of updated asset objects reloaded before import = 0Number of asset objects unloaded after import = 0

========================================================================
Received Import Request.
  Time since last request: 0.000025 seconds.
  path: Packages/com.unity.ide.visualstudio/Editor/Testing/TestAdaptor.cs
  artifactKey: Guid(b73b3de0d473d4a1c887ab31f69b1a8d) Importer(2089858483,b0f066a214c2f5e87bad3c948f4d605d)
Start importing Packages/com.unity.ide.visualstudio/Editor/Testing/TestAdaptor.cs using Guid(b73b3de0d473d4a1c887ab31f69b1a8d) Importer(2089858483,b0f066a214c2f5e87bad3c948f4d605d) (ScriptedImporter) -> (artifact id: 'c6af325e4ec6112f98ce1abc701e72d3') in 0.0054738 seconds
Number of updated asset objects reloaded before import = 0Number of asset objects unloaded after import = 0

========================================================================
Received Import Request.
  Time since last request: 0.000021 seconds.
  path: Packages/com.unity.ugui/Editor/Analytics/UGUIBuildAnalytics.cs
  artifactKey: Guid(ea11495227d864849bdb4fa69e931cbc) Importer(2089858483,b0f066a214c2f5e87bad3c948f4d605d)
Start importing Packages/com.unity.ugui/Editor/Analytics/UGUIBuildAnalytics.cs using Guid(ea11495227d864849bdb4fa69e931cbc) Importer(2089858483,b0f066a214c2f5e87bad3c948f4d605d) (ScriptedImporter) -> (artifact id: '1a8c5e68821327fc9754736921684cdc') in 0.0049182 seconds
Number of updated asset objects reloaded before import = 0Number of asset objects unloaded after import = 0

========================================================================
Received Import Request.
  Time since last request: 0.000057 seconds.
  path: Packages/com.unity.2d.tilemap/Editor/UI/TilePaletteBrushesPopup.cs
  artifactKey: Guid(c6ffe8c68dad8fa45bcd0e1a68b64201) Importer(2089858483,b0f066a214c2f5e87bad3c948f4d605d)
Start importing Packages/com.unity.2d.tilemap/Editor/UI/TilePaletteBrushesPopup.cs using Guid(c6ffe8c68dad8fa45bcd0e1a68b64201) Importer(2089858483,b0f066a214c2f5e87bad3c948f4d605d) (ScriptedImporter) -> (artifact id: 'b641c9df19963a7183ae8243fc82ac40') in 0.006371 seconds
Number of updated asset objects reloaded before import = 0Number of asset objects unloaded after import = 0

========================================================================
Received Import Request.
  Time since last request: 0.000017 seconds.
  path: Packages/com.unity.2d.tilemap/Editor/UI/SceneViewOpenTilePaletteOverlay.cs
  artifactKey: Guid(694abd7b442533d4d906a9f452776a2e) Importer(2089858483,b0f066a214c2f5e87bad3c948f4d605d)
Start importing Packages/com.unity.2d.tilemap/Editor/UI/SceneViewOpenTilePaletteOverlay.cs using Guid(694abd7b442533d4d906a9f452776a2e) Importer(2089858483,b0f066a214c2f5e87bad3c948f4d605d) (ScriptedImporter) -> (artifact id: 'af4719186ac12d1ffaf169aa0beb6fba') in 0.0065622 seconds
Number of updated asset objects reloaded before import = 0Number of asset objects unloaded after import = 0

========================================================================
Received Import Request.
  Time since last request: 0.000024 seconds.
  path: Packages/com.unity.2d.tilemap/Editor/UI/GridPaintingToolbar.cs
  artifactKey: Guid(bc1106d4aa7a8f749b058b7c6a20ff36) Importer(2089858483,b0f066a214c2f5e87bad3c948f4d605d)
Start importing Packages/com.unity.2d.tilemap/Editor/UI/GridPaintingToolbar.cs using Guid(bc1106d4aa7a8f749b058b7c6a20ff36) Importer(2089858483,b0f066a214c2f5e87bad3c948f4d605d) (ScriptedImporter) -> (artifact id: '88189774074a4bc5c483dba2c8eda84e') in 0.0052228 seconds
Number of updated asset objects reloaded before import = 0Number of asset objects unloaded after import = 0

========================================================================
Received Import Request.
  Time since last request: 0.000029 seconds.
  path: Packages/com.unity.2d.tilemap/Editor/Icons/Tilemap.ShowGrid@4x.png
  artifactKey: Guid(b375422385f769844a35ff7743e8f1bb) Importer(2089858483,b0f066a214c2f5e87bad3c948f4d605d)
Start importing Packages/com.unity.2d.tilemap/Editor/Icons/Tilemap.ShowGrid@4x.png using Guid(b375422385f769844a35ff7743e8f1bb) Importer(2089858483,b0f066a214c2f5e87bad3c948f4d605d) (ScriptedImporter) -> (artifact id: 'b33f8f69b4f538f99544029779a3d62e') in 0.0091832 seconds
Number of updated asset objects reloaded before import = 0Number of asset objects unloaded after import = 3

========================================================================
Received Import Request.
  Time since last request: 0.000031 seconds.
  path: Packages/com.unity.ide.visualstudio/ValidationConfig.json
  artifactKey: Guid(a3f71b076c36a204a864f8c44142b3a9) Importer(2089858483,b0f066a214c2f5e87bad3c948f4d605d)
Start importing Packages/com.unity.ide.visualstudio/ValidationConfig.json using Guid(a3f71b076c36a204a864f8c44142b3a9) Importer(2089858483,b0f066a214c2f5e87bad3c948f4d605d) (ScriptedImporter) -> (artifact id: 'd785a893c6a68ba9630cd5aef2b55461') in 0.0040336 seconds
Number of updated asset objects reloaded before import = 0Number of asset objects unloaded after import = 1

========================================================================
Received Import Request.
  Time since last request: 0.000019 seconds.
  path: Packages/com.unity.ugui/Editor/TMP/TMP_StyleSheetEditor.cs
  artifactKey: Guid(34e2c9b9d9e44953933afe37461f44e6) Importer(2089858483,b0f066a214c2f5e87bad3c948f4d605d)
Start importing Packages/com.unity.ugui/Editor/TMP/TMP_StyleSheetEditor.cs using Guid(34e2c9b9d9e44953933afe37461f44e6) Importer(2089858483,b0f066a214c2f5e87bad3c948f4d605d) (ScriptedImporter) -> (artifact id: '11a0abb0c504b2fd29f301adc459f559') in 0.0055032 seconds
Number of updated asset objects reloaded before import = 0Number of asset objects unloaded after import = 0

========================================================================
Received Import Request.
  Time since last request: 0.000023 seconds.
  path: Packages/com.unity.ide.visualstudio/Editor/Cli.cs
  artifactKey: Guid(f7b5530092b3a7646bdc7865f1f6ee94) Importer(2089858483,b0f066a214c2f5e87bad3c948f4d605d)
Start importing Packages/com.unity.ide.visualstudio/Editor/Cli.cs using Guid(f7b5530092b3a7646bdc7865f1f6ee94) Importer(2089858483,b0f066a214c2f5e87bad3c948f4d605d) (ScriptedImporter) -> (artifact id: '006c967dde603f1a2e67003b2f1bf205') in 0.0059384 seconds
Number of updated asset objects reloaded before import = 0Number of asset objects unloaded after import = 0

========================================================================
Received Import Request.
  Time since last request: 0.000034 seconds.
  path: Packages/com.unity.2d.tilemap/Editor/UI/TilePaletteBrushPickPanelPopup.cs
  artifactKey: Guid(298cc9ee1ef84b288cb3748dd279d282) Importer(2089858483,b0f066a214c2f5e87bad3c948f4d605d)
Start importing Packages/com.unity.2d.tilemap/Editor/UI/TilePaletteBrushPickPanelPopup.cs using Guid(298cc9ee1ef84b288cb3748dd279d282) Importer(2089858483,b0f066a214c2f5e87bad3c948f4d605d) (ScriptedImporter) -> (artifact id: 'acd60b5a1bd2f1056084ea724512c52b') in 0.0057721 seconds
Number of updated asset objects reloaded before import = 0Number of asset objects unloaded after import = 0

========================================================================
Received Import Request.
  Time since last request: 0.000041 seconds.
  path: Packages/com.unity.modules.imgui/package.ModuleCompilationTrigger
  artifactKey: Guid(be13c398521e3c1ad21fb9da30ab2ab6) Importer(2089858483,b0f066a214c2f5e87bad3c948f4d605d)
Start importing Packages/com.unity.modules.imgui/package.ModuleCompilationTrigger using Guid(be13c398521e3c1ad21fb9da30ab2ab6) Importer(2089858483,b0f066a214c2f5e87bad3c948f4d605d) (ScriptedImporter) -> (artifact id: 'bc1f8d8da2b8648d35e32aeac51b8057') in 0.0055161 seconds
Number of updated asset objects reloaded before import = 0Number of asset objects unloaded after import = 1

========================================================================
Received Import Request.
  Time since last request: 0.000043 seconds.
  path: Packages/com.unity.ide.visualstudio/Editor/VSWhere/vswhere.exe
  artifactKey: Guid(585c3fb85b32bd64e8814074e754163e) Importer(2089858483,b0f066a214c2f5e87bad3c948f4d605d)
Start importing Packages/com.unity.ide.visualstudio/Editor/VSWhere/vswhere.exe using Guid(585c3fb85b32bd64e8814074e754163e) Importer(2089858483,b0f066a214c2f5e87bad3c948f4d605d) (ScriptedImporter) -> (artifact id: '272d31b21a8aa6b2940cbc0469de5f6d') in 0.0071592 seconds
Number of updated asset objects reloaded before import = 0Number of asset objects unloaded after import = 1

========================================================================
Received Import Request.
  Time since last request: 0.000024 seconds.
  path: Packages/com.unity.ugui/Editor Resources/Gizmos/TMP - Input Field Icon.psd
  artifactKey: Guid(3ee40aa79cd242a5b53b0b0ca4f13f0f) Importer(2089858483,b0f066a214c2f5e87bad3c948f4d605d)
Start importing Packages/com.unity.ugui/Editor Resources/Gizmos/TMP - Input Field Icon.psd using Guid(3ee40aa79cd242a5b53b0b0ca4f13f0f) Importer(2089858483,b0f066a214c2f5e87bad3c948f4d605d) (ScriptedImporter) -> (artifact id: 'f9bbe52c6cea704ac7f85c0248813181') in 0.0108965 seconds
Number of updated asset objects reloaded before import = 0Number of asset objects unloaded after import = 1

========================================================================
Received Import Request.
  Time since last request: 0.000021 seconds.
  path: Packages/com.unity.2d.tilemap/Editor/UI/TilePaletteMouseCursorUtility.cs
  artifactKey: Guid(8f7bde1696e5f8947bda3a63b8f05bfe) Importer(2089858483,b0f066a214c2f5e87bad3c948f4d605d)
Start importing Packages/com.unity.2d.tilemap/Editor/UI/TilePaletteMouseCursorUtility.cs using Guid(8f7bde1696e5f8947bda3a63b8f05bfe) Importer(2089858483,b0f066a214c2f5e87bad3c948f4d605d) (ScriptedImporter) -> (artifact id: 'd6540085aa5e332d246f15896db9f712') in 0.0068188 seconds
Number of updated asset objects reloaded before import = 0Number of asset objects unloaded after import = 0

========================================================================
Received Import Request.
  Time since last request: 0.000031 seconds.
  path: Packages/com.unity.2d.tilemap/Editor/Icons/Tilemap.DefaultBrush@2x.png
  artifactKey: Guid(9182e08d6d8be424a98050562de5b053) Importer(2089858483,b0f066a214c2f5e87bad3c948f4d605d)
Start importing Packages/com.unity.2d.tilemap/Editor/Icons/Tilemap.DefaultBrush@2x.png using Guid(9182e08d6d8be424a98050562de5b053) Importer(2089858483,b0f066a214c2f5e87bad3c948f4d605d) (ScriptedImporter) -> (artifact id: 'dd312ec51ced3824c6697ae4bbbca9a1') in 0.0102728 seconds
Number of updated asset objects reloaded before import = 0Number of asset objects unloaded after import = 3

========================================================================
Received Import Request.
  Time since last request: 0.000028 seconds.
  path: Packages/com.unity.ide.visualstudio/Editor/Symbols.cs
  artifactKey: Guid(b9308b762484008498bb5cd1886aa491) Importer(2089858483,b0f066a214c2f5e87bad3c948f4d605d)
Start importing Packages/com.unity.ide.visualstudio/Editor/Symbols.cs using Guid(b9308b762484008498bb5cd1886aa491) Importer(2089858483,b0f066a214c2f5e87bad3c948f4d605d) (ScriptedImporter) -> (artifact id: 'b44c82573187dbfe5112c53dc92b3b93') in 0.0075953 seconds
Number of updated asset objects reloaded before import = 0Number of asset objects unloaded after import = 0

========================================================================
Received Import Request.
  Time since last request: 0.000020 seconds.
  path: Packages/com.unity.2d.tilemap/Editor/Icons/d_Tilemap.ShowGrid@2x.png
  artifactKey: Guid(4576408ff459c3a48a69ad3c7d941581) Importer(2089858483,b0f066a214c2f5e87bad3c948f4d605d)
Start importing Packages/com.unity.2d.tilemap/Editor/Icons/d_Tilemap.ShowGrid@2x.png using Guid(4576408ff459c3a48a69ad3c7d941581) Importer(2089858483,b0f066a214c2f5e87bad3c948f4d605d) (ScriptedImporter) -> (artifact id: '4da246e466dc70227a583ac8d44de724') in 0.0122245 seconds
Number of updated asset objects reloaded before import = 0Number of asset objects unloaded after import = 3

========================================================================
Received Import Request.
  Time since last request: 0.000025 seconds.
  path: Packages/com.unity.2d.tilemap/Editor/Icons/Tilemap.ShowTilePalette@2x.png
  artifactKey: Guid(d88e25b75a7927f4683afb6c74b05a08) Importer(2089858483,b0f066a214c2f5e87bad3c948f4d605d)
Start importing Packages/com.unity.2d.tilemap/Editor/Icons/Tilemap.ShowTilePalette@2x.png using Guid(d88e25b75a7927f4683afb6c74b05a08) Importer(2089858483,b0f066a214c2f5e87bad3c948f4d605d) (ScriptedImporter) -> (artifact id: '56a617638756840ce571209627e467d0') in 0.0115344 seconds
Number of updated asset objects reloaded before import = 0Number of asset objects unloaded after import = 3

========================================================================
Received Import Request.
  Time since last request: 0.000035 seconds.
  path: Packages/com.unity.2d.tilemap/Editor/UI/TilePaletteBrushesDropdownToggle.cs
  artifactKey: Guid(8dc999fb86ea8ae49b4cc23cf7d6afd1) Importer(2089858483,b0f066a214c2f5e87bad3c948f4d605d)
Start importing Packages/com.unity.2d.tilemap/Editor/UI/TilePaletteBrushesDropdownToggle.cs using Guid(8dc999fb86ea8ae49b4cc23cf7d6afd1) Importer(2089858483,b0f066a214c2f5e87bad3c948f4d605d) (ScriptedImporter) -> (artifact id: 'e7964d324592d1bd39247d24f470d25c') in 0.0041912 seconds
Number of updated asset objects reloaded before import = 0Number of asset objects unloaded after import = 0

========================================================================
Received Import Request.
  Time since last request: 0.000026 seconds.
  path: Packages/com.unity.ide.visualstudio/Editor/VersionPair.cs
  artifactKey: Guid(ffe1bdf971d321f4db593c4c6ebd6e47) Importer(2089858483,b0f066a214c2f5e87bad3c948f4d605d)
Start importing Packages/com.unity.ide.visualstudio/Editor/VersionPair.cs using Guid(ffe1bdf971d321f4db593c4c6ebd6e47) Importer(2089858483,b0f066a214c2f5e87bad3c948f4d605d) (ScriptedImporter) -> (artifact id: '949564d65bca5418e3638f35c8224716') in 0.0069993 seconds
Number of updated asset objects reloaded before import = 0Number of asset objects unloaded after import = 0

========================================================================
Received Import Request.
  Time since last request: 0.000021 seconds.
  path: Packages/com.unity.collab-proxy/Editor/Diff/Asset/Diff/UnityObject/FileIdReader.cs
  artifactKey: Guid(dc310e3d65493434fbd4ee114db86a19) Importer(2089858483,b0f066a214c2f5e87bad3c948f4d605d)
Start importing Packages/com.unity.collab-proxy/Editor/Diff/Asset/Diff/UnityObject/FileIdReader.cs using Guid(dc310e3d65493434fbd4ee114db86a19) Importer(2089858483,b0f066a214c2f5e87bad3c948f4d605d) (ScriptedImporter) -> (artifact id: '7d3c1cd6ed0f938d16722c4eee518368') in 0.004908 seconds
Number of updated asset objects reloaded before import = 0Number of asset objects unloaded after import = 0

========================================================================
Received Import Request.
  Time since last request: 0.000060 seconds.
  path: Packages/com.unity.2d.tilemap/Editor/UI/GridPaintPaletteWindowDark.uss
  artifactKey: Guid(2af7a09b750644968bf66758786d99d9) Importer(2089858483,b0f066a214c2f5e87bad3c948f4d605d)
Start importing Packages/com.unity.2d.tilemap/Editor/UI/GridPaintPaletteWindowDark.uss using Guid(2af7a09b750644968bf66758786d99d9) Importer(2089858483,b0f066a214c2f5e87bad3c948f4d605d) (ScriptedImporter) -> (artifact id: 'b681226eb30accc7948a309d04e25422') in 0.0070989 seconds
Number of updated asset objects reloaded before import = 0Number of asset objects unloaded after import = 1

========================================================================
Received Import Request.
  Time since last request: 0.000034 seconds.
  path: Packages/com.unity.2d.tilemap/Editor/UI/TilemapEditorToolButton.cs
  artifactKey: Guid(2d0a76a0816f23441bbec5761e509609) Importer(2089858483,b0f066a214c2f5e87bad3c948f4d605d)
Start importing Packages/com.unity.2d.tilemap/Editor/UI/TilemapEditorToolButton.cs using Guid(2d0a76a0816f23441bbec5761e509609) Importer(2089858483,b0f066a214c2f5e87bad3c948f4d605d) (ScriptedImporter) -> (artifact id: '37ef6fbedbb21879fede6679b05f6a0e') in 0.0067167 seconds
Number of updated asset objects reloaded before import = 0Number of asset objects unloaded after import = 0

========================================================================
Received Import Request.
  Time since last request: 0.000023 seconds.
  path: Packages/com.unity.ugui/Editor/TMP/TMPro_TexturePostProcessor.cs
  artifactKey: Guid(f4935fb862d54980b1bcbca942962642) Importer(2089858483,b0f066a214c2f5e87bad3c948f4d605d)
Start importing Packages/com.unity.ugui/Editor/TMP/TMPro_TexturePostProcessor.cs using Guid(f4935fb862d54980b1bcbca942962642) Importer(2089858483,b0f066a214c2f5e87bad3c948f4d605d) (ScriptedImporter) -> (artifact id: '12521af2fbc00cbf57cb710be383eb94') in 0.0089723 seconds
Number of updated asset objects reloaded before import = 0Number of asset objects unloaded after import = 0

========================================================================
Received Import Request.
  Time since last request: 0.000027 seconds.
  path: Packages/com.unity.2d.tilemap/Editor/GridPaintPaletteWindowPreferences.cs
  artifactKey: Guid(29bbda0803e75b34a9ebd8c1f2c99c80) Importer(2089858483,b0f066a214c2f5e87bad3c948f4d605d)
Start importing Packages/com.unity.2d.tilemap/Editor/GridPaintPaletteWindowPreferences.cs using Guid(29bbda0803e75b34a9ebd8c1f2c99c80) Importer(2089858483,b0f066a214c2f5e87bad3c948f4d605d) (ScriptedImporter) -> (artifact id: '7a047f7285f895d74ffc3bd849f608c1') in 0.0050162 seconds
Number of updated asset objects reloaded before import = 0Number of asset objects unloaded after import = 0

========================================================================
Received Import Request.
  Time since last request: 0.000026 seconds.
  path: Packages/com.unity.burst/Runtime/Intrinsics/v64.cs
  artifactKey: Guid(96f6238860a6336296ab17b81a3cc3a2) Importer(2089858483,b0f066a214c2f5e87bad3c948f4d605d)
Start importing Packages/com.unity.burst/Runtime/Intrinsics/v64.cs using Guid(96f6238860a6336296ab17b81a3cc3a2) Importer(2089858483,b0f066a214c2f5e87bad3c948f4d605d) (ScriptedImporter) -> (artifact id: 'bffd0a2d492990038d8cda9d2db19b48') in 0.0057122 seconds
Number of updated asset objects reloaded before import = 0Number of asset objects unloaded after import = 0

========================================================================
Received Import Request.
  Time since last request: 0.000028 seconds.
  path: Packages/com.unity.2d.tilemap/Editor/Icons/Tilemap.ActiveTargetLayers@4x.png
  artifactKey: Guid(ce315ea6e6e86a740b10e02dda0d0e9c) Importer(2089858483,b0f066a214c2f5e87bad3c948f4d605d)
Start importing Packages/com.unity.2d.tilemap/Editor/Icons/Tilemap.ActiveTargetLayers@4x.png using Guid(ce315ea6e6e86a740b10e02dda0d0e9c) Importer(2089858483,b0f066a214c2f5e87bad3c948f4d605d) (ScriptedImporter) -> (artifact id: '9b93c03cb38f349d64b85d50018e78f6') in 0.0090975 seconds
Number of updated asset objects reloaded before import = 0Number of asset objects unloaded after import = 3

========================================================================
Received Import Request.
  Time since last request: 0.000026 seconds.
  path: Packages/com.unity.ide.visualstudio/Editor/VisualStudioEditor.cs
  artifactKey: Guid(0173aff8c07e06b42af07ebdd7f08032) Importer(2089858483,b0f066a214c2f5e87bad3c948f4d605d)
Start importing Packages/com.unity.ide.visualstudio/Editor/VisualStudioEditor.cs using Guid(0173aff8c07e06b42af07ebdd7f08032) Importer(2089858483,b0f066a214c2f5e87bad3c948f4d605d) (ScriptedImporter) -> (artifact id: '6ed469b815471a1efd76ac193dda1e3a') in 0.0059774 seconds
Number of updated asset objects reloaded before import = 0Number of asset objects unloaded after import = 0

========================================================================
Received Import Request.
  Time since last request: 0.000021 seconds.
  path: Packages/com.unity.burst/Runtime/CompilerServices/Aliasing.cs
  artifactKey: Guid(57a9f349ecdd3cd6b50a30954d4f50f3) Importer(2089858483,b0f066a214c2f5e87bad3c948f4d605d)
Start importing Packages/com.unity.burst/Runtime/CompilerServices/Aliasing.cs using Guid(57a9f349ecdd3cd6b50a30954d4f50f3) Importer(2089858483,b0f066a214c2f5e87bad3c948f4d605d) (ScriptedImporter) -> (artifact id: '912227e4f3f329464b78119828670204') in 0.0046223 seconds
Number of updated asset objects reloaded before import = 0Number of asset objects unloaded after import = 0

========================================================================
Received Import Request.
  Time since last request: 0.000021 seconds.
  path: Packages/com.unity.2d.tilemap/Editor/Icons/Tilemap.GridPaint@2x.png
  artifactKey: Guid(42fb19d14e266e4409770bbcdbc6a1e5) Importer(2089858483,b0f066a214c2f5e87bad3c948f4d605d)
Start importing Packages/com.unity.2d.tilemap/Editor/Icons/Tilemap.GridPaint@2x.png using Guid(42fb19d14e266e4409770bbcdbc6a1e5) Importer(2089858483,b0f066a214c2f5e87bad3c948f4d605d) (ScriptedImporter) -> (artifact id: '5a304299838472e17d6f063d3e409ef8') in 0.0126508 seconds
Number of updated asset objects reloaded before import = 0Number of asset objects unloaded after import = 3

========================================================================
Received Import Request.
  Time since last request: 0.000030 seconds.
  path: Packages/com.unity.2d.tilemap/Editor/TileSet/TileSetImporter.cs
  artifactKey: Guid(fdeb3f88d08262349a273cebdd343d57) Importer(2089858483,b0f066a214c2f5e87bad3c948f4d605d)
Start importing Packages/com.unity.2d.tilemap/Editor/TileSet/TileSetImporter.cs using Guid(fdeb3f88d08262349a273cebdd343d57) Importer(2089858483,b0f066a214c2f5e87bad3c948f4d605d) (ScriptedImporter) -> (artifact id: '95c2daaf3cf9919a52a6ec2c6a64ce7c') in 0.0060177 seconds
Number of updated asset objects reloaded before import = 0Number of asset objects unloaded after import = 0

========================================================================
Received Import Request.
  Time since last request: 0.000023 seconds.
  path: Packages/com.unity.2d.tilemap/Editor/Icons/Grid.FlipY.png
  artifactKey: Guid(2a807ac042c28e546b9d90048ebbc33f) Importer(2089858483,b0f066a214c2f5e87bad3c948f4d605d)
Start importing Packages/com.unity.2d.tilemap/Editor/Icons/Grid.FlipY.png using Guid(2a807ac042c28e546b9d90048ebbc33f) Importer(2089858483,b0f066a214c2f5e87bad3c948f4d605d) (ScriptedImporter) -> (artifact id: '8328451e283987f3587581bedc111cea') in 0.0150176 seconds
Number of updated asset objects reloaded before import = 0Number of asset objects unloaded after import = 3

========================================================================
Received Import Request.
  Time since last request: 0.000017 seconds.
  path: Packages/com.unity.2d.tilemap/Editor/UI/SceneViewTilemapFocusOverlay.cs
  artifactKey: Guid(01394ea37325e53408caf8359facb36f) Importer(2089858483,b0f066a214c2f5e87bad3c948f4d605d)
Start importing Packages/com.unity.2d.tilemap/Editor/UI/SceneViewTilemapFocusOverlay.cs using Guid(01394ea37325e53408caf8359facb36f) Importer(2089858483,b0f066a214c2f5e87bad3c948f4d605d) (ScriptedImporter) -> (artifact id: 'd1cb6ab3acaa9d21123a332cb376bf80') in 0.0070741 seconds
Number of updated asset objects reloaded before import = 0Number of asset objects unloaded after import = 0

========================================================================
Received Import Request.
  Time since last request: 0.000022 seconds.
  path: Packages/com.unity.burst/Runtime/NoAliasAttribute.cs
  artifactKey: Guid(2f57b979d8843d3a95743ba60e9c33e3) Importer(2089858483,b0f066a214c2f5e87bad3c948f4d605d)
Start importing Packages/com.unity.burst/Runtime/NoAliasAttribute.cs using Guid(2f57b979d8843d3a95743ba60e9c33e3) Importer(2089858483,b0f066a214c2f5e87bad3c948f4d605d) (ScriptedImporter) -> (artifact id: '2ad778c5241819cf22d9e36d2be82451') in 0.0051672 seconds
Number of updated asset objects reloaded before import = 0Number of asset objects unloaded after import = 0

========================================================================
Received Import Request.
  Time since last request: 0.000039 seconds.
  path: Packages/com.unity.modules.unitywebrequestaudio/package.ModuleCompilationTrigger
  artifactKey: Guid(553737203d61a8109f9544a97201e1aa) Importer(2089858483,b0f066a214c2f5e87bad3c948f4d605d)
Start importing Packages/com.unity.modules.unitywebrequestaudio/package.ModuleCompilationTrigger using Guid(553737203d61a8109f9544a97201e1aa) Importer(2089858483,b0f066a214c2f5e87bad3c948f4d605d) (ScriptedImporter) -> (artifact id: '1cdf2602094c88093376300482253743') in 0.0068227 seconds
Number of updated asset objects reloaded before import = 0Number of asset objects unloaded after import = 1

========================================================================
Received Import Request.
  Time since last request: 0.000036 seconds.
  path: Packages/com.unity.ugui/Runtime/InternalBridge/Unity.InternalAPIEngineBridge.004.asmdef
  artifactKey: Guid(43b111c4a445f446abd2c02e77750ff5) Importer(2089858483,b0f066a214c2f5e87bad3c948f4d605d)
Start importing Packages/com.unity.ugui/Runtime/InternalBridge/Unity.InternalAPIEngineBridge.004.asmdef using Guid(43b111c4a445f446abd2c02e77750ff5) Importer(2089858483,b0f066a214c2f5e87bad3c948f4d605d) (ScriptedImporter) -> (artifact id: '938b791e1d3a5813bbc16b6c55e11929') in 0.0061233 seconds
Number of updated asset objects reloaded before import = 0Number of asset objects unloaded after import = 1

========================================================================
Received Import Request.
  Time since last request: 0.000017 seconds.
  path: Packages/com.unity.ugui/Runtime/TMP/TMP_TextProcessingStack.cs
  artifactKey: Guid(20a9b557a46149dfbfa04a3a7080f5aa) Importer(2089858483,b0f066a214c2f5e87bad3c948f4d605d)
Start importing Packages/com.unity.ugui/Runtime/TMP/TMP_TextProcessingStack.cs using Guid(20a9b557a46149dfbfa04a3a7080f5aa) Importer(2089858483,b0f066a214c2f5e87bad3c948f4d605d) (ScriptedImporter) -> (artifact id: 'f15dbe066d277d0b3391d8f194239bfd') in 0.0043993 seconds
Number of updated asset objects reloaded before import = 0Number of asset objects unloaded after import = 0

========================================================================
Received Import Request.
  Time since last request: 0.000019 seconds.
  path: Packages/com.unity.ugui/Runtime/TMP/TMP_CoroutineTween.cs
  artifactKey: Guid(658c1fb149e7498aa072b0c0f3bf13f0) Importer(2089858483,b0f066a214c2f5e87bad3c948f4d605d)
Start importing Packages/com.unity.ugui/Runtime/TMP/TMP_CoroutineTween.cs using Guid(658c1fb149e7498aa072b0c0f3bf13f0) Importer(2089858483,b0f066a214c2f5e87bad3c948f4d605d) (ScriptedImporter) -> (artifact id: '040a71710c44acb0a3f81e40f661ca04') in 0.0076015 seconds
Number of updated asset objects reloaded before import = 0Number of asset objects unloaded after import = 0

========================================================================
Received Import Request.
  Time since last request: 0.000034 seconds.
  path: Packages/com.unity.ugui/Runtime/TMP/TMPro_ExtensionMethods.cs
  artifactKey: Guid(77476292f9fa4905a787e6417853846b) Importer(2089858483,b0f066a214c2f5e87bad3c948f4d605d)
Start importing Packages/com.unity.ugui/Runtime/TMP/TMPro_ExtensionMethods.cs using Guid(77476292f9fa4905a787e6417853846b) Importer(2089858483,b0f066a214c2f5e87bad3c948f4d605d) (ScriptedImporter) -> (artifact id: 'fe50b302c68bc32626b117ffee6b258c') in 0.0079615 seconds
Number of updated asset objects reloaded before import = 0Number of asset objects unloaded after import = 0

========================================================================
Received Import Request.
  Time since last request: 0.000022 seconds.
  path: Packages/com.unity.ugui/Runtime/TMP/TMP_FontFeatureTable.cs
  artifactKey: Guid(5ea9f573d4b800a49b9d83a1f61c0a88) Importer(2089858483,b0f066a214c2f5e87bad3c948f4d605d)
Start importing Packages/com.unity.ugui/Runtime/TMP/TMP_FontFeatureTable.cs using Guid(5ea9f573d4b800a49b9d83a1f61c0a88) Importer(2089858483,b0f066a214c2f5e87bad3c948f4d605d) (ScriptedImporter) -> (artifact id: 'd2dc562dd610050c88db011b8afad206') in 0.0074618 seconds
Number of updated asset objects reloaded before import = 0Number of asset objects unloaded after import = 0

========================================================================
Received Import Request.
  Time since last request: 0.000018 seconds.
  path: Packages/com.unity.ugui/Runtime/TMP/TMP_SubMesh.cs
  artifactKey: Guid(07994bfe8b0e4adb97d706de5dea48d5) Importer(2089858483,b0f066a214c2f5e87bad3c948f4d605d)
Start importing Packages/com.unity.ugui/Runtime/TMP/TMP_SubMesh.cs using Guid(07994bfe8b0e4adb97d706de5dea48d5) Importer(2089858483,b0f066a214c2f5e87bad3c948f4d605d) (ScriptedImporter) -> (artifact id: '12f0c453e59c5a204ac67b6a6972c286') in 0.0064045 seconds
Number of updated asset objects reloaded before import = 0Number of asset objects unloaded after import = 0

========================================================================
Received Import Request.
  Time since last request: 0.000028 seconds.
  path: Packages/com.unity.2d.tilemap/Editor/UI/TilePaletteClipboardElement.cs
  artifactKey: Guid(8ee0058b5fad546478a6e24d435de0b9) Importer(2089858483,b0f066a214c2f5e87bad3c948f4d605d)
Start importing Packages/com.unity.2d.tilemap/Editor/UI/TilePaletteClipboardElement.cs using Guid(8ee0058b5fad546478a6e24d435de0b9) Importer(2089858483,b0f066a214c2f5e87bad3c948f4d605d) (ScriptedImporter) -> (artifact id: '4b66f05bccf2d91bc440cfa3909ad36f') in 0.005963 seconds
Number of updated asset objects reloaded before import = 0Number of asset objects unloaded after import = 0

========================================================================
Received Import Request.
  Time since last request: 0.000029 seconds.
  path: Packages/com.unity.ugui/Editor/TMP/TMP_FontAssetEditor.cs
  artifactKey: Guid(96b44f7d98314b139324a8a87eb66067) Importer(2089858483,b0f066a214c2f5e87bad3c948f4d605d)
Start importing Packages/com.unity.ugui/Editor/TMP/TMP_FontAssetEditor.cs using Guid(96b44f7d98314b139324a8a87eb66067) Importer(2089858483,b0f066a214c2f5e87bad3c948f4d605d) (ScriptedImporter) -> (artifact id: '734831da481c91138ec0303e5e6780b4') in 0.0080778 seconds
Number of updated asset objects reloaded before import = 0Number of asset objects unloaded after import = 0

========================================================================
Received Import Request.
  Time since last request: 0.000019 seconds.
  path: Packages/com.unity.ugui/Editor/TMP/TMP_SubMesh_Editor.cs
  artifactKey: Guid(dd2fe74169b54bf58fca17288513ef38) Importer(2089858483,b0f066a214c2f5e87bad3c948f4d605d)
Start importing Packages/com.unity.ugui/Editor/TMP/TMP_SubMesh_Editor.cs using Guid(dd2fe74169b54bf58fca17288513ef38) Importer(2089858483,b0f066a214c2f5e87bad3c948f4d605d) (ScriptedImporter) -> (artifact id: '06a049312f51b1306f5bd5ad1ef4bd75') in 0.0052209 seconds
Number of updated asset objects reloaded before import = 0Number of asset objects unloaded after import = 0

========================================================================
Received Import Request.
  Time since last request: 0.000018 seconds.
  path: Packages/com.unity.ide.visualstudio/Editor/ProjectGeneration/ProjectProperties.cs
  artifactKey: Guid(fa7011e2ea1ff024083fea2179f3df08) Importer(2089858483,b0f066a214c2f5e87bad3c948f4d605d)
Start importing Packages/com.unity.ide.visualstudio/Editor/ProjectGeneration/ProjectProperties.cs using Guid(fa7011e2ea1ff024083fea2179f3df08) Importer(2089858483,b0f066a214c2f5e87bad3c948f4d605d) (ScriptedImporter) -> (artifact id: 'e812cdbbeeea0f4789d455640e5acd9e') in 0.0076795 seconds
Number of updated asset objects reloaded before import = 0Number of asset objects unloaded after import = 0

========================================================================
Received Import Request.
  Time since last request: 0.000030 seconds.
  path: Packages/com.unity.2d.tilemap/Editor/Icons/EditorUI.TargetHover@4x.png
  artifactKey: Guid(9cdb1d83bdac1554287041973d268c1d) Importer(2089858483,b0f066a214c2f5e87bad3c948f4d605d)
Start importing Packages/com.unity.2d.tilemap/Editor/Icons/EditorUI.TargetHover@4x.png using Guid(9cdb1d83bdac1554287041973d268c1d) Importer(2089858483,b0f066a214c2f5e87bad3c948f4d605d) (ScriptedImporter) -> (artifact id: '67adab07e3f405be992f2f1c4a653d98') in 0.0102227 seconds
Number of updated asset objects reloaded before import = 0Number of asset objects unloaded after import = 3

========================================================================
Received Import Request.
  Time since last request: 0.000042 seconds.
  path: Packages/com.unity.2d.tilemap/Editor/Icons/d_Tilemap.BrushSettings@4x.png
  artifactKey: Guid(d9f2d0aff557fba4cb316f849b0ccdd1) Importer(2089858483,b0f066a214c2f5e87bad3c948f4d605d)
Start importing Packages/com.unity.2d.tilemap/Editor/Icons/d_Tilemap.BrushSettings@4x.png using Guid(d9f2d0aff557fba4cb316f849b0ccdd1) Importer(2089858483,b0f066a214c2f5e87bad3c948f4d605d) (ScriptedImporter) -> (artifact id: 'd0c58322b952dbe7abe6f40f7275ec61') in 0.0149156 seconds
Number of updated asset objects reloaded before import = 0Number of asset objects unloaded after import = 3

========================================================================
Received Import Request.
  Time since last request: 0.000019 seconds.
  path: Packages/com.unity.2d.tilemap/Editor/UI/TilePaletteBrushInspectorElement.cs
  artifactKey: Guid(9806777faa990e24fb0a14a60ef2dbb1) Importer(2089858483,b0f066a214c2f5e87bad3c948f4d605d)
Start importing Packages/com.unity.2d.tilemap/Editor/UI/TilePaletteBrushInspectorElement.cs using Guid(9806777faa990e24fb0a14a60ef2dbb1) Importer(2089858483,b0f066a214c2f5e87bad3c948f4d605d) (ScriptedImporter) -> (artifact id: '32a59d96aa460629a525f06734e624fa') in 0.0056372 seconds
Number of updated asset objects reloaded before import = 0Number of asset objects unloaded after import = 0

========================================================================
Received Import Request.
  Time since last request: 0.000016 seconds.
  path: Packages/com.unity.burst/Editor/BurstDisassembler.cs
  artifactKey: Guid(8fcac8aba2ba344697e10c770e5e0bc0) Importer(2089858483,b0f066a214c2f5e87bad3c948f4d605d)
Start importing Packages/com.unity.burst/Editor/BurstDisassembler.cs using Guid(8fcac8aba2ba344697e10c770e5e0bc0) Importer(2089858483,b0f066a214c2f5e87bad3c948f4d605d) (ScriptedImporter) -> (artifact id: '1c709e4df9eb80ce43f8929424261d59') in 0.0055765 seconds
Number of updated asset objects reloaded before import = 0Number of asset objects unloaded after import = 0

========================================================================
Received Import Request.
  Time since last request: 0.000022 seconds.
  path: Packages/com.unity.burst/Third Party Notices.md
  artifactKey: Guid(28c762070e0d3359b18a59f9402d5013) Importer(2089858483,b0f066a214c2f5e87bad3c948f4d605d)
Start importing Packages/com.unity.burst/Third Party Notices.md using Guid(28c762070e0d3359b18a59f9402d5013) Importer(2089858483,b0f066a214c2f5e87bad3c948f4d605d) (ScriptedImporter) -> (artifact id: 'adac5701a521081929b5a267b6a59c05') in 0.0049245 seconds
Number of updated asset objects reloaded before import = 0Number of asset objects unloaded after import = 1

========================================================================
Received Import Request.
  Time since last request: 0.000030 seconds.
  path: Packages/com.unity.ugui/Runtime/TMP/TMP_FontFeaturesCommon.cs
  artifactKey: Guid(27df3b12f30d0b74a9b10a3968c402ff) Importer(2089858483,b0f066a214c2f5e87bad3c948f4d605d)
Start importing Packages/com.unity.ugui/Runtime/TMP/TMP_FontFeaturesCommon.cs using Guid(27df3b12f30d0b74a9b10a3968c402ff) Importer(2089858483,b0f066a214c2f5e87bad3c948f4d605d) (ScriptedImporter) -> (artifact id: '4135e5ac1e2623064f75ec10e46d00d0') in 0.004506 seconds
Number of updated asset objects reloaded before import = 0Number of asset objects unloaded after import = 0

========================================================================
Received Import Request.
  Time since last request: 0.000021 seconds.
  path: Packages/com.unity.ide.visualstudio/Editor/UnityInstallation.cs
  artifactKey: Guid(a8c76505bcc613640ade706bdb0f1cba) Importer(2089858483,b0f066a214c2f5e87bad3c948f4d605d)
Start importing Packages/com.unity.ide.visualstudio/Editor/UnityInstallation.cs using Guid(a8c76505bcc613640ade706bdb0f1cba) Importer(2089858483,b0f066a214c2f5e87bad3c948f4d605d) (ScriptedImporter) -> (artifact id: '1bcf5b5428237d98e79c11bc80ec79f1') in 0.0044181 seconds
Number of updated asset objects reloaded before import = 0Number of asset objects unloaded after import = 0

========================================================================
Received Import Request.
  Time since last request: 0.000022 seconds.
  path: Packages/com.unity.ide.visualstudio/Editor/ProjectGeneration/ProjectGenerationFlag.cs
  artifactKey: Guid(555fcccd6b79a864f83e7a319daa1c3e) Importer(2089858483,b0f066a214c2f5e87bad3c948f4d605d)
Start importing Packages/com.unity.ide.visualstudio/Editor/ProjectGeneration/ProjectGenerationFlag.cs using Guid(555fcccd6b79a864f83e7a319daa1c3e) Importer(2089858483,b0f066a214c2f5e87bad3c948f4d605d) (ScriptedImporter) -> (artifact id: '83fa8a9d859f9aab2f19e6d756c45691') in 0.0066011 seconds
Number of updated asset objects reloaded before import = 0Number of asset objects unloaded after import = 0

========================================================================
Received Import Request.
  Time since last request: 0.000020 seconds.
  path: Packages/com.unity.collab-proxy/Editor/Views/BranchExplorer/Drawing/Shapes/Painter2DExtensions.cs
  artifactKey: Guid(90c35417a995402084cf69d05578c8de) Importer(2089858483,b0f066a214c2f5e87bad3c948f4d605d)
Start importing Packages/com.unity.collab-proxy/Editor/Views/BranchExplorer/Drawing/Shapes/Painter2DExtensions.cs using Guid(90c35417a995402084cf69d05578c8de) Importer(2089858483,b0f066a214c2f5e87bad3c948f4d605d) (ScriptedImporter) -> (artifact id: '1603e8b1a7393882e746d1ddaac2b608') in 0.0051864 seconds
Number of updated asset objects reloaded before import = 0Number of asset objects unloaded after import = 0

========================================================================
Received Import Request.
  Time since last request: 0.000037 seconds.
  path: Packages/com.unity.2d.tilemap/Editor/Icons/d_Tilemap.TilePalette@4x.png
  artifactKey: Guid(86408806ba4819c4494d51cb88d34da4) Importer(2089858483,b0f066a214c2f5e87bad3c948f4d605d)
Start importing Packages/com.unity.2d.tilemap/Editor/Icons/d_Tilemap.TilePalette@4x.png using Guid(86408806ba4819c4494d51cb88d34da4) Importer(2089858483,b0f066a214c2f5e87bad3c948f4d605d) (ScriptedImporter) -> (artifact id: 'fdf6e768a38bca31de2baf29c10e7a63') in 0.0117689 seconds
Number of updated asset objects reloaded before import = 0Number of asset objects unloaded after import = 3

========================================================================
Received Import Request.
  Time since last request: 0.000017 seconds.
  path: Packages/com.unity.ugui/Runtime/TMP/TMP_TextElement.cs
  artifactKey: Guid(543674eec776b1442a192c932e6cd9b3) Importer(2089858483,b0f066a214c2f5e87bad3c948f4d605d)
Start importing Packages/com.unity.ugui/Runtime/TMP/TMP_TextElement.cs using Guid(543674eec776b1442a192c932e6cd9b3) Importer(2089858483,b0f066a214c2f5e87bad3c948f4d605d) (ScriptedImporter) -> (artifact id: 'ee29848aa3fe8f609e31070f81eb871e') in 0.0086329 seconds
Number of updated asset objects reloaded before import = 0Number of asset objects unloaded after import = 0

========================================================================
Received Import Request.
  Time since last request: 0.000023 seconds.
  path: Packages/com.unity.2d.tilemap/Editor/Icons/d_EditorUI.Target@4x.png
  artifactKey: Guid(c7d31ce121f6d6841b01dbcf3d909854) Importer(2089858483,b0f066a214c2f5e87bad3c948f4d605d)
Start importing Packages/com.unity.2d.tilemap/Editor/Icons/d_EditorUI.Target@4x.png using Guid(c7d31ce121f6d6841b01dbcf3d909854) Importer(2089858483,b0f066a214c2f5e87bad3c948f4d605d) (ScriptedImporter) -> (artifact id: 'ef433e32eb9ce0605f2cad551ec2c667') in 0.0133526 seconds
Number of updated asset objects reloaded before import = 0Number of asset objects unloaded after import = 3

========================================================================
Received Import Request.
  Time since last request: 0.000027 seconds.
  path: Packages/com.unity.2d.tilemap/Editor/EditorTools/RotateTool.cs
  artifactKey: Guid(af1e44f72ff2436c93634dc6cba0ed8e) Importer(2089858483,b0f066a214c2f5e87bad3c948f4d605d)
Start importing Packages/com.unity.2d.tilemap/Editor/EditorTools/RotateTool.cs using Guid(af1e44f72ff2436c93634dc6cba0ed8e) Importer(2089858483,b0f066a214c2f5e87bad3c948f4d605d) (ScriptedImporter) -> (artifact id: '954eedf79fbbea2bf0b6be306fb498bb') in 0.0057079 seconds
Number of updated asset objects reloaded before import = 0Number of asset objects unloaded after import = 0

========================================================================
Received Import Request.
  Time since last request: 0.000032 seconds.
  path: Packages/com.unity.2d.tilemap/Editor/Icons/d_Tilemap.BrushPicks@2x.png
  artifactKey: Guid(4e2a3d7e5b5b01843a978d90f553b672) Importer(2089858483,b0f066a214c2f5e87bad3c948f4d605d)
Start importing Packages/com.unity.2d.tilemap/Editor/Icons/d_Tilemap.BrushPicks@2x.png using Guid(4e2a3d7e5b5b01843a978d90f553b672) Importer(2089858483,b0f066a214c2f5e87bad3c948f4d605d) (ScriptedImporter) -> (artifact id: 'ecce5a5073082561cd6d1418cd753635') in 0.0122043 seconds
Number of updated asset objects reloaded before import = 0Number of asset objects unloaded after import = 3

========================================================================
Received Import Request.
  Time since last request: 0.000018 seconds.
  path: Packages/com.unity.2d.tilemap/Editor/UI/BoolFieldOverlayPopupWindow.cs
  artifactKey: Guid(4e560db51173b924aa59f1e95d7ed195) Importer(2089858483,b0f066a214c2f5e87bad3c948f4d605d)
Start importing Packages/com.unity.2d.tilemap/Editor/UI/BoolFieldOverlayPopupWindow.cs using Guid(4e560db51173b924aa59f1e95d7ed195) Importer(2089858483,b0f066a214c2f5e87bad3c948f4d605d) (ScriptedImporter) -> (artifact id: '65cbc619da42f7d433f6cdc17cd304e7') in 0.0064773 seconds
Number of updated asset objects reloaded before import = 0Number of asset objects unloaded after import = 0

========================================================================
Received Import Request.
  Time since last request: 0.000022 seconds.
  path: Packages/com.unity.burst/ValidationExceptions.json
  artifactKey: Guid(f383c015504b380698ba4a8681b1223e) Importer(2089858483,b0f066a214c2f5e87bad3c948f4d605d)
Start importing Packages/com.unity.burst/ValidationExceptions.json using Guid(f383c015504b380698ba4a8681b1223e) Importer(2089858483,b0f066a214c2f5e87bad3c948f4d605d) (ScriptedImporter) -> (artifact id: 'fd3224419c6b6cf249d03b12247962f8') in 0.0064687 seconds
Number of updated asset objects reloaded before import = 0Number of asset objects unloaded after import = 1

========================================================================
Received Import Request.
  Time since last request: 0.000018 seconds.
  path: Packages/com.unity.2d.tilemap/Editor/Icons/EditorUI.Filter.png
  artifactKey: Guid(cdccb0d77f2e841e1bc2c5f367d4df33) Importer(2089858483,b0f066a214c2f5e87bad3c948f4d605d)
Start importing Packages/com.unity.2d.tilemap/Editor/Icons/EditorUI.Filter.png using Guid(cdccb0d77f2e841e1bc2c5f367d4df33) Importer(2089858483,b0f066a214c2f5e87bad3c948f4d605d) (ScriptedImporter) -> (artifact id: '17a5ea3361c4e72983dd940a5ef13438') in 0.011658 seconds
Number of updated asset objects reloaded before import = 0Number of asset objects unloaded after import = 3

========================================================================
Received Import Request.
  Time since last request: 0.000028 seconds.
  path: Packages/com.unity.ugui/Editor/TMP/TMPro_SortingLayerHelper.cs
  artifactKey: Guid(88ed537c17c34f339121fe9a7d6d7a0e) Importer(2089858483,b0f066a214c2f5e87bad3c948f4d605d)
Start importing Packages/com.unity.ugui/Editor/TMP/TMPro_SortingLayerHelper.cs using Guid(88ed537c17c34f339121fe9a7d6d7a0e) Importer(2089858483,b0f066a214c2f5e87bad3c948f4d605d) (ScriptedImporter) -> (artifact id: 'd7bd27b14b6898e6ddd2d6d0b77e2f50') in 0.0040605 seconds
Number of updated asset objects reloaded before import = 0Number of asset objects unloaded after import = 0

========================================================================
Received Import Request.
  Time since last request: 0.000018 seconds.
  path: Packages/com.unity.2d.tilemap/Editor/UI/TilePaletteClipboardOverlay.cs
  artifactKey: Guid(5bd6b2f1d49f437419a2242293d1fe9b) Importer(2089858483,b0f066a214c2f5e87bad3c948f4d605d)
Start importing Packages/com.unity.2d.tilemap/Editor/UI/TilePaletteClipboardOverlay.cs using Guid(5bd6b2f1d49f437419a2242293d1fe9b) Importer(2089858483,b0f066a214c2f5e87bad3c948f4d605d) (ScriptedImporter) -> (artifact id: 'f01ed950a4cf7816a5c05cac8e1d0914') in 0.00585 seconds
Number of updated asset objects reloaded before import = 0Number of asset objects unloaded after import = 0

========================================================================
Received Import Request.
  Time since last request: 0.000016 seconds.
  path: Packages/com.unity.ide.visualstudio/Editor/ProjectGeneration/FileIOProvider.cs
  artifactKey: Guid(ec80b1fb8938b3b4ab442d10390c5315) Importer(2089858483,b0f066a214c2f5e87bad3c948f4d605d)
Start importing Packages/com.unity.ide.visualstudio/Editor/ProjectGeneration/FileIOProvider.cs using Guid(ec80b1fb8938b3b4ab442d10390c5315) Importer(2089858483,b0f066a214c2f5e87bad3c948f4d605d) (ScriptedImporter) -> (artifact id: '15956e86a33bc47383a9074ee445abf3') in 0.0061379 seconds
Number of updated asset objects reloaded before import = 0Number of asset objects unloaded after import = 0

========================================================================
Received Import Request.
  Time since last request: 0.000020 seconds.
  path: Packages/com.unity.burst/Unity.Burst.CodeGen/ILPostProcessing.cs
  artifactKey: Guid(e8dd47a9e5283ced8ded83ce38cc78aa) Importer(2089858483,b0f066a214c2f5e87bad3c948f4d605d)
Start importing Packages/com.unity.burst/Unity.Burst.CodeGen/ILPostProcessing.cs using Guid(e8dd47a9e5283ced8ded83ce38cc78aa) Importer(2089858483,b0f066a214c2f5e87bad3c948f4d605d) (ScriptedImporter) -> (artifact id: '2574b76e053e6501933b37e4181508b5') in 0.00501 seconds
Number of updated asset objects reloaded before import = 0Number of asset objects unloaded after import = 0

========================================================================
Received Import Request.
  Time since last request: 0.000027 seconds.
  path: Packages/com.unity.burst/Runtime/SafeStringArrayHelper.cs
  artifactKey: Guid(7273d19b0a90368f9cf1cc0ebff15acf) Importer(2089858483,b0f066a214c2f5e87bad3c948f4d605d)
Start importing Packages/com.unity.burst/Runtime/SafeStringArrayHelper.cs using Guid(7273d19b0a90368f9cf1cc0ebff15acf) Importer(2089858483,b0f066a214c2f5e87bad3c948f4d605d) (ScriptedImporter) -> (artifact id: 'a93bb4ebfc6aa52cdacc9f4871156983') in 0.0079241 seconds
Number of updated asset objects reloaded before import = 0Number of asset objects unloaded after import = 0

========================================================================
Received Import Request.
  Time since last request: 0.000016 seconds.
  path: Packages/com.unity.ugui/Runtime/TMP/TMP_Asset.cs
  artifactKey: Guid(3bda1886f58f4e0ab1139400b160c3ee) Importer(2089858483,b0f066a214c2f5e87bad3c948f4d605d)
Start importing Packages/com.unity.ugui/Runtime/TMP/TMP_Asset.cs using Guid(3bda1886f58f4e0ab1139400b160c3ee) Importer(2089858483,b0f066a214c2f5e87bad3c948f4d605d) (ScriptedImporter) -> (artifact id: '2080f0ef242e975ce0984da2c07e4d04') in 0.0056213 seconds
Number of updated asset objects reloaded before import = 0Number of asset objects unloaded after import = 0

========================================================================
Received Import Request.
  Time since last request: 0.000023 seconds.
  path: Packages/com.unity.collab-proxy/Editor/Views/BranchExplorer/Drawing/Shapes/BranchGeometry.cs
  artifactKey: Guid(9dd73ad7202d44c7ac002aeb112ff0fa) Importer(2089858483,b0f066a214c2f5e87bad3c948f4d605d)
Start importing Packages/com.unity.collab-proxy/Editor/Views/BranchExplorer/Drawing/Shapes/BranchGeometry.cs using Guid(9dd73ad7202d44c7ac002aeb112ff0fa) Importer(2089858483,b0f066a214c2f5e87bad3c948f4d605d) (ScriptedImporter) -> (artifact id: 'c58ab5d6193c8f3f3d53774ec39ebff6') in 0.0062406 seconds
Number of updated asset objects reloaded before import = 0Number of asset objects unloaded after import = 0

========================================================================
Received Import Request.
  Time since last request: 0.000022 seconds.
  path: Packages/com.unity.ide.visualstudio/ValidationExceptions.json
  artifactKey: Guid(788fbcfc0abc6c54b9504cfee3176c22) Importer(2089858483,b0f066a214c2f5e87bad3c948f4d605d)
Start importing Packages/com.unity.ide.visualstudio/ValidationExceptions.json using Guid(788fbcfc0abc6c54b9504cfee3176c22) Importer(2089858483,b0f066a214c2f5e87bad3c948f4d605d) (ScriptedImporter) -> (artifact id: 'e9d07b18ea97f38e150c5da3f7587ed3') in 0.0059215 seconds
Number of updated asset objects reloaded before import = 0Number of asset objects unloaded after import = 1

========================================================================
Received Import Request.
  Time since last request: 0.000030 seconds.
  path: Packages/com.unity.ugui/Editor/TMP/TMP_SpriteAssetMenu.cs
  artifactKey: Guid(1048a87135154606808bf2030da32d18) Importer(2089858483,b0f066a214c2f5e87bad3c948f4d605d)
Start importing Packages/com.unity.ugui/Editor/TMP/TMP_SpriteAssetMenu.cs using Guid(1048a87135154606808bf2030da32d18) Importer(2089858483,b0f066a214c2f5e87bad3c948f4d605d) (ScriptedImporter) -> (artifact id: '6770222ffad5396ad77a12bf4c6d5ce6') in 0.0079829 seconds
Number of updated asset objects reloaded before import = 0Number of asset objects unloaded after import = 0

========================================================================
Received Import Request.
  Time since last request: 0.000018 seconds.
  path: Packages/com.unity.ugui/Editor/UGUI/UI/PrefabLayoutRebuilder.cs
  artifactKey: Guid(a62706dc421fc9b4fa368a8050a930f7) Importer(2089858483,b0f066a214c2f5e87bad3c948f4d605d)
Start importing Packages/com.unity.ugui/Editor/UGUI/UI/PrefabLayoutRebuilder.cs using Guid(a62706dc421fc9b4fa368a8050a930f7) Importer(2089858483,b0f066a214c2f5e87bad3c948f4d605d) (ScriptedImporter) -> (artifact id: '7d5b6b95da81d4ecf2bd8ec6771a725d') in 0.0064968 seconds
Number of updated asset objects reloaded before import = 0Number of asset objects unloaded after import = 0

========================================================================
Received Import Request.
  Time since last request: 0.000015 seconds.
  path: Packages/com.unity.ugui/Runtime/UGUI/EventSystem/EventTrigger.cs
  artifactKey: Guid(d0b148fe25e99eb48b9724523833bab1) Importer(2089858483,b0f066a214c2f5e87bad3c948f4d605d)
Start importing Packages/com.unity.ugui/Runtime/UGUI/EventSystem/EventTrigger.cs using Guid(d0b148fe25e99eb48b9724523833bab1) Importer(2089858483,b0f066a214c2f5e87bad3c948f4d605d) (ScriptedImporter) -> (artifact id: 'dafb00f347e532ad43aab37144db8e0c') in 0.0062473 seconds
Number of updated asset objects reloaded before import = 0Number of asset objects unloaded after import = 0

========================================================================
Received Import Request.
  Time since last request: 0.000019 seconds.
  path: Packages/com.unity.ugui/Tests/Editor/Common/UnityEditor.UI.Common.Tests.asmdef
  artifactKey: Guid(05242c3d99f24a74f99cc20369fcb344) Importer(2089858483,b0f066a214c2f5e87bad3c948f4d605d)
Start importing Packages/com.unity.ugui/Tests/Editor/Common/UnityEditor.UI.Common.Tests.asmdef using Guid(05242c3d99f24a74f99cc20369fcb344) Importer(2089858483,b0f066a214c2f5e87bad3c948f4d605d) (ScriptedImporter) -> (artifact id: '63812b9d12f503c81d82896f889d82e1') in 0.00661 seconds
Number of updated asset objects reloaded before import = 0Number of asset objects unloaded after import = 1

========================================================================
Received Import Request.
  Time since last request: 0.000028 seconds.
  path: Packages/com.unity.ugui/Tests/Editor/UGUI/Canvas/RootCanvasTests.cs
  artifactKey: Guid(798968d841703b54bb9d08b1da6bc52f) Importer(2089858483,b0f066a214c2f5e87bad3c948f4d605d)
Start importing Packages/com.unity.ugui/Tests/Editor/UGUI/Canvas/RootCanvasTests.cs using Guid(798968d841703b54bb9d08b1da6bc52f) Importer(2089858483,b0f066a214c2f5e87bad3c948f4d605d) (ScriptedImporter) -> (artifact id: '113eaac69323d8eaadff8435ac4d9de6') in 0.0053475 seconds
Number of updated asset objects reloaded before import = 0Number of asset objects unloaded after import = 0

========================================================================
Received Import Request.
  Time since last request: 0.000016 seconds.
  path: Packages/com.unity.ugui/Editor/UGUI/EventSystem/PhysicsRaycasterEditor.cs
  artifactKey: Guid(e976a5e755c7016418f66e15223c1b90) Importer(2089858483,b0f066a214c2f5e87bad3c948f4d605d)
Start importing Packages/com.unity.ugui/Editor/UGUI/EventSystem/PhysicsRaycasterEditor.cs using Guid(e976a5e755c7016418f66e15223c1b90) Importer(2089858483,b0f066a214c2f5e87bad3c948f4d605d) (ScriptedImporter) -> (artifact id: '408d9e357a23a2972ce10909395e6257') in 0.0065074 seconds
Number of updated asset objects reloaded before import = 0Number of asset objects unloaded after import = 0

========================================================================
Received Import Request.
  Time since last request: 0.000023 seconds.
  path: Packages/com.unity.ugui/Tests/Editor/UGUI/Canvas/CanvasElementsMaintainValidPositionsWhenCameraOrthoSizeIsZero.cs
  artifactKey: Guid(35a0d10199de49f4db0128003bfd3bda) Importer(2089858483,b0f066a214c2f5e87bad3c948f4d605d)
Start importing Packages/com.unity.ugui/Tests/Editor/UGUI/Canvas/CanvasElementsMaintainValidPositionsWhenCameraOrthoSizeIsZero.cs using Guid(35a0d10199de49f4db0128003bfd3bda) Importer(2089858483,b0f066a214c2f5e87bad3c948f4d605d) (ScriptedImporter) -> (artifact id: '5b99db9dd90c4c9f42d13ffa72751d38') in 0.0053259 seconds
Number of updated asset objects reloaded before import = 0Number of asset objects unloaded after import = 0

========================================================================
Received Import Request.
  Time since last request: 0.000017 seconds.
  path: Packages/com.unity.ugui/Editor/UGUI/UI/MenuOptions.cs
  artifactKey: Guid(f867743975592a743a3581ff042bcc25) Importer(2089858483,b0f066a214c2f5e87bad3c948f4d605d)
Start importing Packages/com.unity.ugui/Editor/UGUI/UI/MenuOptions.cs using Guid(f867743975592a743a3581ff042bcc25) Importer(2089858483,b0f066a214c2f5e87bad3c948f4d605d) (ScriptedImporter) -> (artifact id: 'e53b511478e210ea44e6ab15baa9caed') in 0.006658 seconds
Number of updated asset objects reloaded before import = 0Number of asset objects unloaded after import = 0

========================================================================
Received Import Request.
  Time since last request: 0.000027 seconds.
  path: Packages/com.unity.ugui/Runtime/UGUI/EventSystem/RaycastResult.cs
  artifactKey: Guid(3550d8ec6f29ab34d895ae9a43d560c2) Importer(2089858483,b0f066a214c2f5e87bad3c948f4d605d)
Start importing Packages/com.unity.ugui/Runtime/UGUI/EventSystem/RaycastResult.cs using Guid(3550d8ec6f29ab34d895ae9a43d560c2) Importer(2089858483,b0f066a214c2f5e87bad3c948f4d605d) (ScriptedImporter) -> (artifact id: 'c7747c3cbf953fbe100b0b09f77e80a3') in 0.0075517 seconds
Number of updated asset objects reloaded before import = 0Number of asset objects unloaded after import = 0

========================================================================
Received Import Request.
  Time since last request: 0.000018 seconds.
  path: Packages/com.unity.ugui/Runtime/UGUI/UI/Core/GraphicRegistry.cs
  artifactKey: Guid(69e3979b7029e8a4da2d96b714ba5c3a) Importer(2089858483,b0f066a214c2f5e87bad3c948f4d605d)
Start importing Packages/com.unity.ugui/Runtime/UGUI/UI/Core/GraphicRegistry.cs using Guid(69e3979b7029e8a4da2d96b714ba5c3a) Importer(2089858483,b0f066a214c2f5e87bad3c948f4d605d) (ScriptedImporter) -> (artifact id: 'ea67ea23203c7da0e6996f0010d48437') in 0.0040365 seconds
Number of updated asset objects reloaded before import = 0Number of asset objects unloaded after import = 0

========================================================================
Received Import Request.
  Time since last request: 0.000015 seconds.
  path: Packages/com.unity.ugui/Editor/UGUI/EventSystem/Physics2DRaycasterEditor.cs
  artifactKey: Guid(1143ae6bb91836f4a8f8ebfaabb9396d) Importer(2089858483,b0f066a214c2f5e87bad3c948f4d605d)
Start importing Packages/com.unity.ugui/Editor/UGUI/EventSystem/Physics2DRaycasterEditor.cs using Guid(1143ae6bb91836f4a8f8ebfaabb9396d) Importer(2089858483,b0f066a214c2f5e87bad3c948f4d605d) (ScriptedImporter) -> (artifact id: 'f748c299fcb57d32bc8291977746ea5d') in 0.0043468 seconds
Number of updated asset objects reloaded before import = 0Number of asset objects unloaded after import = 0

========================================================================
Received Import Request.
  Time since last request: 0.000017 seconds.
  path: Packages/com.unity.ugui/Tests/Runtime/UGUI/Button/ButtonTests.cs
  artifactKey: Guid(1ef2923b9c5521948a04299da53ae750) Importer(2089858483,b0f066a214c2f5e87bad3c948f4d605d)
Start importing Packages/com.unity.ugui/Tests/Runtime/UGUI/Button/ButtonTests.cs using Guid(1ef2923b9c5521948a04299da53ae750) Importer(2089858483,b0f066a214c2f5e87bad3c948f4d605d) (ScriptedImporter) -> (artifact id: '3880ba1d1b645aaa4ac9f4cceb6470ea') in 0.0049958 seconds
Number of updated asset objects reloaded before import = 0Number of asset objects unloaded after import = 0

========================================================================
Received Import Request.
  Time since last request: 0.000021 seconds.
  path: Packages/com.unity.ugui/Tests/Runtime/TMP/TMP_CanvasTests.cs
  artifactKey: Guid(5348cbfcd4f74699b33fe6b43747a016) Importer(2089858483,b0f066a214c2f5e87bad3c948f4d605d)
Start importing Packages/com.unity.ugui/Tests/Runtime/TMP/TMP_CanvasTests.cs using Guid(5348cbfcd4f74699b33fe6b43747a016) Importer(2089858483,b0f066a214c2f5e87bad3c948f4d605d) (ScriptedImporter) -> (artifact id: 'b4e810310f487954b09e6718414b9e5f') in 0.0051883 seconds
Number of updated asset objects reloaded before import = 0Number of asset objects unloaded after import = 0

========================================================================
Received Import Request.
  Time since last request: 0.000049 seconds.
  path: Packages/com.unity.ugui/Runtime/TMP/TextContainer.cs
  artifactKey: Guid(32d40088a6124c578ad6b428df586e2e) Importer(2089858483,b0f066a214c2f5e87bad3c948f4d605d)
Start importing Packages/com.unity.ugui/Runtime/TMP/TextContainer.cs using Guid(32d40088a6124c578ad6b428df586e2e) Importer(2089858483,b0f066a214c2f5e87bad3c948f4d605d) (ScriptedImporter) -> (artifact id: '296e2562b1c7aba9b7de080f03eca0f7') in 0.007897 seconds
Number of updated asset objects reloaded before import = 0Number of asset objects unloaded after import = 0

========================================================================
Received Import Request.
  Time since last request: 0.000019 seconds.
  path: Packages/com.unity.ugui/Runtime/TMP/TMP_DefaultControls.cs
  artifactKey: Guid(322392995be44d23a3c86cfd972f838f) Importer(2089858483,b0f066a214c2f5e87bad3c948f4d605d)
Start importing Packages/com.unity.ugui/Runtime/TMP/TMP_DefaultControls.cs using Guid(322392995be44d23a3c86cfd972f838f) Importer(2089858483,b0f066a214c2f5e87bad3c948f4d605d) (ScriptedImporter) -> (artifact id: '4eff52d0e37c823a6dd5b47fc8241b1e') in 0.0046939 seconds
Number of updated asset objects reloaded before import = 0Number of asset objects unloaded after import = 0

========================================================================
Received Import Request.
  Time since last request: 0.000019 seconds.
  path: Packages/com.unity.2d.tilemap/Editor/EditorTools/GridSelection/GridSelectionTool.cs
  artifactKey: Guid(e3dfa6de9ba76974d864f021fdb7d162) Importer(2089858483,b0f066a214c2f5e87bad3c948f4d605d)
Start importing Packages/com.unity.2d.tilemap/Editor/EditorTools/GridSelection/GridSelectionTool.cs using Guid(e3dfa6de9ba76974d864f021fdb7d162) Importer(2089858483,b0f066a214c2f5e87bad3c948f4d605d) (ScriptedImporter) -> (artifact id: '1f5c2810af5fbb0c7fa6d8ed272d10fe') in 0.0045234 seconds
Number of updated asset objects reloaded before import = 0Number of asset objects unloaded after import = 0

========================================================================
Received Import Request.
  Time since last request: 0.000021 seconds.
  path: Packages/com.unity.ugui/Editor Resources/Textures/btn_AlignJustified.psd
  artifactKey: Guid(92027f7f8cfc4feaa477da0dc38d3d46) Importer(2089858483,b0f066a214c2f5e87bad3c948f4d605d)
Start importing Packages/com.unity.ugui/Editor Resources/Textures/btn_AlignJustified.psd using Guid(92027f7f8cfc4feaa477da0dc38d3d46) Importer(2089858483,b0f066a214c2f5e87bad3c948f4d605d) (ScriptedImporter) -> (artifact id: '89c0938be07af5159b176c72f8005621') in 0.0108862 seconds
Number of updated asset objects reloaded before import = 0Number of asset objects unloaded after import = 1

========================================================================
Received Import Request.
  Time since last request: 0.000036 seconds.
  path: Packages/com.unity.collab-proxy/Editor/Views/BranchExplorer/Drawing/Shapes/Colors/BrExLineDashPatterns.cs
  artifactKey: Guid(9bce97fab0964d528edee0fae8663c95) Importer(2089858483,b0f066a214c2f5e87bad3c948f4d605d)
Start importing Packages/com.unity.collab-proxy/Editor/Views/BranchExplorer/Drawing/Shapes/Colors/BrExLineDashPatterns.cs using Guid(9bce97fab0964d528edee0fae8663c95) Importer(2089858483,b0f066a214c2f5e87bad3c948f4d605d) (ScriptedImporter) -> (artifact id: '19ad963d0e3a77a81314ec389fe5ffc3') in 0.0062361 seconds
Number of updated asset objects reloaded before import = 0Number of asset objects unloaded after import = 0

========================================================================
Received Import Request.
  Time since last request: 0.000022 seconds.
  path: Packages/com.unity.2d.tilemap/Editor/TileSet/TileSet.cs
  artifactKey: Guid(513a9a771ecb4df18a851a7a3cbe4d89) Importer(2089858483,b0f066a214c2f5e87bad3c948f4d605d)
Start importing Packages/com.unity.2d.tilemap/Editor/TileSet/TileSet.cs using Guid(513a9a771ecb4df18a851a7a3cbe4d89) Importer(2089858483,b0f066a214c2f5e87bad3c948f4d605d) (ScriptedImporter) -> (artifact id: 'ddcb68e867f7a0250795a32bd711d773') in 0.0043962 seconds
Number of updated asset objects reloaded before import = 0Number of asset objects unloaded after import = 0

========================================================================
Received Import Request.
  Time since last request: 0.000016 seconds.
  path: Packages/com.unity.ide.visualstudio/Editor/SolutionProperties.cs
  artifactKey: Guid(829d4d6bc39fd1044ba4c5fc2a9c911f) Importer(2089858483,b0f066a214c2f5e87bad3c948f4d605d)
Start importing Packages/com.unity.ide.visualstudio/Editor/SolutionProperties.cs using Guid(829d4d6bc39fd1044ba4c5fc2a9c911f) Importer(2089858483,b0f066a214c2f5e87bad3c948f4d605d) (ScriptedImporter) -> (artifact id: 'e8e3dbc29dea87d6573131f9f78dc6b8') in 0.0054123 seconds
Number of updated asset objects reloaded before import = 0Number of asset objects unloaded after import = 0

========================================================================
Received Import Request.
  Time since last request: 0.000018 seconds.
  path: Packages/com.unity.collab-proxy/Editor/Diff/Asset/Content/Filtering/ObjectContentFilters.cs
  artifactKey: Guid(5ba5950af72324af4be4d53de594d2b9) Importer(2089858483,b0f066a214c2f5e87bad3c948f4d605d)
Start importing Packages/com.unity.collab-proxy/Editor/Diff/Asset/Content/Filtering/ObjectContentFilters.cs using Guid(5ba5950af72324af4be4d53de594d2b9) Importer(2089858483,b0f066a214c2f5e87bad3c948f4d605d) (ScriptedImporter) -> (artifact id: 'b3e19cf958a64e39c85614ca98c0e4be') in 0.0053956 seconds
Number of updated asset objects reloaded before import = 0Number of asset objects unloaded after import = 0

========================================================================
Received Import Request.
  Time since last request: 0.000019 seconds.
  path: Packages/com.unity.ugui/Runtime/TMP/FontFeatureCommonGSUB.cs
  artifactKey: Guid(77b2d47bca9376f4a8ae69084a485957) Importer(2089858483,b0f066a214c2f5e87bad3c948f4d605d)
Start importing Packages/com.unity.ugui/Runtime/TMP/FontFeatureCommonGSUB.cs using Guid(77b2d47bca9376f4a8ae69084a485957) Importer(2089858483,b0f066a214c2f5e87bad3c948f4d605d) (ScriptedImporter) -> (artifact id: '015bc6be9744017b171129edc24304c1') in 0.0040047 seconds
Number of updated asset objects reloaded before import = 0Number of asset objects unloaded after import = 0

========================================================================
Received Import Request.
  Time since last request: 0.000025 seconds.
  path: Packages/com.unity.ugui/Tests/Editor/UGUI/InputField/ContentValidation.cs
  artifactKey: Guid(5a2e98b03511c6f43bc645238cd40857) Importer(2089858483,b0f066a214c2f5e87bad3c948f4d605d)
Start importing Packages/com.unity.ugui/Tests/Editor/UGUI/InputField/ContentValidation.cs using Guid(5a2e98b03511c6f43bc645238cd40857) Importer(2089858483,b0f066a214c2f5e87bad3c948f4d605d) (ScriptedImporter) -> (artifact id: '32d496f2aa20af832d263eecdb549712') in 0.0067174 seconds
Number of updated asset objects reloaded before import = 0Number of asset objects unloaded after import = 0

========================================================================
Received Import Request.
  Time since last request: 0.000016 seconds.
  path: Packages/com.unity.ugui/Package Resources/TMP Essential Resources.unitypackage
  artifactKey: Guid(ce4ff17ca867d2b48b5c8a4181611901) Importer(2089858483,b0f066a214c2f5e87bad3c948f4d605d)
Start importing Packages/com.unity.ugui/Package Resources/TMP Essential Resources.unitypackage using Guid(ce4ff17ca867d2b48b5c8a4181611901) Importer(2089858483,b0f066a214c2f5e87bad3c948f4d605d) (ScriptedImporter) -> (artifact id: 'b7e3af08de1d0c1af960d587f68ace37') in 0.0034505 seconds
Number of updated asset objects reloaded before import = 0Number of asset objects unloaded after import = 1

========================================================================
Received Import Request.
  Time since last request: 0.000015 seconds.
  path: Packages/com.unity.collab-proxy/Editor/Views/Merge/Developer/DirectoryConflicts/MergeViewDirectoryConflictMenu.cs
  artifactKey: Guid(4d2132ff97b487e4c9986528556871ed) Importer(2089858483,b0f066a214c2f5e87bad3c948f4d605d)
Start importing Packages/com.unity.collab-proxy/Editor/Views/Merge/Developer/DirectoryConflicts/MergeViewDirectoryConflictMenu.cs using Guid(4d2132ff97b487e4c9986528556871ed) Importer(2089858483,b0f066a214c2f5e87bad3c948f4d605d) (ScriptedImporter) -> (artifact id: '96ec1aba0453446510b0edda2b38a140') in 0.0041608 seconds
Number of updated asset objects reloaded before import = 0Number of asset objects unloaded after import = 0

========================================================================
Received Import Request.
  Time since last request: 0.000017 seconds.
  path: Packages/com.unity.2d.tilemap/Editor/Icons/d_EditorUI.Target@2x.png
  artifactKey: Guid(efae8c209fe26f541b3d560f2034287d) Importer(2089858483,b0f066a214c2f5e87bad3c948f4d605d)
Start importing Packages/com.unity.2d.tilemap/Editor/Icons/d_EditorUI.Target@2x.png using Guid(efae8c209fe26f541b3d560f2034287d) Importer(2089858483,b0f066a214c2f5e87bad3c948f4d605d) (ScriptedImporter) -> (artifact id: 'dbb009f764349f22f2496477d397c309') in 0.0118728 seconds
Number of updated asset objects reloaded before import = 0Number of asset objects unloaded after import = 3

========================================================================
Received Import Request.
  Time since last request: 0.000021 seconds.
  path: Packages/com.unity.2d.tilemap/Editor/TilePaletteActiveTargetsProperties.cs
  artifactKey: Guid(a37449cb15b841deab3dda438bc0ecc9) Importer(2089858483,b0f066a214c2f5e87bad3c948f4d605d)
Start importing Packages/com.unity.2d.tilemap/Editor/TilePaletteActiveTargetsProperties.cs using Guid(a37449cb15b841deab3dda438bc0ecc9) Importer(2089858483,b0f066a214c2f5e87bad3c948f4d605d) (ScriptedImporter) -> (artifact id: 'e3fdf3819d0d9d4e6dba7a41a537622b') in 0.0041456 seconds
Number of updated asset objects reloaded before import = 0Number of asset objects unloaded after import = 0

========================================================================
Received Import Request.
  Time since last request: 0.000033 seconds.
  path: Packages/com.unity.ide.visualstudio/Editor/Image.cs
  artifactKey: Guid(8e6c7ea7c059fb547b6723aaf225900b) Importer(2089858483,b0f066a214c2f5e87bad3c948f4d605d)
Start importing Packages/com.unity.ide.visualstudio/Editor/Image.cs using Guid(8e6c7ea7c059fb547b6723aaf225900b) Importer(2089858483,b0f066a214c2f5e87bad3c948f4d605d) (ScriptedImporter) -> (artifact id: '2910043fbebe2776493c3af82f7e4ebc') in 0.0036918 seconds
Number of updated asset objects reloaded before import = 0Number of asset objects unloaded after import = 0

========================================================================
Received Import Request.
  Time since last request: 0.000022 seconds.
  path: Packages/com.unity.ugui/Runtime/TMP/MaterialReferenceManager.cs
  artifactKey: Guid(11a6a034ab84493cbed6af5ae7aae78b) Importer(2089858483,b0f066a214c2f5e87bad3c948f4d605d)
Start importing Packages/com.unity.ugui/Runtime/TMP/MaterialReferenceManager.cs using Guid(11a6a034ab84493cbed6af5ae7aae78b) Importer(2089858483,b0f066a214c2f5e87bad3c948f4d605d) (ScriptedImporter) -> (artifact id: 'f9bc1d00a06fd779229134a78a48fe9f') in 0.0049026 seconds
Number of updated asset objects reloaded before import = 0Number of asset objects unloaded after import = 0

========================================================================
Received Import Request.
  Time since last request: 0.000015 seconds.
  path: Packages/com.unity.2d.tilemap/Editor/TileSet/TileSetImporterEditor.cs
  artifactKey: Guid(67c313dc248945dc9c62ded69fae5dee) Importer(2089858483,b0f066a214c2f5e87bad3c948f4d605d)
Start importing Packages/com.unity.2d.tilemap/Editor/TileSet/TileSetImporterEditor.cs using Guid(67c313dc248945dc9c62ded69fae5dee) Importer(2089858483,b0f066a214c2f5e87bad3c948f4d605d) (ScriptedImporter) -> (artifact id: '2a11453edeeb84db5335b6290c7abbd7') in 0.005301 seconds
Number of updated asset objects reloaded before import = 0Number of asset objects unloaded after import = 0

========================================================================
Received Import Request.
  Time since last request: 0.000017 seconds.
  path: Packages/com.unity.ugui/Editor/UGUI/UI/HorizontalOrVerticalLayoutGroupEditor.cs
  artifactKey: Guid(cb319974ad8ebd44aa1e1fbb02640b5b) Importer(2089858483,b0f066a214c2f5e87bad3c948f4d605d)
Start importing Packages/com.unity.ugui/Editor/UGUI/UI/HorizontalOrVerticalLayoutGroupEditor.cs using Guid(cb319974ad8ebd44aa1e1fbb02640b5b) Importer(2089858483,b0f066a214c2f5e87bad3c948f4d605d) (ScriptedImporter) -> (artifact id: 'faafe0061bfa00cd6218614ecea15de4') in 0.0054505 seconds
Number of updated asset objects reloaded before import = 0Number of asset objects unloaded after import = 0

========================================================================
Received Import Request.
  Time since last request: 0.000028 seconds.
  path: Packages/com.unity.ugui/Runtime/UGUI/UI/Core/FontUpdateTracker.cs
  artifactKey: Guid(39ab466162988eb4f83443f911bbf5c8) Importer(2089858483,b0f066a214c2f5e87bad3c948f4d605d)
Start importing Packages/com.unity.ugui/Runtime/UGUI/UI/Core/FontUpdateTracker.cs using Guid(39ab466162988eb4f83443f911bbf5c8) Importer(2089858483,b0f066a214c2f5e87bad3c948f4d605d) (ScriptedImporter) -> (artifact id: 'f23fd0e8306b5594e937c0afb5f38c77') in 0.0063663 seconds
Number of updated asset objects reloaded before import = 0Number of asset objects unloaded after import = 0

========================================================================
Received Import Request.
  Time since last request: 0.000039 seconds.
  path: Packages/com.unity.ide.visualstudio/Editor/Testing/TestRunnerCallbacks.cs
  artifactKey: Guid(fae6007c1ac2cc744b2891fd4d279c96) Importer(2089858483,b0f066a214c2f5e87bad3c948f4d605d)
Start importing Packages/com.unity.ide.visualstudio/Editor/Testing/TestRunnerCallbacks.cs using Guid(fae6007c1ac2cc744b2891fd4d279c96) Importer(2089858483,b0f066a214c2f5e87bad3c948f4d605d) (ScriptedImporter) -> (artifact id: 'a5182627badf822271c511635caa62aa') in 0.0095569 seconds
Number of updated asset objects reloaded before import = 0Number of asset objects unloaded after import = 0

========================================================================
Received Import Request.
  Time since last request: 0.000022 seconds.
  path: Packages/com.unity.ugui/Editor/TMP/HDRP/TMP_SDF_HDRPLitShaderGUI.cs
  artifactKey: Guid(85016528879d5d644981050d1d0a4368) Importer(2089858483,b0f066a214c2f5e87bad3c948f4d605d)
Start importing Packages/com.unity.ugui/Editor/TMP/HDRP/TMP_SDF_HDRPLitShaderGUI.cs using Guid(85016528879d5d644981050d1d0a4368) Importer(2089858483,b0f066a214c2f5e87bad3c948f4d605d) (ScriptedImporter) -> (artifact id: '2620c29daa3f5cf8035b6f45a9d8be73') in 0.0074536 seconds
Number of updated asset objects reloaded before import = 0Number of asset objects unloaded after import = 0

========================================================================
Received Import Request.
  Time since last request: 0.000026 seconds.
  path: Packages/com.unity.ugui/Runtime/TMP/TMP_FontAssetUtilities.cs
  artifactKey: Guid(0a017569bfe174e4890797b4d64cbabc) Importer(2089858483,b0f066a214c2f5e87bad3c948f4d605d)
Start importing Packages/com.unity.ugui/Runtime/TMP/TMP_FontAssetUtilities.cs using Guid(0a017569bfe174e4890797b4d64cbabc) Importer(2089858483,b0f066a214c2f5e87bad3c948f4d605d) (ScriptedImporter) -> (artifact id: '5756742c93532fac7befc19d88a93e33') in 0.0078767 seconds
Number of updated asset objects reloaded before import = 0Number of asset objects unloaded after import = 0

========================================================================
Received Import Request.
  Time since last request: 0.000032 seconds.
  path: Packages/com.unity.2d.tilemap/Editor/Icons/Tilemap.GridPaint@4x.png
  artifactKey: Guid(c54623997d885f6499655af6031a3bf9) Importer(2089858483,b0f066a214c2f5e87bad3c948f4d605d)
Start importing Packages/com.unity.2d.tilemap/Editor/Icons/Tilemap.GridPaint@4x.png using Guid(c54623997d885f6499655af6031a3bf9) Importer(2089858483,b0f066a214c2f5e87bad3c948f4d605d) (ScriptedImporter) -> (artifact id: 'd54931537cb0c1333fb1414f7ef06ee1') in 0.0193597 seconds
Number of updated asset objects reloaded before import = 0Number of asset objects unloaded after import = 3

========================================================================
Received Import Request.
  Time since last request: 0.000020 seconds.
  path: Packages/com.unity.ugui/Runtime/UGUI/EventSystem/InputModules/BaseInputModule.cs
  artifactKey: Guid(1ea10891dd782154ca0fb67bce9e6f72) Importer(2089858483,b0f066a214c2f5e87bad3c948f4d605d)
Start importing Packages/com.unity.ugui/Runtime/UGUI/EventSystem/InputModules/BaseInputModule.cs using Guid(1ea10891dd782154ca0fb67bce9e6f72) Importer(2089858483,b0f066a214c2f5e87bad3c948f4d605d) (ScriptedImporter) -> (artifact id: '811f1b095ae0c9f0abb35e4e8b52e5b3') in 0.0070096 seconds
Number of updated asset objects reloaded before import = 0Number of asset objects unloaded after import = 0

========================================================================
Received Import Request.
  Time since last request: 0.000026 seconds.
  path: Packages/com.unity.ugui/Runtime/TMP/TextMeshProUGUI.cs
  artifactKey: Guid(f4688fdb7df04437aeb418b961361dc5) Importer(2089858483,b0f066a214c2f5e87bad3c948f4d605d)
Start importing Packages/com.unity.ugui/Runtime/TMP/TextMeshProUGUI.cs using Guid(f4688fdb7df04437aeb418b961361dc5) Importer(2089858483,b0f066a214c2f5e87bad3c948f4d605d) (ScriptedImporter) -> (artifact id: 'cd2ed8604f6c50f96cdd47ffc9816186') in 0.0076487 seconds
Number of updated asset objects reloaded before import = 0Number of asset objects unloaded after import = 1

========================================================================
Received Import Request.
  Time since last request: 0.000038 seconds.
  path: Packages/com.unity.ide.visualstudio/Editor/AsyncOperation.cs
  artifactKey: Guid(c6c8b2f6152bd1348ae35f9f95719f75) Importer(2089858483,b0f066a214c2f5e87bad3c948f4d605d)
Start importing Packages/com.unity.ide.visualstudio/Editor/AsyncOperation.cs using Guid(c6c8b2f6152bd1348ae35f9f95719f75) Importer(2089858483,b0f066a214c2f5e87bad3c948f4d605d) (ScriptedImporter) -> (artifact id: '5fbef214aa604fecf22f939d73cbafc1') in 0.0080787 seconds
Number of updated asset objects reloaded before import = 0Number of asset objects unloaded after import = 0

========================================================================
Received Import Request.
  Time since last request: 0.000023 seconds.
  path: Packages/com.unity.ugui/Tests/Runtime/UGUI/ScrollRect/ScrollRectTests.cs
  artifactKey: Guid(d925cabd9ecd5074aadab0726b96c38f) Importer(2089858483,b0f066a214c2f5e87bad3c948f4d605d)
Start importing Packages/com.unity.ugui/Tests/Runtime/UGUI/ScrollRect/ScrollRectTests.cs using Guid(d925cabd9ecd5074aadab0726b96c38f) Importer(2089858483,b0f066a214c2f5e87bad3c948f4d605d) (ScriptedImporter) -> (artifact id: 'e87421888d6c9721a1b33980ba54d091') in 0.0084779 seconds
Number of updated asset objects reloaded before import = 0Number of asset objects unloaded after import = 0

========================================================================
Received Import Request.
  Time since last request: 0.000024 seconds.
  path: Packages/com.unity.ugui/Tests/Runtime/UGUI/Graphic/GraphicTests.cs
  artifactKey: Guid(e88a766c2b8b47841936c136f4afbba9) Importer(2089858483,b0f066a214c2f5e87bad3c948f4d605d)
Start importing Packages/com.unity.ugui/Tests/Runtime/UGUI/Graphic/GraphicTests.cs using Guid(e88a766c2b8b47841936c136f4afbba9) Importer(2089858483,b0f066a214c2f5e87bad3c948f4d605d) (ScriptedImporter) -> (artifact id: '5834c9afbf5b21b4ab358714e96e81a1') in 0.0073226 seconds
Number of updated asset objects reloaded before import = 0Number of asset objects unloaded after import = 0

========================================================================
Received Import Request.
  Time since last request: 0.000034 seconds.
  path: Packages/com.unity.ugui/Tests/Runtime/UGUI/Image/TestableImage.cs
  artifactKey: Guid(9713795381722eb43b623dffba25d115) Importer(2089858483,b0f066a214c2f5e87bad3c948f4d605d)
Start importing Packages/com.unity.ugui/Tests/Runtime/UGUI/Image/TestableImage.cs using Guid(9713795381722eb43b623dffba25d115) Importer(2089858483,b0f066a214c2f5e87bad3c948f4d605d) (ScriptedImporter) -> (artifact id: '5aba472724da87fa1ac9becd78a79aa4') in 0.0064715 seconds
Number of updated asset objects reloaded before import = 0Number of asset objects unloaded after import = 0

========================================================================
Received Import Request.
  Time since last request: 0.000023 seconds.
  path: Packages/com.unity.ugui/Tests/Runtime/UGUI/Canvas/NoActiveCameraInSceneDoesNotCrashEditor.cs
  artifactKey: Guid(9c21cfda3336137438c3001d40564be0) Importer(2089858483,b0f066a214c2f5e87bad3c948f4d605d)
Start importing Packages/com.unity.ugui/Tests/Runtime/UGUI/Canvas/NoActiveCameraInSceneDoesNotCrashEditor.cs using Guid(9c21cfda3336137438c3001d40564be0) Importer(2089858483,b0f066a214c2f5e87bad3c948f4d605d) (ScriptedImporter) -> (artifact id: '519ee9c607995866bc85b461757dca95') in 0.0105733 seconds
Number of updated asset objects reloaded before import = 0Number of asset objects unloaded after import = 0

========================================================================
Received Import Request.
  Time since last request: 0.000024 seconds.
  path: Packages/com.unity.ugui/Tests/Runtime/UGUI/Canvas/RectangleContainsScreenPointTest.cs
  artifactKey: Guid(08a8587e5f07fb64f88a0cbe2ebe327e) Importer(2089858483,b0f066a214c2f5e87bad3c948f4d605d)
Start importing Packages/com.unity.ugui/Tests/Runtime/UGUI/Canvas/RectangleContainsScreenPointTest.cs using Guid(08a8587e5f07fb64f88a0cbe2ebe327e) Importer(2089858483,b0f066a214c2f5e87bad3c948f4d605d) (ScriptedImporter) -> (artifact id: 'ef2517dd155a8dce89e5011e396f2b85') in 0.0066844 seconds
Number of updated asset objects reloaded before import = 0Number of asset objects unloaded after import = 0

========================================================================
Received Import Request.
  Time since last request: 0.000034 seconds.
  path: Packages/com.unity.ugui/Tests/Runtime/UGUI/Slider/SliderTests.cs
  artifactKey: Guid(fc34cd6ea308f3940a729e1a44cd0e82) Importer(2089858483,b0f066a214c2f5e87bad3c948f4d605d)
Start importing Packages/com.unity.ugui/Tests/Runtime/UGUI/Slider/SliderTests.cs using Guid(fc34cd6ea308f3940a729e1a44cd0e82) Importer(2089858483,b0f066a214c2f5e87bad3c948f4d605d) (ScriptedImporter) -> (artifact id: '307250a884ce9642fe64597a70ca965a') in 0.0077004 seconds
Number of updated asset objects reloaded before import = 0Number of asset objects unloaded after import = 0

========================================================================
Received Import Request.
  Time since last request: 0.000021 seconds.
  path: Packages/com.unity.collections/Unity.Collections/UnsafeList.cs
  artifactKey: Guid(277dac84baaf845b1952f2269f374912) Importer(2089858483,b0f066a214c2f5e87bad3c948f4d605d)
Start importing Packages/com.unity.collections/Unity.Collections/UnsafeList.cs using Guid(277dac84baaf845b1952f2269f374912) Importer(2089858483,b0f066a214c2f5e87bad3c948f4d605d) (ScriptedImporter) -> (artifact id: '88d53e7f330d536ca97a9d3f4eeaa71e') in 0.0090902 seconds
Number of updated asset objects reloaded before import = 0Number of asset objects unloaded after import = 0

========================================================================
Received Import Request.
  Time since last request: 0.000022 seconds.
  path: Packages/com.unity.collections/Unity.Collections/NativeParallelHashMapExtensions.cs
  artifactKey: Guid(859b8b7a1710f0b4396876700dda6319) Importer(2089858483,b0f066a214c2f5e87bad3c948f4d605d)
Start importing Packages/com.unity.collections/Unity.Collections/NativeParallelHashMapExtensions.cs using Guid(859b8b7a1710f0b4396876700dda6319) Importer(2089858483,b0f066a214c2f5e87bad3c948f4d605d) (ScriptedImporter) -> (artifact id: 'fe4b794c2269457238ad7b3f767d1688') in 0.015791 seconds
Number of updated asset objects reloaded before import = 0Number of asset objects unloaded after import = 0

========================================================================
Received Import Request.
  Time since last request: 0.000030 seconds.
  path: Packages/com.unity.collections/Unity.Collections/NativeText.gen.cs
  artifactKey: Guid(c96af7680ee0e6c4095162d932aadf52) Importer(2089858483,b0f066a214c2f5e87bad3c948f4d605d)
Start importing Packages/com.unity.collections/Unity.Collections/NativeText.gen.cs using Guid(c96af7680ee0e6c4095162d932aadf52) Importer(2089858483,b0f066a214c2f5e87bad3c948f4d605d) (ScriptedImporter) -> (artifact id: 'e996a2b9e3640306a4388326af3eadaf') in 0.0082194 seconds
Number of updated asset objects reloaded before import = 0Number of asset objects unloaded after import = 0

========================================================================
Received Import Request.
  Time since last request: 0.000023 seconds.
  path: Packages/com.unity.ugui/Runtime/UGUI/UI/Core/VertexModifiers/Outline.cs
  artifactKey: Guid(e19747de3f5aca642ab2be37e372fb86) Importer(2089858483,b0f066a214c2f5e87bad3c948f4d605d)
Start importing Packages/com.unity.ugui/Runtime/UGUI/UI/Core/VertexModifiers/Outline.cs using Guid(e19747de3f5aca642ab2be37e372fb86) Importer(2089858483,b0f066a214c2f5e87bad3c948f4d605d) (ScriptedImporter) -> (artifact id: '10f0fe2d58341f776ed2d998895ef2d5') in 0.0076199 seconds
Number of updated asset objects reloaded before import = 0Number of asset objects unloaded after import = 0

========================================================================
Received Import Request.
  Time since last request: 0.000025 seconds.
  path: Packages/com.unity.ugui/Runtime/UGUI/UI/Core/VertexModifiers/PositionAsUV1.cs
  artifactKey: Guid(020ee4c1798a3d243a4b8cbfee6cac2d) Importer(2089858483,b0f066a214c2f5e87bad3c948f4d605d)
Start importing Packages/com.unity.ugui/Runtime/UGUI/UI/Core/VertexModifiers/PositionAsUV1.cs using Guid(020ee4c1798a3d243a4b8cbfee6cac2d) Importer(2089858483,b0f066a214c2f5e87bad3c948f4d605d) (ScriptedImporter) -> (artifact id: '6af617e9ee0d2925487345e850505ddb') in 0.0115781 seconds
Number of updated asset objects reloaded before import = 0Number of asset objects unloaded after import = 0

========================================================================
Received Import Request.
  Time since last request: 0.000029 seconds.
  path: Packages/com.unity.collections/Unity.Collections/ListExtensions.cs
  artifactKey: Guid(7a3be0dd158385f4081ab23532efbc6c) Importer(2089858483,b0f066a214c2f5e87bad3c948f4d605d)
Start importing Packages/com.unity.collections/Unity.Collections/ListExtensions.cs using Guid(7a3be0dd158385f4081ab23532efbc6c) Importer(2089858483,b0f066a214c2f5e87bad3c948f4d605d) (ScriptedImporter) -> (artifact id: '48ed06e92c3d642cbd2c74291951a8d8') in 0.0096577 seconds
Number of updated asset objects reloaded before import = 0Number of asset objects unloaded after import = 0

========================================================================
Received Import Request.
  Time since last request: 0.000023 seconds.
  path: Packages/com.unity.collections/Unity.Collections/FixedList.tt
  artifactKey: Guid(f16da17e34bf5f149a196c3f6b32e37f) Importer(2089858483,b0f066a214c2f5e87bad3c948f4d605d)
Start importing Packages/com.unity.collections/Unity.Collections/FixedList.tt using Guid(f16da17e34bf5f149a196c3f6b32e37f) Importer(2089858483,b0f066a214c2f5e87bad3c948f4d605d) (ScriptedImporter) -> (artifact id: 'b65d883e03171f325fa9d4dbe29201dd') in 0.0069849 seconds
Number of updated asset objects reloaded before import = 0Number of asset objects unloaded after import = 1

========================================================================
Received Import Request.
  Time since last request: 0.000024 seconds.
  path: Packages/com.unity.collections/Unity.Collections/NativeHashMap.cs
  artifactKey: Guid(0e9b36beea84b894ca71b7dcd8883525) Importer(2089858483,b0f066a214c2f5e87bad3c948f4d605d)
Start importing Packages/com.unity.collections/Unity.Collections/NativeHashMap.cs using Guid(0e9b36beea84b894ca71b7dcd8883525) Importer(2089858483,b0f066a214c2f5e87bad3c948f4d605d) (ScriptedImporter) -> (artifact id: 'cee25ea99a3bab4194613905cc0a36ae') in 0.0093728 seconds
Number of updated asset objects reloaded before import = 0Number of asset objects unloaded after import = 0

========================================================================
Received Import Request.
  Time since last request: 0.000036 seconds.
  path: Packages/com.unity.collections/Unity.Collections/Memory.cs
  artifactKey: Guid(babbfc241a32b8241bf31319e1447eb2) Importer(2089858483,b0f066a214c2f5e87bad3c948f4d605d)
Start importing Packages/com.unity.collections/Unity.Collections/Memory.cs using Guid(babbfc241a32b8241bf31319e1447eb2) Importer(2089858483,b0f066a214c2f5e87bad3c948f4d605d) (ScriptedImporter) -> (artifact id: '623adb1bd43430b592b6b62d95682493') in 0.0069468 seconds
Number of updated asset objects reloaded before import = 0Number of asset objects unloaded after import = 0

========================================================================
Received Import Request.
  Time since last request: 0.000023 seconds.
  path: Packages/com.unity.collections/Unity.Collections/NativeNotBurstCompatible.cs
  artifactKey: Guid(b029fb97ffda0ec4aaa9d76de93a0608) Importer(2089858483,b0f066a214c2f5e87bad3c948f4d605d)
Start importing Packages/com.unity.collections/Unity.Collections/NativeNotBurstCompatible.cs using Guid(b029fb97ffda0ec4aaa9d76de93a0608) Importer(2089858483,b0f066a214c2f5e87bad3c948f4d605d) (ScriptedImporter) -> (artifact id: '083d4bb739df7b5f33c1af43308018e5') in 0.0068628 seconds
Number of updated asset objects reloaded before import = 0Number of asset objects unloaded after import = 0

========================================================================
Received Import Request.
  Time since last request: 0.000022 seconds.
  path: Packages/com.unity.ugui/Tests/Runtime/UGUI/MaskClipping/RectMask2DClipping.cs
  artifactKey: Guid(529fde071171dfd4e99d45ca81a3ac7b) Importer(2089858483,b0f066a214c2f5e87bad3c948f4d605d)
Start importing Packages/com.unity.ugui/Tests/Runtime/UGUI/MaskClipping/RectMask2DClipping.cs using Guid(529fde071171dfd4e99d45ca81a3ac7b) Importer(2089858483,b0f066a214c2f5e87bad3c948f4d605d) (ScriptedImporter) -> (artifact id: '91b725308bb7fbf33764714cd87b9089') in 0.0104156 seconds
Number of updated asset objects reloaded before import = 0Number of asset objects unloaded after import = 0

========================================================================
Received Import Request.
  Time since last request: 0.000027 seconds.
  path: Packages/com.unity.ugui/Tests/Runtime/UGUI/Canvas/CanvasScalerWithChildTextObjectDoesNotCrash.cs
  artifactKey: Guid(13d161b14bb3ab74e8a9634e26fb7a5e) Importer(2089858483,b0f066a214c2f5e87bad3c948f4d605d)
Start importing Packages/com.unity.ugui/Tests/Runtime/UGUI/Canvas/CanvasScalerWithChildTextObjectDoesNotCrash.cs using Guid(13d161b14bb3ab74e8a9634e26fb7a5e) Importer(2089858483,b0f066a214c2f5e87bad3c948f4d605d) (ScriptedImporter) -> (artifact id: '3f922260de90eaf9caf27fd0d65c439e') in 0.0270589 seconds
Number of updated asset objects reloaded before import = 0Number of asset objects unloaded after import = 0

========================================================================
Received Import Request.
  Time since last request: 0.000024 seconds.
  path: Packages/com.unity.collections/Unity.Collections/NativeParallelHashMap.cs
  artifactKey: Guid(1f49bcab900e54c498a852d067a7636c) Importer(2089858483,b0f066a214c2f5e87bad3c948f4d605d)
Start importing Packages/com.unity.collections/Unity.Collections/NativeParallelHashMap.cs using Guid(1f49bcab900e54c498a852d067a7636c) Importer(2089858483,b0f066a214c2f5e87bad3c948f4d605d) (ScriptedImporter) -> (artifact id: '6e809d0f82bef10b0f9310bf63744c95') in 0.036739 seconds
Number of updated asset objects reloaded before import = 0Number of asset objects unloaded after import = 0

========================================================================
Received Import Request.
  Time since last request: 0.000027 seconds.
  path: Packages/com.unity.collections/Unity.Collections/NativeReference.cs
  artifactKey: Guid(ca5dd80efed23904a980e0f7fb23ed5d) Importer(2089858483,b0f066a214c2f5e87bad3c948f4d605d)
Start importing Packages/com.unity.collections/Unity.Collections/NativeReference.cs using Guid(ca5dd80efed23904a980e0f7fb23ed5d) Importer(2089858483,b0f066a214c2f5e87bad3c948f4d605d) (ScriptedImporter) -> (artifact id: '48190ca4ccd4c32e9783a4eda89a8cba') in 0.0208578 seconds
Number of updated asset objects reloaded before import = 0Number of asset objects unloaded after import = 0

========================================================================
Received Import Request.
  Time since last request: 0.000025 seconds.
  path: Packages/com.unity.collections/Unity.Collections.Editor/Unity.Collections.Editor.asmdef
  artifactKey: Guid(c668b7a00ffe56a498ddb1fc9f96f4e6) Importer(2089858483,b0f066a214c2f5e87bad3c948f4d605d)
Start importing Packages/com.unity.collections/Unity.Collections.Editor/Unity.Collections.Editor.asmdef using Guid(c668b7a00ffe56a498ddb1fc9f96f4e6) Importer(2089858483,b0f066a214c2f5e87bad3c948f4d605d) (ScriptedImporter) -> (artifact id: 'a3febac9dd86ed24a5e5145fc68930cf') in 0.0128561 seconds
Number of updated asset objects reloaded before import = 0Number of asset objects unloaded after import = 1

========================================================================
Received Import Request.
  Time since last request: 0.000023 seconds.
  path: Packages/com.unity.collections/Unity.Collections.PerformanceTests/BenchmarkContainer.cs
  artifactKey: Guid(7956c264a4f322048ae516dae097b33a) Importer(2089858483,b0f066a214c2f5e87bad3c948f4d605d)
Start importing Packages/com.unity.collections/Unity.Collections.PerformanceTests/BenchmarkContainer.cs using Guid(7956c264a4f322048ae516dae097b33a) Importer(2089858483,b0f066a214c2f5e87bad3c948f4d605d) (ScriptedImporter) -> (artifact id: 'e48c960df51e782014e32c52cb5869bc') in 0.0309328 seconds
Number of updated asset objects reloaded before import = 0Number of asset objects unloaded after import = 0

========================================================================
Received Import Request.
  Time since last request: 0.000022 seconds.
  path: Packages/com.unity.collections/Unity.Collections.Tests/EmbeddedPackageOnlyTestAttribute.cs
  artifactKey: Guid(4668a20175cc94ab284013b3a4ce4a9e) Importer(2089858483,b0f066a214c2f5e87bad3c948f4d605d)
Start importing Packages/com.unity.collections/Unity.Collections.Tests/EmbeddedPackageOnlyTestAttribute.cs using Guid(4668a20175cc94ab284013b3a4ce4a9e) Importer(2089858483,b0f066a214c2f5e87bad3c948f4d605d) (ScriptedImporter) -> (artifact id: '6de533ce58a5d8c20d0168c989823dd0') in 0.0077354 seconds
Number of updated asset objects reloaded before import = 0Number of asset objects unloaded after import = 0

========================================================================
Received Import Request.
  Time since last request: 0.000025 seconds.
  path: Packages/com.unity.collections/Unity.Collections.Tests/FastAssert.cs
  artifactKey: Guid(46bf253b4ab641ca9ead38f10efc8d17) Importer(2089858483,b0f066a214c2f5e87bad3c948f4d605d)
Start importing Packages/com.unity.collections/Unity.Collections.Tests/FastAssert.cs using Guid(46bf253b4ab641ca9ead38f10efc8d17) Importer(2089858483,b0f066a214c2f5e87bad3c948f4d605d) (ScriptedImporter) -> (artifact id: 'f8a2c8c2f050f4822750ca1426cd4cc1') in 0.1163172 seconds
Number of updated asset objects reloaded before import = 0Number of asset objects unloaded after import = 0

========================================================================
Received Import Request.
  Time since last request: 0.000035 seconds.
  path: Packages/com.unity.collections/Unity.Collections.PerformanceTests/ParallelHashMapPerformanceTests.cs
  artifactKey: Guid(646d50e1f45e86d4ea1fe9bfc488b347) Importer(2089858483,b0f066a214c2f5e87bad3c948f4d605d)
Start importing Packages/com.unity.collections/Unity.Collections.PerformanceTests/ParallelHashMapPerformanceTests.cs using Guid(646d50e1f45e86d4ea1fe9bfc488b347) Importer(2089858483,b0f066a214c2f5e87bad3c948f4d605d) (ScriptedImporter) -> (artifact id: '91a2316fa7b8a0ea05105c9790d7c921') in 0.1277835 seconds
Number of updated asset objects reloaded before import = 0Number of asset objects unloaded after import = 0

========================================================================
Received Import Request.
  Time since last request: 0.000037 seconds.
  path: Packages/com.unity.collections/Unity.Collections.Tests/NativeParallelHashSetTests.cs
  artifactKey: Guid(78ef485c88176444bae5f0fce37b4e29) Importer(2089858483,b0f066a214c2f5e87bad3c948f4d605d)
Start importing Packages/com.unity.collections/Unity.Collections.Tests/NativeParallelHashSetTests.cs using Guid(78ef485c88176444bae5f0fce37b4e29) Importer(2089858483,b0f066a214c2f5e87bad3c948f4d605d) (ScriptedImporter) -> (artifact id: '4a7e61a9c85547a230101fb1e532b8dc') in 0.0067941 seconds
Number of updated asset objects reloaded before import = 0Number of asset objects unloaded after import = 0

========================================================================
Received Import Request.
  Time since last request: 0.000107 seconds.
  path: Packages/com.unity.collections/Unity.Collections.PerformanceTests/ParallelHashSetPerformanceTests.cs
  artifactKey: Guid(658c5e8f30c4cbe4b88301ce6599a6fb) Importer(2089858483,b0f066a214c2f5e87bad3c948f4d605d)
Start importing Packages/com.unity.collections/Unity.Collections.PerformanceTests/ParallelHashSetPerformanceTests.cs using Guid(658c5e8f30c4cbe4b88301ce6599a6fb) Importer(2089858483,b0f066a214c2f5e87bad3c948f4d605d) (ScriptedImporter) -> (artifact id: 'd22952e3056bc6800c9b37e393e9ff94') in 0.0074831 seconds
Number of updated asset objects reloaded before import = 0Number of asset objects unloaded after import = 0

========================================================================
Received Import Request.
  Time since last request: 0.000024 seconds.
  path: Packages/com.unity.collections/Unity.Collections.Editor/JobsMenu.cs
  artifactKey: Guid(7a96926915a7746789220056d7c409a5) Importer(2089858483,b0f066a214c2f5e87bad3c948f4d605d)
Start importing Packages/com.unity.collections/Unity.Collections.Editor/JobsMenu.cs using Guid(7a96926915a7746789220056d7c409a5) Importer(2089858483,b0f066a214c2f5e87bad3c948f4d605d) (ScriptedImporter) -> (artifact id: '76cf931df48f0c1ceaaf3b4d7931bf69') in 0.0435895 seconds
Number of updated asset objects reloaded before import = 0Number of asset objects unloaded after import = 0

========================================================================
Received Import Request.
  Time since last request: 0.000034 seconds.
  path: Packages/com.unity.collections/Unity.Collections.Tests/GenericContainerTest.cs
  artifactKey: Guid(41c1d83e4d34d6247b6e021d9053b364) Importer(2089858483,b0f066a214c2f5e87bad3c948f4d605d)
Start importing Packages/com.unity.collections/Unity.Collections.Tests/GenericContainerTest.cs using Guid(41c1d83e4d34d6247b6e021d9053b364) Importer(2089858483,b0f066a214c2f5e87bad3c948f4d605d) (ScriptedImporter) -> (artifact id: '817a2d18527e59cd6182f0ca31cc0cf5') in 0.0628349 seconds
Number of updated asset objects reloaded before import = 0Number of asset objects unloaded after import = 0

========================================================================
Received Import Request.
  Time since last request: 0.000021 seconds.
  path: Packages/com.unity.collections/Unity.Collections.PerformanceTests/ArrayPerformanceTests.cs
  artifactKey: Guid(c78535bf9ed19874e83db37c738974ad) Importer(2089858483,b0f066a214c2f5e87bad3c948f4d605d)
Start importing Packages/com.unity.collections/Unity.Collections.PerformanceTests/ArrayPerformanceTests.cs using Guid(c78535bf9ed19874e83db37c738974ad) Importer(2089858483,b0f066a214c2f5e87bad3c948f4d605d) (ScriptedImporter) -> (artifact id: '7622554e95179e1a212c9219cd8a99bb') in 0.0065885 seconds
Number of updated asset objects reloaded before import = 0Number of asset objects unloaded after import = 0

========================================================================
Received Import Request.
  Time since last request: 0.000028 seconds.
  path: Packages/com.unity.collections/Unity.Collections.CodeGen/Unity.Collections.CodeGen.asmdef
  artifactKey: Guid(8baa6eabecd47164e94a1eb92b18f394) Importer(2089858483,b0f066a214c2f5e87bad3c948f4d605d)
Start importing Packages/com.unity.collections/Unity.Collections.CodeGen/Unity.Collections.CodeGen.asmdef using Guid(8baa6eabecd47164e94a1eb92b18f394) Importer(2089858483,b0f066a214c2f5e87bad3c948f4d605d) (ScriptedImporter) -> (artifact id: 'fc0ce265fd767a94589e463fc8d89e37') in 0.0067891 seconds
Number of updated asset objects reloaded before import = 0Number of asset objects unloaded after import = 1

========================================================================
Received Import Request.
  Time since last request: 0.000039 seconds.
  path: Packages/com.unity.collections/Unity.Collections.CodeGen/JobReflectionDataPostProcessor.cs
  artifactKey: Guid(303e5975f34d18c4d81f25c4af12839a) Importer(2089858483,b0f066a214c2f5e87bad3c948f4d605d)
Start importing Packages/com.unity.collections/Unity.Collections.CodeGen/JobReflectionDataPostProcessor.cs using Guid(303e5975f34d18c4d81f25c4af12839a) Importer(2089858483,b0f066a214c2f5e87bad3c948f4d605d) (ScriptedImporter) -> (artifact id: '65fb01dce481db079fb1c223add23bae') in 0.0071442 seconds
Number of updated asset objects reloaded before import = 0Number of asset objects unloaded after import = 0

========================================================================
Received Import Request.
  Time since last request: 0.000026 seconds.
  path: Packages/com.unity.collections/Unity.Collections.PerformanceTests/PerformanceTestFrameworkOutputFixedSize.png
  artifactKey: Guid(079c3d43b74823a41bb33198b8221c23) Importer(2089858483,b0f066a214c2f5e87bad3c948f4d605d)
Start importing Packages/com.unity.collections/Unity.Collections.PerformanceTests/PerformanceTestFrameworkOutputFixedSize.png using Guid(079c3d43b74823a41bb33198b8221c23) Importer(2089858483,b0f066a214c2f5e87bad3c948f4d605d) (ScriptedImporter) -> (artifact id: '6d3fb53b97b46cc0b5229b88641da636') in 0.0770885 seconds
Number of updated asset objects reloaded before import = 0Number of asset objects unloaded after import = 1

========================================================================
Received Import Request.
  Time since last request: 0.000029 seconds.
  path: Packages/com.unity.collections/Unity.Collections/NativeParallelHashSetExtensions.gen.cs
  artifactKey: Guid(66713ae417f65c84c944fd6fa9e80129) Importer(2089858483,b0f066a214c2f5e87bad3c948f4d605d)
Start importing Packages/com.unity.collections/Unity.Collections/NativeParallelHashSetExtensions.gen.cs using Guid(66713ae417f65c84c944fd6fa9e80129) Importer(2089858483,b0f066a214c2f5e87bad3c948f4d605d) (ScriptedImporter) -> (artifact id: 'cc0562e9ce3803f60266240df64541dc') in 0.0071387 seconds
Number of updated asset objects reloaded before import = 0Number of asset objects unloaded after import = 0

========================================================================
Received Import Request.
  Time since last request: 0.000040 seconds.
  path: Packages/com.unity.collections/Unity.Collections.Tests/Jobs/NativeListDeferredArrayTests.cs
  artifactKey: Guid(5b263730bb62fa74190582398189b6f9) Importer(2089858483,b0f066a214c2f5e87bad3c948f4d605d)
Start importing Packages/com.unity.collections/Unity.Collections.Tests/Jobs/NativeListDeferredArrayTests.cs using Guid(5b263730bb62fa74190582398189b6f9) Importer(2089858483,b0f066a214c2f5e87bad3c948f4d605d) (ScriptedImporter) -> (artifact id: '241636f6272495607d1fde3730aa7298') in 0.0609882 seconds
Number of updated asset objects reloaded before import = 0Number of asset objects unloaded after import = 0

========================================================================
Received Import Request.
  Time since last request: 0.000038 seconds.
  path: Packages/com.unity.collections/Unity.Collections.PerformanceTests/Unity.PerformanceTesting.Benchmark/BenchmarkRunner.cs
  artifactKey: Guid(4dc2e5d287a58464b9af31aabf8a6cab) Importer(2089858483,b0f066a214c2f5e87bad3c948f4d605d)
Start importing Packages/com.unity.collections/Unity.Collections.PerformanceTests/Unity.PerformanceTesting.Benchmark/BenchmarkRunner.cs using Guid(4dc2e5d287a58464b9af31aabf8a6cab) Importer(2089858483,b0f066a214c2f5e87bad3c948f4d605d) (ScriptedImporter) -> (artifact id: '90a505969c5361e94c89d2d6a0670d2d') in 0.1066195 seconds
Number of updated asset objects reloaded before import = 0Number of asset objects unloaded after import = 0

========================================================================
Received Import Request.
  Time since last request: 0.000036 seconds.
  path: Packages/com.unity.collections/Unity.Collections.Tests/Jobs/FilterJobTests.cs
  artifactKey: Guid(551e05d9d28513c4fb893599f9237377) Importer(2089858483,b0f066a214c2f5e87bad3c948f4d605d)
Start importing Packages/com.unity.collections/Unity.Collections.Tests/Jobs/FilterJobTests.cs using Guid(551e05d9d28513c4fb893599f9237377) Importer(2089858483,b0f066a214c2f5e87bad3c948f4d605d) (ScriptedImporter) -> (artifact id: '9d285b43a613c02f2af1ccb8adc4fa17') in 0.0081379 seconds
Number of updated asset objects reloaded before import = 0Number of asset objects unloaded after import = 0

========================================================================
Received Import Request.
  Time since last request: 0.000024 seconds.
  path: Packages/com.unity.mathematics/Tests/TestCompilerAttribute.cs
  artifactKey: Guid(5b16d5a4bfd93114385ecd01f00a6914) Importer(2089858483,b0f066a214c2f5e87bad3c948f4d605d)
Start importing Packages/com.unity.mathematics/Tests/TestCompilerAttribute.cs using Guid(5b16d5a4bfd93114385ecd01f00a6914) Importer(2089858483,b0f066a214c2f5e87bad3c948f4d605d) (ScriptedImporter) -> (artifact id: '388bbd64240c782f031e8af50d62cd9e') in 0.0752906 seconds
Number of updated asset objects reloaded before import = 0Number of asset objects unloaded after import = 0

========================================================================
Received Import Request.
  Time since last request: 0.000030 seconds.
  path: Packages/com.unity.mathematics/Unity.Mathematics/half.cs
  artifactKey: Guid(a513f9316035e1649a644c2e9f69c12a) Importer(2089858483,b0f066a214c2f5e87bad3c948f4d605d)
Start importing Packages/com.unity.mathematics/Unity.Mathematics/half.cs using Guid(a513f9316035e1649a644c2e9f69c12a) Importer(2089858483,b0f066a214c2f5e87bad3c948f4d605d) (ScriptedImporter) -> (artifact id: 'f77d82c9b8eefa6bf33ac0fb4e59f9d4') in 0.1074536 seconds
Number of updated asset objects reloaded before import = 0Number of asset objects unloaded after import = 0

========================================================================
Received Import Request.
  Time since last request: 0.000034 seconds.
  path: Packages/com.unity.collections/Unity.Collections.PerformanceTests/Unity.PerformanceTesting.Benchmark/README.md
  artifactKey: Guid(2e3a7e16dc0bd2346a2514dd143105a9) Importer(2089858483,b0f066a214c2f5e87bad3c948f4d605d)
Start importing Packages/com.unity.collections/Unity.Collections.PerformanceTests/Unity.PerformanceTesting.Benchmark/README.md using Guid(2e3a7e16dc0bd2346a2514dd143105a9) Importer(2089858483,b0f066a214c2f5e87bad3c948f4d605d) (ScriptedImporter) -> (artifact id: '94d6289226793b69e5f3e3afccfe7212') in 0.0093064 seconds
Number of updated asset objects reloaded before import = 0Number of asset objects unloaded after import = 1

========================================================================
Received Import Request.
  Time since last request: 0.000027 seconds.
  path: Packages/com.unity.collections/Unity.Collections.Tests.Playmode/FixedListPlayModeTests.tt
  artifactKey: Guid(6a88e2cd1798bb445bc5517141684031) Importer(2089858483,b0f066a214c2f5e87bad3c948f4d605d)
Start importing Packages/com.unity.collections/Unity.Collections.Tests.Playmode/FixedListPlayModeTests.tt using Guid(6a88e2cd1798bb445bc5517141684031) Importer(2089858483,b0f066a214c2f5e87bad3c948f4d605d) (ScriptedImporter) -> (artifact id: 'c8bf4cde96cd4e4cc764652fff045319') in 0.0453714 seconds
Number of updated asset objects reloaded before import = 0Number of asset objects unloaded after import = 1

========================================================================
Received Import Request.
  Time since last request: 0.000032 seconds.
  path: Packages/com.unity.mathematics/Unity.Mathematics/double4.gen.cs
  artifactKey: Guid(8d041bf430fc14f4787b6f89d3326147) Importer(2089858483,b0f066a214c2f5e87bad3c948f4d605d)
Start importing Packages/com.unity.mathematics/Unity.Mathematics/double4.gen.cs using Guid(8d041bf430fc14f4787b6f89d3326147) Importer(2089858483,b0f066a214c2f5e87bad3c948f4d605d) (ScriptedImporter) -> (artifact id: '40ebb9190c9f2407301a2af506842640') in 0.0928901 seconds
Number of updated asset objects reloaded before import = 0Number of asset objects unloaded after import = 0

========================================================================
Received Import Request.
  Time since last request: 0.000198 seconds.
  path: Packages/com.unity.mathematics/Unity.Mathematics/double3x2.gen.cs
  artifactKey: Guid(dbb081701c605492aa7bca8b0dcd80d7) Importer(2089858483,b0f066a214c2f5e87bad3c948f4d605d)
Start importing Packages/com.unity.mathematics/Unity.Mathematics/double3x2.gen.cs using Guid(dbb081701c605492aa7bca8b0dcd80d7) Importer(2089858483,b0f066a214c2f5e87bad3c948f4d605d) (ScriptedImporter) -> (artifact id: 'cc0fcb442c30142e4659be55c68036da') in 0.0121563 seconds
Number of updated asset objects reloaded before import = 0Number of asset objects unloaded after import = 0

========================================================================
Received Import Request.
  Time since last request: 0.000031 seconds.
  path: Packages/com.unity.collections/Unity.Collections.Tests/xxHash3Tests.cs
  artifactKey: Guid(7d0e2c4064f24e889a36d5635f4f857d) Importer(2089858483,b0f066a214c2f5e87bad3c948f4d605d)
Start importing Packages/com.unity.collections/Unity.Collections.Tests/xxHash3Tests.cs using Guid(7d0e2c4064f24e889a36d5635f4f857d) Importer(2089858483,b0f066a214c2f5e87bad3c948f4d605d) (ScriptedImporter) -> (artifact id: 'd58cf3f105db4cf9b994a2b201f0f5ad') in 0.0117644 seconds
Number of updated asset objects reloaded before import = 0Number of asset objects unloaded after import = 0

========================================================================
Received Import Request.
  Time since last request: 0.000038 seconds.
  path: Packages/com.unity.mathematics/Unity.Mathematics/bool4x3.gen.cs
  artifactKey: Guid(e3e9b9173355b4d25aad23fb08782200) Importer(2089858483,b0f066a214c2f5e87bad3c948f4d605d)
Start importing Packages/com.unity.mathematics/Unity.Mathematics/bool4x3.gen.cs using Guid(e3e9b9173355b4d25aad23fb08782200) Importer(2089858483,b0f066a214c2f5e87bad3c948f4d605d) (ScriptedImporter) -> (artifact id: '510b6baf45e9c23fdbd4d6e0324c0b35') in 0.0345289 seconds
Number of updated asset objects reloaded before import = 0Number of asset objects unloaded after import = 0

========================================================================
Received Import Request.
  Time since last request: 0.000024 seconds.
  path: Packages/com.unity.mathematics/Unity.Mathematics/int4x3.gen.cs
  artifactKey: Guid(625f7c407b9c1474bbfcb1c17db16571) Importer(2089858483,b0f066a214c2f5e87bad3c948f4d605d)
Start importing Packages/com.unity.mathematics/Unity.Mathematics/int4x3.gen.cs using Guid(625f7c407b9c1474bbfcb1c17db16571) Importer(2089858483,b0f066a214c2f5e87bad3c948f4d605d) (ScriptedImporter) -> (artifact id: '8b71b2d3e8de308caafd5eaa3d9ab781') in 0.0560635 seconds
Number of updated asset objects reloaded before import = 0Number of asset objects unloaded after import = 0

========================================================================
Received Import Request.
  Time since last request: 0.000029 seconds.
  path: Packages/com.unity.mathematics/Unity.Mathematics.Editor/MatrixDrawer.cs
  artifactKey: Guid(407410bec194a4cfe929933685bb80a7) Importer(2089858483,b0f066a214c2f5e87bad3c948f4d605d)
Start importing Packages/com.unity.mathematics/Unity.Mathematics.Editor/MatrixDrawer.cs using Guid(407410bec194a4cfe929933685bb80a7) Importer(2089858483,b0f066a214c2f5e87bad3c948f4d605d) (ScriptedImporter) -> (artifact id: '167781b722513e43d4f46db5eb142bf2') in 0.095673 seconds
Number of updated asset objects reloaded before import = 0Number of asset objects unloaded after import = 0

========================================================================
Received Import Request.
  Time since last request: 0.000035 seconds.
  path: Packages/com.unity.mathematics/Tests/Tests/TestRandom.cs
  artifactKey: Guid(ec2e0d8c659a52a45b0bd4f7a3d3981a) Importer(2089858483,b0f066a214c2f5e87bad3c948f4d605d)
Start importing Packages/com.unity.mathematics/Tests/Tests/TestRandom.cs using Guid(ec2e0d8c659a52a45b0bd4f7a3d3981a) Importer(2089858483,b0f066a214c2f5e87bad3c948f4d605d) (ScriptedImporter) -> (artifact id: '3322c9c91994c72ac1f0a00bb04125f6') in 0.0083284 seconds
Number of updated asset objects reloaded before import = 0Number of asset objects unloaded after import = 0

========================================================================
Received Import Request.
  Time since last request: 0.000021 seconds.
  path: Packages/com.unity.mathematics/Unity.Mathematics/Geometry/MinMaxAABB.cs
  artifactKey: Guid(e0eb9224bcb474ac091e7d7f2780d61d) Importer(2089858483,b0f066a214c2f5e87bad3c948f4d605d)
Start importing Packages/com.unity.mathematics/Unity.Mathematics/Geometry/MinMaxAABB.cs using Guid(e0eb9224bcb474ac091e7d7f2780d61d) Importer(2089858483,b0f066a214c2f5e87bad3c948f4d605d) (ScriptedImporter) -> (artifact id: 'a7a0d9920f25c8eb6ba6d5f23381f1fb') in 0.0069722 seconds
Number of updated asset objects reloaded before import = 0Number of asset objects unloaded after import = 0

========================================================================
Received Import Request.
  Time since last request: 0.000023 seconds.
  path: Packages/com.unity.mathematics/Unity.Mathematics/Noise/classicnoise2D.cs
  artifactKey: Guid(cdfa008cc8af3440983f8c7beef680b9) Importer(2089858483,b0f066a214c2f5e87bad3c948f4d605d)
Start importing Packages/com.unity.mathematics/Unity.Mathematics/Noise/classicnoise2D.cs using Guid(cdfa008cc8af3440983f8c7beef680b9) Importer(2089858483,b0f066a214c2f5e87bad3c948f4d605d) (ScriptedImporter) -> (artifact id: '31ecf51f5e6943bd6fd68c7365614875') in 0.0070595 seconds
Number of updated asset objects reloaded before import = 0Number of asset objects unloaded after import = 0

========================================================================
Received Import Request.
  Time since last request: 0.000037 seconds.
  path: Packages/com.unity.mathematics/Unity.Mathematics.Editor/PrimitiveVectorDrawer.cs
  artifactKey: Guid(4ae914da3592740a58dd603fcb28b594) Importer(2089858483,b0f066a214c2f5e87bad3c948f4d605d)
Start importing Packages/com.unity.mathematics/Unity.Mathematics.Editor/PrimitiveVectorDrawer.cs using Guid(4ae914da3592740a58dd603fcb28b594) Importer(2089858483,b0f066a214c2f5e87bad3c948f4d605d) (ScriptedImporter) -> (artifact id: 'ce6b8e8955aa8e4f86c14ed57cd8e386') in 0.0109118 seconds
Number of updated asset objects reloaded before import = 0Number of asset objects unloaded after import = 0

========================================================================
Received Import Request.
  Time since last request: 0.000024 seconds.
  path: Packages/com.unity.mathematics/Unity.Mathematics/Noise/cellular2x2.cs
  artifactKey: Guid(fb26f7539fea841ac9538c01e2c20bc4) Importer(2089858483,b0f066a214c2f5e87bad3c948f4d605d)
Start importing Packages/com.unity.mathematics/Unity.Mathematics/Noise/cellular2x2.cs using Guid(fb26f7539fea841ac9538c01e2c20bc4) Importer(2089858483,b0f066a214c2f5e87bad3c948f4d605d) (ScriptedImporter) -> (artifact id: 'c1fcf3893ec97e0dc466af2c69876c67') in 0.0086141 seconds
Number of updated asset objects reloaded before import = 0Number of asset objects unloaded after import = 0

========================================================================
Received Import Request.
  Time since last request: 0.000025 seconds.
  path: Packages/com.unity.mathematics/Unity.Mathematics/matrix.gen.cs
  artifactKey: Guid(d1064bad8f85342fd912d0d27f279601) Importer(2089858483,b0f066a214c2f5e87bad3c948f4d605d)
Start importing Packages/com.unity.mathematics/Unity.Mathematics/matrix.gen.cs using Guid(d1064bad8f85342fd912d0d27f279601) Importer(2089858483,b0f066a214c2f5e87bad3c948f4d605d) (ScriptedImporter) -> (artifact id: '927f1a1f8a78fdeabcb7247ba95c8106') in 0.0362485 seconds
Number of updated asset objects reloaded before import = 0Number of asset objects unloaded after import = 0

========================================================================
Received Import Request.
  Time since last request: 0.000065 seconds.
  path: Packages/com.unity.collections/Unity.Collections.Tests/Jobs/JobTests_CombineDependencies.cs
  artifactKey: Guid(ecbee97f2678c1747802e50945a31f1d) Importer(2089858483,b0f066a214c2f5e87bad3c948f4d605d)
Start importing Packages/com.unity.collections/Unity.Collections.Tests/Jobs/JobTests_CombineDependencies.cs using Guid(ecbee97f2678c1747802e50945a31f1d) Importer(2089858483,b0f066a214c2f5e87bad3c948f4d605d) (ScriptedImporter) -> (artifact id: 'c44e3425bc3fa0eb10bbc30312775e5b') in 0.0390955 seconds
Number of updated asset objects reloaded before import = 0Number of asset objects unloaded after import = 0

========================================================================
Received Import Request.
  Time since last request: 0.000029 seconds.
  path: Packages/com.unity.collections/Unity.Collections/FixedStringAppendMethods.cs
  artifactKey: Guid(b3d1c84db8ef4e288ba9089a616a3523) Importer(2089858483,b0f066a214c2f5e87bad3c948f4d605d)
Start importing Packages/com.unity.collections/Unity.Collections/FixedStringAppendMethods.cs using Guid(b3d1c84db8ef4e288ba9089a616a3523) Importer(2089858483,b0f066a214c2f5e87bad3c948f4d605d) (ScriptedImporter) -> (artifact id: 'd3ea89d8bf45d554fead73910fe63afa') in 0.1730352 seconds
Number of updated asset objects reloaded before import = 0Number of asset objects unloaded after import = 0

========================================================================
Received Import Request.
  Time since last request: 0.000024 seconds.
  path: Packages/com.unity.mathematics/Unity.Mathematics/uint4x3.gen.cs
  artifactKey: Guid(8178bb4bab5354260979dd1f191c22ca) Importer(2089858483,b0f066a214c2f5e87bad3c948f4d605d)
Start importing Packages/com.unity.mathematics/Unity.Mathematics/uint4x3.gen.cs using Guid(8178bb4bab5354260979dd1f191c22ca) Importer(2089858483,b0f066a214c2f5e87bad3c948f4d605d) (ScriptedImporter) -> (artifact id: 'be66713442201a19191c7dab2e847b3c') in 0.0089783 seconds
Number of updated asset objects reloaded before import = 0Number of asset objects unloaded after import = 0

========================================================================
Received Import Request.
  Time since last request: 0.000036 seconds.
  path: Packages/com.unity.ugui/Tests/Runtime/UGUI/ScrollRect/ScrollRectClamp.cs
  artifactKey: Guid(d56dbb97f857c8040beef6dd1bfc97df) Importer(2089858483,b0f066a214c2f5e87bad3c948f4d605d)
Start importing Packages/com.unity.ugui/Tests/Runtime/UGUI/ScrollRect/ScrollRectClamp.cs using Guid(d56dbb97f857c8040beef6dd1bfc97df) Importer(2089858483,b0f066a214c2f5e87bad3c948f4d605d) (ScriptedImporter) -> (artifact id: 'c1e226e5c586505af7ab43f9c19a1529') in 0.0116035 seconds
Number of updated asset objects reloaded before import = 0Number of asset objects unloaded after import = 0

========================================================================
Received Import Request.
  Time since last request: 0.000022 seconds.
  path: Packages/com.unity.collections/Unity.Collections.Tests/UnsafeQueueTests_InJobs.cs
  artifactKey: Guid(d35de0fc3fdf6cd4d8cc89e32adcfd92) Importer(2089858483,b0f066a214c2f5e87bad3c948f4d605d)
Start importing Packages/com.unity.collections/Unity.Collections.Tests/UnsafeQueueTests_InJobs.cs using Guid(d35de0fc3fdf6cd4d8cc89e32adcfd92) Importer(2089858483,b0f066a214c2f5e87bad3c948f4d605d) (ScriptedImporter) -> (artifact id: 'ddaadb2c2f5c2d1d629d88f0f85cc131') in 0.0467286 seconds
Number of updated asset objects reloaded before import = 0Number of asset objects unloaded after import = 0

========================================================================
Received Import Request.
  Time since last request: 0.000025 seconds.
  path: Packages/com.unity.collections/Unity.Collections/AutoFreeAllocator.cs
  artifactKey: Guid(a2aa8b5b9af347fdbe909f0811e6ac90) Importer(2089858483,b0f066a214c2f5e87bad3c948f4d605d)
Start importing Packages/com.unity.collections/Unity.Collections/AutoFreeAllocator.cs using Guid(a2aa8b5b9af347fdbe909f0811e6ac90) Importer(2089858483,b0f066a214c2f5e87bad3c948f4d605d) (ScriptedImporter) -> (artifact id: 'ff3be4fc1096700321d0c456268393ab') in 0.0186398 seconds
Number of updated asset objects reloaded before import = 0Number of asset objects unloaded after import = 0

========================================================================
Received Import Request.
  Time since last request: 0.000023 seconds.
  path: Packages/com.unity.ugui/Runtime/UGUI/UI/Core/Utility/VertexHelper.cs
  artifactKey: Guid(c459424081436584c8cec10767f9ac38) Importer(2089858483,b0f066a214c2f5e87bad3c948f4d605d)
Start importing Packages/com.unity.ugui/Runtime/UGUI/UI/Core/Utility/VertexHelper.cs using Guid(c459424081436584c8cec10767f9ac38) Importer(2089858483,b0f066a214c2f5e87bad3c948f4d605d) (ScriptedImporter) -> (artifact id: 'cec49e9bfc6451cf06f3df15291338ee') in 0.0411124 seconds
Number of updated asset objects reloaded before import = 0Number of asset objects unloaded after import = 0

========================================================================
Received Import Request.
  Time since last request: 0.000028 seconds.
  path: Packages/com.unity.mathematics/Tests/Tests/Shared/TestDouble3.gen.cs
  artifactKey: Guid(617e00812628df941a5b85ca46e4ca9d) Importer(2089858483,b0f066a214c2f5e87bad3c948f4d605d)
Start importing Packages/com.unity.mathematics/Tests/Tests/Shared/TestDouble3.gen.cs using Guid(617e00812628df941a5b85ca46e4ca9d) Importer(2089858483,b0f066a214c2f5e87bad3c948f4d605d) (ScriptedImporter) -> (artifact id: '4bf7cebcb5109f90563cb9c9019ca8a3') in 0.0123727 seconds
Number of updated asset objects reloaded before import = 0Number of asset objects unloaded after import = 0

========================================================================
Received Import Request.
  Time since last request: 0.000028 seconds.
  path: Packages/com.unity.mathematics/Unity.Mathematics/Noise/noise4D.cs
  artifactKey: Guid(b0d0317cc486b452580ad028220b03bf) Importer(2089858483,b0f066a214c2f5e87bad3c948f4d605d)
Start importing Packages/com.unity.mathematics/Unity.Mathematics/Noise/noise4D.cs using Guid(b0d0317cc486b452580ad028220b03bf) Importer(2089858483,b0f066a214c2f5e87bad3c948f4d605d) (ScriptedImporter) -> (artifact id: 'b0ca18e2fe39eba02fc2eff75998b9b0') in 0.1014553 seconds
Number of updated asset objects reloaded before import = 0Number of asset objects unloaded after import = 0

========================================================================
Received Import Request.
  Time since last request: 0.000038 seconds.
  path: Packages/com.unity.mathematics/Tests/Tests/Shared/TestFloat3x2.gen.cs
  artifactKey: Guid(5c2a01faa80e74147aeb6f5a1d9fc18d) Importer(2089858483,b0f066a214c2f5e87bad3c948f4d605d)
Start importing Packages/com.unity.mathematics/Tests/Tests/Shared/TestFloat3x2.gen.cs using Guid(5c2a01faa80e74147aeb6f5a1d9fc18d) Importer(2089858483,b0f066a214c2f5e87bad3c948f4d605d) (ScriptedImporter) -> (artifact id: '3c1eac46cb505c5427d6a5294025bb0c') in 0.0078357 seconds
Number of updated asset objects reloaded before import = 0Number of asset objects unloaded after import = 0

========================================================================
Received Import Request.
  Time since last request: 0.000024 seconds.
  path: Packages/com.unity.mathematics/Unity.Mathematics/Noise/LICENSE
  artifactKey: Guid(e8895079ca68e498482a3075d7e34508) Importer(2089858483,b0f066a214c2f5e87bad3c948f4d605d)
Start importing Packages/com.unity.mathematics/Unity.Mathematics/Noise/LICENSE using Guid(e8895079ca68e498482a3075d7e34508) Importer(2089858483,b0f066a214c2f5e87bad3c948f4d605d) (ScriptedImporter) -> (artifact id: 'bf49b4638cd890626058165591dc8533') in 0.0063892 seconds
Number of updated asset objects reloaded before import = 0Number of asset objects unloaded after import = 1

========================================================================
Received Import Request.
  Time since last request: 0.000031 seconds.
  path: Packages/com.unity.mathematics/Unity.Mathematics/Noise/psrdnoise2D.cs
  artifactKey: Guid(8bf609f94feab4ac5af33f75a100630c) Importer(2089858483,b0f066a214c2f5e87bad3c948f4d605d)
Start importing Packages/com.unity.mathematics/Unity.Mathematics/Noise/psrdnoise2D.cs using Guid(8bf609f94feab4ac5af33f75a100630c) Importer(2089858483,b0f066a214c2f5e87bad3c948f4d605d) (ScriptedImporter) -> (artifact id: 'f6787c93cd1edf100ae3533c66e6d900') in 0.0066539 seconds
Number of updated asset objects reloaded before import = 0Number of asset objects unloaded after import = 0

========================================================================
Received Import Request.
  Time since last request: 0.000041 seconds.
  path: Packages/com.unity.mathematics/Tests/Tests/Shared/TestInt3x4.gen.cs
  artifactKey: Guid(f6cb6aa9b75ca25439dd64f10fe7d737) Importer(2089858483,b0f066a214c2f5e87bad3c948f4d605d)
Start importing Packages/com.unity.mathematics/Tests/Tests/Shared/TestInt3x4.gen.cs using Guid(f6cb6aa9b75ca25439dd64f10fe7d737) Importer(2089858483,b0f066a214c2f5e87bad3c948f4d605d) (ScriptedImporter) -> (artifact id: 'fa92e98aac45512d63cb427fb49477d0') in 0.0071822 seconds
Number of updated asset objects reloaded before import = 0Number of asset objects unloaded after import = 0

========================================================================
Received Import Request.
  Time since last request: 0.000021 seconds.
  path: Packages/com.unity.mathematics/Tests/Tests/Shared/TestFloat4x4.gen.cs
  artifactKey: Guid(b3a17e2bf2fb0984b96ba8a21a08b8b0) Importer(2089858483,b0f066a214c2f5e87bad3c948f4d605d)
Start importing Packages/com.unity.mathematics/Tests/Tests/Shared/TestFloat4x4.gen.cs using Guid(b3a17e2bf2fb0984b96ba8a21a08b8b0) Importer(2089858483,b0f066a214c2f5e87bad3c948f4d605d) (ScriptedImporter) -> (artifact id: 'df18aa2c7c2c6dad307608662f0f4193') in 0.0113847 seconds
Number of updated asset objects reloaded before import = 0Number of asset objects unloaded after import = 0

========================================================================
Received Import Request.
  Time since last request: 0.000028 seconds.
  path: Packages/com.unity.mathematics/Tests/Tests/Shared/TestBool4x4.gen.cs
  artifactKey: Guid(0d44f89a4f95a124b9fc8296247d76d9) Importer(2089858483,b0f066a214c2f5e87bad3c948f4d605d)
Start importing Packages/com.unity.mathematics/Tests/Tests/Shared/TestBool4x4.gen.cs using Guid(0d44f89a4f95a124b9fc8296247d76d9) Importer(2089858483,b0f066a214c2f5e87bad3c948f4d605d) (ScriptedImporter) -> (artifact id: '677e7e0ee237639d71d35adda20f5227') in 0.0376972 seconds
Number of updated asset objects reloaded before import = 0Number of asset objects unloaded after import = 0

========================================================================
Received Import Request.
  Time since last request: 0.000036 seconds.
  path: Packages/com.unity.mathematics/Tests/Tests/Shared/TestDouble3x3.gen.cs
  artifactKey: Guid(4971c82bdb64ccb49b92ffe0a2d2c59a) Importer(2089858483,b0f066a214c2f5e87bad3c948f4d605d)
Start importing Packages/com.unity.mathematics/Tests/Tests/Shared/TestDouble3x3.gen.cs using Guid(4971c82bdb64ccb49b92ffe0a2d2c59a) Importer(2089858483,b0f066a214c2f5e87bad3c948f4d605d) (ScriptedImporter) -> (artifact id: '24cc03ee440f4af9ed7dd1073909543a') in 0.0104322 seconds
Number of updated asset objects reloaded before import = 0Number of asset objects unloaded after import = 0

========================================================================
Received Import Request.
  Time since last request: 0.000022 seconds.
  path: Packages/com.unity.mathematics/Tests/Tests/Shared/TestPlane.cs
  artifactKey: Guid(f231ac420620f4127b2cb48aab2c41ef) Importer(2089858483,b0f066a214c2f5e87bad3c948f4d605d)
Start importing Packages/com.unity.mathematics/Tests/Tests/Shared/TestPlane.cs using Guid(f231ac420620f4127b2cb48aab2c41ef) Importer(2089858483,b0f066a214c2f5e87bad3c948f4d605d) (ScriptedImporter) -> (artifact id: 'f82c2647849fc559ff4e078447b56f17') in 0.0076542 seconds
Number of updated asset objects reloaded before import = 0Number of asset objects unloaded after import = 0

========================================================================
Received Import Request.
  Time since last request: 0.000135 seconds.
  path: Packages/com.unity.mathematics/Tests/Tests/Shared/TestBool4x3.gen.cs
  artifactKey: Guid(58c624ce115ab234d9a595288af4c5e0) Importer(2089858483,b0f066a214c2f5e87bad3c948f4d605d)
Start importing Packages/com.unity.mathematics/Tests/Tests/Shared/TestBool4x3.gen.cs using Guid(58c624ce115ab234d9a595288af4c5e0) Importer(2089858483,b0f066a214c2f5e87bad3c948f4d605d) (ScriptedImporter) -> (artifact id: '98c1099eb55627e402c298b497f7b792') in 0.0810154 seconds
Number of updated asset objects reloaded before import = 0Number of asset objects unloaded after import = 0

========================================================================
Received Import Request.
  Time since last request: 0.000037 seconds.
  path: Packages/com.unity.mathematics/Tests/Tests/Shared/TestSvd.cs
  artifactKey: Guid(8218cb7d87dac4432871cd5bd00fd333) Importer(2089858483,b0f066a214c2f5e87bad3c948f4d605d)
Start importing Packages/com.unity.mathematics/Tests/Tests/Shared/TestSvd.cs using Guid(8218cb7d87dac4432871cd5bd00fd333) Importer(2089858483,b0f066a214c2f5e87bad3c948f4d605d) (ScriptedImporter) -> (artifact id: '94f01b637880e2b5a1cbc94d9e050649') in 0.0074178 seconds
Number of updated asset objects reloaded before import = 0Number of asset objects unloaded after import = 0

========================================================================
Received Import Request.
  Time since last request: 0.000054 seconds.
  path: Packages/com.unity.mathematics/Tests/Tests/Shared/TestBool4x2.gen.cs
  artifactKey: Guid(c7ec685ec2ccae14a851a50b1bcbebfa) Importer(2089858483,b0f066a214c2f5e87bad3c948f4d605d)
Start importing Packages/com.unity.mathematics/Tests/Tests/Shared/TestBool4x2.gen.cs using Guid(c7ec685ec2ccae14a851a50b1bcbebfa) Importer(2089858483,b0f066a214c2f5e87bad3c948f4d605d) (ScriptedImporter) -> (artifact id: '15a0704004e7e0ac3ec3a7a9ba9d208b') in 0.0104272 seconds
Number of updated asset objects reloaded before import = 0Number of asset objects unloaded after import = 0

========================================================================
Received Import Request.
  Time since last request: 0.000031 seconds.
  path: Packages/com.unity.mathematics/Tests/Tests/Shared/TestInt3.gen.cs
  artifactKey: Guid(749525b6f2a189a42bddcde8b3f6a88e) Importer(2089858483,b0f066a214c2f5e87bad3c948f4d605d)
Start importing Packages/com.unity.mathematics/Tests/Tests/Shared/TestInt3.gen.cs using Guid(749525b6f2a189a42bddcde8b3f6a88e) Importer(2089858483,b0f066a214c2f5e87bad3c948f4d605d) (ScriptedImporter) -> (artifact id: '1bd855c013b9ebc479dd437bcd00a42d') in 0.0800687 seconds
Number of updated asset objects reloaded before import = 0Number of asset objects unloaded after import = 0

========================================================================
Received Import Request.
  Time since last request: 0.000034 seconds.
  path: Packages/com.unity.mathematics/Tests/Tests/Shared/TestBool3x4.gen.cs
  artifactKey: Guid(ce96cd62cfbd7e24c9173437069a42ad) Importer(2089858483,b0f066a214c2f5e87bad3c948f4d605d)
Start importing Packages/com.unity.mathematics/Tests/Tests/Shared/TestBool3x4.gen.cs using Guid(ce96cd62cfbd7e24c9173437069a42ad) Importer(2089858483,b0f066a214c2f5e87bad3c948f4d605d) (ScriptedImporter) -> (artifact id: '2e32e06647b0b4035c099feeedbdff81') in 0.0065051 seconds
Number of updated asset objects reloaded before import = 0Number of asset objects unloaded after import = 0

========================================================================
Received Import Request.
  Time since last request: 0.000026 seconds.
  path: Packages/com.unity.mathematics/Tests/Tests/Shared/TestInt2x4.gen.cs
  artifactKey: Guid(847ca3f6ecd472f43b9995db81c87807) Importer(2089858483,b0f066a214c2f5e87bad3c948f4d605d)
Start importing Packages/com.unity.mathematics/Tests/Tests/Shared/TestInt2x4.gen.cs using Guid(847ca3f6ecd472f43b9995db81c87807) Importer(2089858483,b0f066a214c2f5e87bad3c948f4d605d) (ScriptedImporter) -> (artifact id: 'b828ba876594e710f61b4ba6b0221438') in 0.0068666 seconds
Number of updated asset objects reloaded before import = 0Number of asset objects unloaded after import = 0

========================================================================
Received Import Request.
  Time since last request: 0.000027 seconds.
  path: Packages/com.unity.ugui/Tests/Runtime/UGUI/Canvas/RectMask2DReparentedToDifferentCanvas.cs
  artifactKey: Guid(2ba506934dc2ce14591a37f3b00dca92) Importer(2089858483,b0f066a214c2f5e87bad3c948f4d605d)
Start importing Packages/com.unity.ugui/Tests/Runtime/UGUI/Canvas/RectMask2DReparentedToDifferentCanvas.cs using Guid(2ba506934dc2ce14591a37f3b00dca92) Importer(2089858483,b0f066a214c2f5e87bad3c948f4d605d) (ScriptedImporter) -> (artifact id: '0a49bc5ea85a6fdf85543653b0a22dd7') in 0.0079716 seconds
Number of updated asset objects reloaded before import = 0Number of asset objects unloaded after import = 0

========================================================================
Received Import Request.
  Time since last request: 0.000040 seconds.
  path: Packages/com.unity.collections/Unity.Collections.Tests/FixedListTests.tt
  artifactKey: Guid(775a8d1badc640e45a6030c3822a83d7) Importer(2089858483,b0f066a214c2f5e87bad3c948f4d605d)
Start importing Packages/com.unity.collections/Unity.Collections.Tests/FixedListTests.tt using Guid(775a8d1badc640e45a6030c3822a83d7) Importer(2089858483,b0f066a214c2f5e87bad3c948f4d605d) (ScriptedImporter) -> (artifact id: 'ea045d6e0264d7033c923b5d1f139d80') in 0.0312381 seconds
Number of updated asset objects reloaded before import = 0Number of asset objects unloaded after import = 1

========================================================================
Received Import Request.
  Time since last request: 0.000702 seconds.
  path: Packages/com.unity.2d.common/Editor/ScriptablePacker/SpriteAtlasScriptablePacker.cs
  artifactKey: Guid(3e60cf5de87e1da4a8fa98713709fa00) Importer(2089858483,b0f066a214c2f5e87bad3c948f4d605d)
Start importing Packages/com.unity.2d.common/Editor/ScriptablePacker/SpriteAtlasScriptablePacker.cs using Guid(3e60cf5de87e1da4a8fa98713709fa00) Importer(2089858483,b0f066a214c2f5e87bad3c948f4d605d) (ScriptedImporter) -> (artifact id: '34f26902b54a2927f7f7729b1bee470d') in 0.0077772 seconds
Number of updated asset objects reloaded before import = 0Number of asset objects unloaded after import = 0

========================================================================
Received Import Request.
  Time since last request: 0.000040 seconds.
  path: Packages/com.unity.nuget.mono-cecil/Third Party Notices.md
  artifactKey: Guid(192a998b912484856a34120268cfbfc9) Importer(2089858483,b0f066a214c2f5e87bad3c948f4d605d)
Start importing Packages/com.unity.nuget.mono-cecil/Third Party Notices.md using Guid(192a998b912484856a34120268cfbfc9) Importer(2089858483,b0f066a214c2f5e87bad3c948f4d605d) (ScriptedImporter) -> (artifact id: 'c4e3d3c59d5d330a7f85d59c23f7a64f') in 0.0100714 seconds
Number of updated asset objects reloaded before import = 0Number of asset objects unloaded after import = 1

========================================================================
Received Import Request.
  Time since last request: 0.000023 seconds.
  path: Packages/com.unity.searcher/Tests/Editor/Unity.Searcher.EditorTests.asmdef
  artifactKey: Guid(432b70115e987f44abb984cfe7de384f) Importer(2089858483,b0f066a214c2f5e87bad3c948f4d605d)
Start importing Packages/com.unity.searcher/Tests/Editor/Unity.Searcher.EditorTests.asmdef using Guid(432b70115e987f44abb984cfe7de384f) Importer(2089858483,b0f066a214c2f5e87bad3c948f4d605d) (ScriptedImporter) -> (artifact id: '823847e72a537e64f00e7a1a3d78df27') in 0.0470177 seconds
Number of updated asset objects reloaded before import = 0Number of asset objects unloaded after import = 1

========================================================================
Received Import Request.
  Time since last request: 0.000028 seconds.
  path: Packages/com.unity.2d.common/Editor/TextureGenerator/TextureGeneratorHelper.cs
  artifactKey: Guid(f4f814197752ea84db033f3822b113b2) Importer(2089858483,b0f066a214c2f5e87bad3c948f4d605d)
Start importing Packages/com.unity.2d.common/Editor/TextureGenerator/TextureGeneratorHelper.cs using Guid(f4f814197752ea84db033f3822b113b2) Importer(2089858483,b0f066a214c2f5e87bad3c948f4d605d) (ScriptedImporter) -> (artifact id: 'da7d4a7d080d0199a467b8f4e348922e') in 0.0096269 seconds
Number of updated asset objects reloaded before import = 0Number of asset objects unloaded after import = 0

========================================================================
Received Import Request.
  Time since last request: 0.000041 seconds.
  path: Packages/com.unity.searcher/Editor/Resources/SearcherWindow.uxml
  artifactKey: Guid(da37dcca55e437b4a9eeebff722ad51f) Importer(2089858483,b0f066a214c2f5e87bad3c948f4d605d)
Start importing Packages/com.unity.searcher/Editor/Resources/SearcherWindow.uxml using Guid(da37dcca55e437b4a9eeebff722ad51f) Importer(2089858483,b0f066a214c2f5e87bad3c948f4d605d) (ScriptedImporter) -> (artifact id: 'bd10002ff029e9a33c5a4ed9544e6c57') in 0.0356482 seconds
Number of updated asset objects reloaded before import = 0Number of asset objects unloaded after import = 2

========================================================================
Received Import Request.
  Time since last request: 0.000023 seconds.
  path: Packages/com.unity.searcher/Editor/Searcher/SearcherTreeUtility.cs
  artifactKey: Guid(ab5bbe7300c57674db945e46e17a4630) Importer(2089858483,b0f066a214c2f5e87bad3c948f4d605d)
Start importing Packages/com.unity.searcher/Editor/Searcher/SearcherTreeUtility.cs using Guid(ab5bbe7300c57674db945e46e17a4630) Importer(2089858483,b0f066a214c2f5e87bad3c948f4d605d) (ScriptedImporter) -> (artifact id: '1ddc241875d4d7b89f01468561ddca34') in 0.0065286 seconds
Number of updated asset objects reloaded before import = 0Number of asset objects unloaded after import = 0

========================================================================
Received Import Request.
  Time since last request: 0.000029 seconds.
  path: Packages/com.unity.ugui/Tests/Runtime/UGUI/Graphic/ToggleTestImageHook.cs
  artifactKey: Guid(5c004b1354944164fb076276c289afc1) Importer(2089858483,b0f066a214c2f5e87bad3c948f4d605d)
Start importing Packages/com.unity.ugui/Tests/Runtime/UGUI/Graphic/ToggleTestImageHook.cs using Guid(5c004b1354944164fb076276c289afc1) Importer(2089858483,b0f066a214c2f5e87bad3c948f4d605d) (ScriptedImporter) -> (artifact id: '53f7878424ec1f8d5b38a9249b492d6e') in 0.0147408 seconds
Number of updated asset objects reloaded before import = 0Number of asset objects unloaded after import = 0

========================================================================
Received Import Request.
  Time since last request: 0.000037 seconds.
  path: Packages/com.unity.ugui/Tests/Runtime/UGUI/EventSystem/InputModuleTests/FakeBaseInput.cs
  artifactKey: Guid(138dbec4f8742654fbceb0a19d68b9c5) Importer(2089858483,b0f066a214c2f5e87bad3c948f4d605d)
Start importing Packages/com.unity.ugui/Tests/Runtime/UGUI/EventSystem/InputModuleTests/FakeBaseInput.cs using Guid(138dbec4f8742654fbceb0a19d68b9c5) Importer(2089858483,b0f066a214c2f5e87bad3c948f4d605d) (ScriptedImporter) -> (artifact id: '04d0a28e4abb7f75d497ecc51b925b39') in 0.0166287 seconds
Number of updated asset objects reloaded before import = 0Number of asset objects unloaded after import = 0

========================================================================
Received Import Request.
  Time since last request: 0.000025 seconds.
  path: Packages/com.unity.ugui/Editor Resources/Textures/btn_AlignRight_Light.psd
  artifactKey: Guid(e05ace3bd15740cda0bad60d89092a5b) Importer(2089858483,b0f066a214c2f5e87bad3c948f4d605d)
Start importing Packages/com.unity.ugui/Editor Resources/Textures/btn_AlignRight_Light.psd using Guid(e05ace3bd15740cda0bad60d89092a5b) Importer(2089858483,b0f066a214c2f5e87bad3c948f4d605d) (ScriptedImporter) -> (artifact id: 'cf65cbf33ba4384acf36135211927b1b') in 0.020311 seconds
Number of updated asset objects reloaded before import = 0Number of asset objects unloaded after import = 1

========================================================================
Received Import Request.
  Time since last request: 0.000029 seconds.
  path: Packages/com.unity.ugui/Runtime/TMP/TMP_Style.cs
  artifactKey: Guid(30bed781e402439ab8ce4e3357708115) Importer(2089858483,b0f066a214c2f5e87bad3c948f4d605d)
Start importing Packages/com.unity.ugui/Runtime/TMP/TMP_Style.cs using Guid(30bed781e402439ab8ce4e3357708115) Importer(2089858483,b0f066a214c2f5e87bad3c948f4d605d) (ScriptedImporter) -> (artifact id: 'c6a6325b37937e67ddfa72c211f9fdd9') in 0.0079018 seconds
Number of updated asset objects reloaded before import = 0Number of asset objects unloaded after import = 0

========================================================================
Received Import Request.
  Time since last request: 0.000039 seconds.
  path: Packages/com.unity.collab-proxy/Editor/Diff/Asset/Diff/UnityObject/SiblingReorderDiffs.cs
  artifactKey: Guid(2c8fed4a76fae4229855015e0ab109b1) Importer(2089858483,b0f066a214c2f5e87bad3c948f4d605d)
Start importing Packages/com.unity.collab-proxy/Editor/Diff/Asset/Diff/UnityObject/SiblingReorderDiffs.cs using Guid(2c8fed4a76fae4229855015e0ab109b1) Importer(2089858483,b0f066a214c2f5e87bad3c948f4d605d) (ScriptedImporter) -> (artifact id: '02a23252b048f1bff30b091837e4009c') in 0.0084463 seconds
Number of updated asset objects reloaded before import = 0Number of asset objects unloaded after import = 0

========================================================================
Received Import Request.
  Time since last request: 0.000022 seconds.
  path: Packages/com.unity.ugui/Editor Resources/Textures/btn_AlignTop.psd
  artifactKey: Guid(48d034c499ee4697af9dd6e327110249) Importer(2089858483,b0f066a214c2f5e87bad3c948f4d605d)
Start importing Packages/com.unity.ugui/Editor Resources/Textures/btn_AlignTop.psd using Guid(48d034c499ee4697af9dd6e327110249) Importer(2089858483,b0f066a214c2f5e87bad3c948f4d605d) (ScriptedImporter) -> (artifact id: '21828d948434b761c2dd6caf893c7b8d') in 0.0362654 seconds
Number of updated asset objects reloaded before import = 0Number of asset objects unloaded after import = 1

========================================================================
Received Import Request.
  Time since last request: 0.000083 seconds.
  path: Packages/com.unity.ugui/Tests/Editor/UGUI/Text/FontCreatedByScript.cs
  artifactKey: Guid(812aaaefaab404448a3e4db49dfa5206) Importer(2089858483,b0f066a214c2f5e87bad3c948f4d605d)
Start importing Packages/com.unity.ugui/Tests/Editor/UGUI/Text/FontCreatedByScript.cs using Guid(812aaaefaab404448a3e4db49dfa5206) Importer(2089858483,b0f066a214c2f5e87bad3c948f4d605d) (ScriptedImporter) -> (artifact id: '85c3ab1ce9ffd8ed084b113854efeaa7') in 0.0219235 seconds
Number of updated asset objects reloaded before import = 0Number of asset objects unloaded after import = 0

========================================================================
Received Import Request.
  Time since last request: 0.000040 seconds.
  path: Packages/com.unity.mathematics/Unity.Mathematics/int3.gen.cs
  artifactKey: Guid(87ec2d8734054e84fa6976e8e8d4decf) Importer(2089858483,b0f066a214c2f5e87bad3c948f4d605d)
Start importing Packages/com.unity.mathematics/Unity.Mathematics/int3.gen.cs using Guid(87ec2d8734054e84fa6976e8e8d4decf) Importer(2089858483,b0f066a214c2f5e87bad3c948f4d605d) (ScriptedImporter) -> (artifact id: '24903f4d49e0c1f57a98548d64ad6df7') in 0.1218389 seconds
Number of updated asset objects reloaded before import = 0Number of asset objects unloaded after import = 0

========================================================================
Received Import Request.
  Time since last request: 0.000027 seconds.
  path: Packages/com.unity.collections/Unity.Collections.BurstCompatibilityGen/Unity.Collections.BurstCompatibilityGen.asmdef
  artifactKey: Guid(4f5c0c83dfd6a0743834baba2b4de79e) Importer(2089858483,b0f066a214c2f5e87bad3c948f4d605d)
Start importing Packages/com.unity.collections/Unity.Collections.BurstCompatibilityGen/Unity.Collections.BurstCompatibilityGen.asmdef using Guid(4f5c0c83dfd6a0743834baba2b4de79e) Importer(2089858483,b0f066a214c2f5e87bad3c948f4d605d) (ScriptedImporter) -> (artifact id: 'b7bf0aff743ff45dace975db35365514') in 0.0106174 seconds
Number of updated asset objects reloaded before import = 0Number of asset objects unloaded after import = 1

========================================================================
Received Import Request.
  Time since last request: 0.000043 seconds.
  path: Packages/com.unity.ide.visualstudio/Editor/ProjectGeneration/ProjectGeneration.cs
  artifactKey: Guid(9f3705b95d031e84c82f140d8e980867) Importer(2089858483,b0f066a214c2f5e87bad3c948f4d605d)
Start importing Packages/com.unity.ide.visualstudio/Editor/ProjectGeneration/ProjectGeneration.cs using Guid(9f3705b95d031e84c82f140d8e980867) Importer(2089858483,b0f066a214c2f5e87bad3c948f4d605d) (ScriptedImporter) -> (artifact id: 'f1be6db0b8670f27af835b48d9d892bd') in 0.0105422 seconds
Number of updated asset objects reloaded before import = 0Number of asset objects unloaded after import = 0

========================================================================
Received Import Request.
  Time since last request: 0.000025 seconds.
  path: Packages/com.unity.collab-proxy/Editor/Views/Merge/Developer/DirectoryConflicts/DeleteMoveMenu.cs
  artifactKey: Guid(6dda1ef365cc6be4c90d328c331d643c) Importer(2089858483,b0f066a214c2f5e87bad3c948f4d605d)
Start importing Packages/com.unity.collab-proxy/Editor/Views/Merge/Developer/DirectoryConflicts/DeleteMoveMenu.cs using Guid(6dda1ef365cc6be4c90d328c331d643c) Importer(2089858483,b0f066a214c2f5e87bad3c948f4d605d) (ScriptedImporter) -> (artifact id: 'bd3db86bae3b2a56d60672c2d80389b8') in 0.0095921 seconds
Number of updated asset objects reloaded before import = 0Number of asset objects unloaded after import = 0

========================================================================
Received Import Request.
  Time since last request: 0.000043 seconds.
  path: Packages/com.unity.ugui/Runtime/UGUI/AssemblyInfo.cs
  artifactKey: Guid(58c9792f08de21b4194eb2f9d862dc22) Importer(2089858483,b0f066a214c2f5e87bad3c948f4d605d)
Start importing Packages/com.unity.ugui/Runtime/UGUI/AssemblyInfo.cs using Guid(58c9792f08de21b4194eb2f9d862dc22) Importer(2089858483,b0f066a214c2f5e87bad3c948f4d605d) (ScriptedImporter) -> (artifact id: '0ba0a9a3957688727991e7e91dffd295') in 0.0506794 seconds
Number of updated asset objects reloaded before import = 0Number of asset objects unloaded after import = 0

========================================================================
Received Import Request.
  Time since last request: 0.000071 seconds.
  path: Packages/com.unity.2d.common/Path/Editor/EditorTool/GenericScriptablePathInspector.cs
  artifactKey: Guid(5e926c0a80abd46fe8eb1fb3188b70a1) Importer(2089858483,b0f066a214c2f5e87bad3c948f4d605d)
Start importing Packages/com.unity.2d.common/Path/Editor/EditorTool/GenericScriptablePathInspector.cs using Guid(5e926c0a80abd46fe8eb1fb3188b70a1) Importer(2089858483,b0f066a214c2f5e87bad3c948f4d605d) (ScriptedImporter) -> (artifact id: '533d61937888bb48d7e571ffdd5fef25') in 0.1338265 seconds
Number of updated asset objects reloaded before import = 0Number of asset objects unloaded after import = 0

========================================================================
Received Import Request.
  Time since last request: 0.000039 seconds.
  path: Packages/com.unity.2d.common/Path/Editor/EditablePath/IUndoObject.cs
  artifactKey: Guid(fc34e0d1bbd8e4a1da30c0d435cdb6a6) Importer(2089858483,b0f066a214c2f5e87bad3c948f4d605d)
Start importing Packages/com.unity.2d.common/Path/Editor/EditablePath/IUndoObject.cs using Guid(fc34e0d1bbd8e4a1da30c0d435cdb6a6) Importer(2089858483,b0f066a214c2f5e87bad3c948f4d605d) (ScriptedImporter) -> (artifact id: 'cf1ed7e287fc28a96e1fa956dd5f2b6f') in 0.0157684 seconds
Number of updated asset objects reloaded before import = 0Number of asset objects unloaded after import = 0

========================================================================
Received Import Request.
  Time since last request: 0.000029 seconds.
  path: Packages/com.unity.2d.common/Runtime/UTess2D/Tessellator.cs
  artifactKey: Guid(fb8aef14608568c4ba1d3684821826f7) Importer(2089858483,b0f066a214c2f5e87bad3c948f4d605d)
Start importing Packages/com.unity.2d.common/Runtime/UTess2D/Tessellator.cs using Guid(fb8aef14608568c4ba1d3684821826f7) Importer(2089858483,b0f066a214c2f5e87bad3c948f4d605d) (ScriptedImporter) -> (artifact id: '8b76a34a55736f425e6d72b87066ad57') in 0.010896 seconds
Number of updated asset objects reloaded before import = 0Number of asset objects unloaded after import = 0

========================================================================
Received Import Request.
  Time since last request: 0.000042 seconds.
  path: Packages/com.unity.2d.common/Path/Editor/Selection/SerializableSelection.cs
  artifactKey: Guid(52e377fdfecaf4cdc8397ccc1139ffe6) Importer(2089858483,b0f066a214c2f5e87bad3c948f4d605d)
Start importing Packages/com.unity.2d.common/Path/Editor/Selection/SerializableSelection.cs using Guid(52e377fdfecaf4cdc8397ccc1139ffe6) Importer(2089858483,b0f066a214c2f5e87bad3c948f4d605d) (ScriptedImporter) -> (artifact id: '63b9e2079b00fa989a4a811dbe7451a7') in 0.0076456 seconds
Number of updated asset objects reloaded before import = 0Number of asset objects unloaded after import = 0

========================================================================
Received Import Request.
  Time since last request: 0.000213 seconds.
  path: Packages/com.unity.2d.common/Path/Editor/EditablePath/Snapping.cs
  artifactKey: Guid(1fcd0535342524539878e27ba66418f6) Importer(2089858483,b0f066a214c2f5e87bad3c948f4d605d)
Start importing Packages/com.unity.2d.common/Path/Editor/EditablePath/Snapping.cs using Guid(1fcd0535342524539878e27ba66418f6) Importer(2089858483,b0f066a214c2f5e87bad3c948f4d605d) (ScriptedImporter) -> (artifact id: '50ee329570b096197978a10791e037b7') in 0.0079291 seconds
Number of updated asset objects reloaded before import = 0Number of asset objects unloaded after import = 0

========================================================================
Received Import Request.
  Time since last request: 0.000041 seconds.
  path: Packages/com.unity.2d.common/Path/Editor/Selection/ISelector.cs
  artifactKey: Guid(59a6a2c5730914ee8b9e64b23236386c) Importer(2089858483,b0f066a214c2f5e87bad3c948f4d605d)
Start importing Packages/com.unity.2d.common/Path/Editor/Selection/ISelector.cs using Guid(59a6a2c5730914ee8b9e64b23236386c) Importer(2089858483,b0f066a214c2f5e87bad3c948f4d605d) (ScriptedImporter) -> (artifact id: 'b116895f1ddc3a424dad58f6e1951561') in 0.0076434 seconds
Number of updated asset objects reloaded before import = 0Number of asset objects unloaded after import = 0

========================================================================
Received Import Request.
  Time since last request: 0.000029 seconds.
  path: Packages/com.unity.ide.visualstudio/Editor/ProjectGeneration/GeneratorFactory.cs
  artifactKey: Guid(c94f13e05ef0a7a49bdd39f197f39e5e) Importer(2089858483,b0f066a214c2f5e87bad3c948f4d605d)
Start importing Packages/com.unity.ide.visualstudio/Editor/ProjectGeneration/GeneratorFactory.cs using Guid(c94f13e05ef0a7a49bdd39f197f39e5e) Importer(2089858483,b0f066a214c2f5e87bad3c948f4d605d) (ScriptedImporter) -> (artifact id: 'bd7f426dddf8bb53cba0e1f95b36d1aa') in 0.011289 seconds
Number of updated asset objects reloaded before import = 0Number of asset objects unloaded after import = 0

========================================================================
Received Import Request.
  Time since last request: 0.000038 seconds.
  path: Packages/com.unity.burst/Unity.Burst.CodeGen/Unity.Burst.Cecil.Rocks.dll
  artifactKey: Guid(fc89006ebb6404ae7b55bf130d290f91) Importer(2089858483,b0f066a214c2f5e87bad3c948f4d605d)
Start importing Packages/com.unity.burst/Unity.Burst.CodeGen/Unity.Burst.Cecil.Rocks.dll using Guid(fc89006ebb6404ae7b55bf130d290f91) Importer(2089858483,b0f066a214c2f5e87bad3c948f4d605d) (ScriptedImporter) -> (artifact id: '3760996a44508843d53196f9b0d36163') in 0.0110745 seconds
Number of updated asset objects reloaded before import = 0Number of asset objects unloaded after import = 0

========================================================================
Received Import Request.
  Time since last request: 0.000419 seconds.
  path: Packages/com.unity.ugui/Runtime/UGUI/UI/Core/Layout/HorizontalLayoutGroup.cs
  artifactKey: Guid(30649d3a9faa99c48a7b1166b86bf2a0) Importer(2089858483,b0f066a214c2f5e87bad3c948f4d605d)
Start importing Packages/com.unity.ugui/Runtime/UGUI/UI/Core/Layout/HorizontalLayoutGroup.cs using Guid(30649d3a9faa99c48a7b1166b86bf2a0) Importer(2089858483,b0f066a214c2f5e87bad3c948f4d605d) (ScriptedImporter) -> (artifact id: '5e5e5df4977c5f18ccabfa32420426ca') in 0.0148412 seconds
Number of updated asset objects reloaded before import = 0Number of asset objects unloaded after import = 0

========================================================================
Received Import Request.
  Time since last request: 0.000045 seconds.
  path: Packages/com.unity.render-pipelines.core/Runtime/Unity.RenderPipelines.Core.Runtime.asmdef
  artifactKey: Guid(df380645f10b7bc4b97d4f5eb6303d95) Importer(2089858483,b0f066a214c2f5e87bad3c948f4d605d)
Start importing Packages/com.unity.render-pipelines.core/Runtime/Unity.RenderPipelines.Core.Runtime.asmdef using Guid(df380645f10b7bc4b97d4f5eb6303d95) Importer(2089858483,b0f066a214c2f5e87bad3c948f4d605d) (ScriptedImporter) -> (artifact id: '5ceec6ac1ea2292203c96e2ce773bd2f') in 0.0090185 seconds
Number of updated asset objects reloaded before import = 0Number of asset objects unloaded after import = 1

========================================================================
Received Import Request.
  Time since last request: 0.000029 seconds.
  path: Packages/com.unity.render-pipelines.core/Editor/EditorWindowWithHelpButton.cs
  artifactKey: Guid(db823efdb635ec84d8ecae05788f8143) Importer(2089858483,b0f066a214c2f5e87bad3c948f4d605d)
Start importing Packages/com.unity.render-pipelines.core/Editor/EditorWindowWithHelpButton.cs using Guid(db823efdb635ec84d8ecae05788f8143) Importer(2089858483,b0f066a214c2f5e87bad3c948f4d605d) (ScriptedImporter) -> (artifact id: 'd665f63ff94716d6f26001b06b48677c') in 0.0110384 seconds
Number of updated asset objects reloaded before import = 0Number of asset objects unloaded after import = 0

========================================================================
Received Import Request.
  Time since last request: 0.000039 seconds.
  path: Packages/com.unity.render-pipelines.core/Editor/RelativePropertiesDrawer.cs
  artifactKey: Guid(81243a379b2b06849987da115b6e86f6) Importer(2089858483,b0f066a214c2f5e87bad3c948f4d605d)
Start importing Packages/com.unity.render-pipelines.core/Editor/RelativePropertiesDrawer.cs using Guid(81243a379b2b06849987da115b6e86f6) Importer(2089858483,b0f066a214c2f5e87bad3c948f4d605d) (ScriptedImporter) -> (artifact id: 'c1eebe7baf889e8bb64b0542085d7f92') in 0.0087482 seconds
Number of updated asset objects reloaded before import = 0Number of asset objects unloaded after import = 0

========================================================================
Received Import Request.
  Time since last request: 0.000026 seconds.
  path: Packages/com.unity.render-pipelines.core/ShaderLibrary/CommonMaterial.hlsl
  artifactKey: Guid(540178d5ddc29e74da771e38536aee22) Importer(2089858483,b0f066a214c2f5e87bad3c948f4d605d)
Start importing Packages/com.unity.render-pipelines.core/ShaderLibrary/CommonMaterial.hlsl using Guid(540178d5ddc29e74da771e38536aee22) Importer(2089858483,b0f066a214c2f5e87bad3c948f4d605d) (ScriptedImporter) -> (artifact id: '865e94919402f4dcd37bd7f1824c12d4') in 0.0127395 seconds
Number of updated asset objects reloaded before import = 0Number of asset objects unloaded after import = 1

========================================================================
Received Import Request.
  Time since last request: 0.000028 seconds.
  path: Packages/com.unity.2d.common/Path/Editor/Handles/TangentLinear.png
  artifactKey: Guid(70769958773904c02bc91efe3db06047) Importer(2089858483,b0f066a214c2f5e87bad3c948f4d605d)
Start importing Packages/com.unity.2d.common/Path/Editor/Handles/TangentLinear.png using Guid(70769958773904c02bc91efe3db06047) Importer(2089858483,b0f066a214c2f5e87bad3c948f4d605d) (ScriptedImporter) -> (artifact id: '48eb4a83e8a69ae14b0df2c4da3e0393') in 0.0258665 seconds
Number of updated asset objects reloaded before import = 0Number of asset objects unloaded after import = 3

========================================================================
Received Import Request.
  Time since last request: 0.000056 seconds.
  path: Packages/com.unity.2d.tilemap/Editor/SceneViewGridManager.cs
  artifactKey: Guid(a84f8a2cae54acb4599de611269e855e) Importer(2089858483,b0f066a214c2f5e87bad3c948f4d605d)
Start importing Packages/com.unity.2d.tilemap/Editor/SceneViewGridManager.cs using Guid(a84f8a2cae54acb4599de611269e855e) Importer(2089858483,b0f066a214c2f5e87bad3c948f4d605d) (ScriptedImporter) -> (artifact id: '8fe87712c87cd04c40e9ee7f020a4665') in 0.0117709 seconds
Number of updated asset objects reloaded before import = 0Number of asset objects unloaded after import = 0

========================================================================
Received Import Request.
  Time since last request: 0.000029 seconds.
  path: Packages/com.unity.collab-proxy/Editor/Diff/Asset/Diff/Filtering/ObjectDiffFilters.cs
  artifactKey: Guid(4371d9087059f4476a33331774fdb3b8) Importer(2089858483,b0f066a214c2f5e87bad3c948f4d605d)
Start importing Packages/com.unity.collab-proxy/Editor/Diff/Asset/Diff/Filtering/ObjectDiffFilters.cs using Guid(4371d9087059f4476a33331774fdb3b8) Importer(2089858483,b0f066a214c2f5e87bad3c948f4d605d) (ScriptedImporter) -> (artifact id: '093f6ad7e1970edc9035b4d2491500bb') in 0.0109337 seconds
Number of updated asset objects reloaded before import = 0Number of asset objects unloaded after import = 0

========================================================================
Received Import Request.
  Time since last request: 0.000034 seconds.
  path: Packages/com.unity.searcher/Editor/Resources/Searcher.uss
  artifactKey: Guid(4deaa574907fd7647ab0d5bff0e9ba24) Importer(2089858483,b0f066a214c2f5e87bad3c948f4d605d)
Start importing Packages/com.unity.searcher/Editor/Resources/Searcher.uss using Guid(4deaa574907fd7647ab0d5bff0e9ba24) Importer(2089858483,b0f066a214c2f5e87bad3c948f4d605d) (ScriptedImporter) -> (artifact id: 'd47767eecda2c73e082984ddffd008db') in 0.0202512 seconds
Number of updated asset objects reloaded before import = 0Number of asset objects unloaded after import = 1

========================================================================
Received Import Request.
  Time since last request: 0.000038 seconds.
  path: Packages/com.unity.collab-proxy/Editor/Views/BranchExplorer/Drawing/Shapes/ChangesetCommentShape.cs
  artifactKey: Guid(c7d6a678a5bdb45c9b91c35d33ad597d) Importer(2089858483,b0f066a214c2f5e87bad3c948f4d605d)
Start importing Packages/com.unity.collab-proxy/Editor/Views/BranchExplorer/Drawing/Shapes/ChangesetCommentShape.cs using Guid(c7d6a678a5bdb45c9b91c35d33ad597d) Importer(2089858483,b0f066a214c2f5e87bad3c948f4d605d) (ScriptedImporter) -> (artifact id: '0922c69f31289e71076e89e65881eaf3') in 0.0098377 seconds
Number of updated asset objects reloaded before import = 0Number of asset objects unloaded after import = 0

========================================================================
Received Import Request.
  Time since last request: 0.000022 seconds.
  path: Packages/com.unity.ugui/Editor/UGUI/EventSystem/EventSystemEditor.cs
  artifactKey: Guid(6f72aa6eab9392548b9e9d92eb6b2ef8) Importer(2089858483,b0f066a214c2f5e87bad3c948f4d605d)
Start importing Packages/com.unity.ugui/Editor/UGUI/EventSystem/EventSystemEditor.cs using Guid(6f72aa6eab9392548b9e9d92eb6b2ef8) Importer(2089858483,b0f066a214c2f5e87bad3c948f4d605d) (ScriptedImporter) -> (artifact id: '4cd4afe43f9aa1c971c0c4222b044cc2') in 0.0086178 seconds
Number of updated asset objects reloaded before import = 0Number of asset objects unloaded after import = 0

========================================================================
Received Import Request.
  Time since last request: 0.000026 seconds.
  path: Packages/com.unity.2d.tilemap/Editor/UI/TilesetImporterElement.cs
  artifactKey: Guid(91d9195ac7084b37a7830c0109334fa6) Importer(2089858483,b0f066a214c2f5e87bad3c948f4d605d)
Start importing Packages/com.unity.2d.tilemap/Editor/UI/TilesetImporterElement.cs using Guid(91d9195ac7084b37a7830c0109334fa6) Importer(2089858483,b0f066a214c2f5e87bad3c948f4d605d) (ScriptedImporter) -> (artifact id: '32318d5158da5973bc7c98ee80cc522d') in 0.0074652 seconds
Number of updated asset objects reloaded before import = 0Number of asset objects unloaded after import = 0

========================================================================
Received Import Request.
  Time since last request: 0.000040 seconds.
  path: Packages/com.unity.2d.tilemap/Editor/EditorTools/TilemapEditorTool.cs
  artifactKey: Guid(1098fc68a178ced428eb7fe625f54179) Importer(2089858483,b0f066a214c2f5e87bad3c948f4d605d)
Start importing Packages/com.unity.2d.tilemap/Editor/EditorTools/TilemapEditorTool.cs using Guid(1098fc68a178ced428eb7fe625f54179) Importer(2089858483,b0f066a214c2f5e87bad3c948f4d605d) (ScriptedImporter) -> (artifact id: '331ee4dc18656f2c096581886e958087') in 0.0086685 seconds
Number of updated asset objects reloaded before import = 0Number of asset objects unloaded after import = 0

========================================================================
Received Import Request.
  Time since last request: 0.000027 seconds.
  path: Packages/com.unity.collections/Unity.Collections/Unicode.cs
  artifactKey: Guid(bc38a1e61f172489a8eb4983c247c3c3) Importer(2089858483,b0f066a214c2f5e87bad3c948f4d605d)
Start importing Packages/com.unity.collections/Unity.Collections/Unicode.cs using Guid(bc38a1e61f172489a8eb4983c247c3c3) Importer(2089858483,b0f066a214c2f5e87bad3c948f4d605d) (ScriptedImporter) -> (artifact id: 'aa028117ae6bf153545a9eb7b2dab4cc') in 0.012139 seconds
Number of updated asset objects reloaded before import = 0Number of asset objects unloaded after import = 0

========================================================================
Received Import Request.
  Time since last request: 0.000046 seconds.
  path: Packages/com.unity.burst/Editor/BurstDisassembler.Core.Wasm.cs
  artifactKey: Guid(adfb797f3dde361eb406750c9eea1f62) Importer(2089858483,b0f066a214c2f5e87bad3c948f4d605d)
Start importing Packages/com.unity.burst/Editor/BurstDisassembler.Core.Wasm.cs using Guid(adfb797f3dde361eb406750c9eea1f62) Importer(2089858483,b0f066a214c2f5e87bad3c948f4d605d) (ScriptedImporter) -> (artifact id: '260558eb42621adc1465b3c080997741') in 0.0110184 seconds
Number of updated asset objects reloaded before import = 0Number of asset objects unloaded after import = 0

========================================================================
Received Import Request.
  Time since last request: 0.000030 seconds.
  path: Packages/com.unity.render-pipelines.core/ShaderLibrary/DynamicScalingClamping.hlsl
  artifactKey: Guid(49883cc3d16fa0241a1c9114ce9a1f64) Importer(2089858483,b0f066a214c2f5e87bad3c948f4d605d)
Start importing Packages/com.unity.render-pipelines.core/ShaderLibrary/DynamicScalingClamping.hlsl using Guid(49883cc3d16fa0241a1c9114ce9a1f64) Importer(2089858483,b0f066a214c2f5e87bad3c948f4d605d) (ScriptedImporter) -> (artifact id: '0fd12503a62743718fe67b2df425f7d3') in 0.0081001 seconds
Number of updated asset objects reloaded before import = 0Number of asset objects unloaded after import = 1

========================================================================
Received Import Request.
  Time since last request: 0.000038 seconds.
  path: Packages/com.unity.render-pipelines.core/Editor/Analytics/RenderPipelineGraphicsSettingsAnalytics.cs
  artifactKey: Guid(24edf9d94fc418047a951393fca40966) Importer(2089858483,b0f066a214c2f5e87bad3c948f4d605d)
Start importing Packages/com.unity.render-pipelines.core/Editor/Analytics/RenderPipelineGraphicsSettingsAnalytics.cs using Guid(24edf9d94fc418047a951393fca40966) Importer(2089858483,b0f066a214c2f5e87bad3c948f4d605d) (ScriptedImporter) -> (artifact id: 'd14268c87c224060479e458a293dfa57') in 0.0082081 seconds
Number of updated asset objects reloaded before import = 0Number of asset objects unloaded after import = 0

========================================================================
Received Import Request.
  Time since last request: 0.000027 seconds.
  path: Packages/com.unity.render-pipelines.core/ShaderLibrary/GeometricTools.hlsl
  artifactKey: Guid(eebfba22df48acf4b978d98000cb10e6) Importer(2089858483,b0f066a214c2f5e87bad3c948f4d605d)
Start importing Packages/com.unity.render-pipelines.core/ShaderLibrary/GeometricTools.hlsl using Guid(eebfba22df48acf4b978d98000cb10e6) Importer(2089858483,b0f066a214c2f5e87bad3c948f4d605d) (ScriptedImporter) -> (artifact id: 'f8be87db29dbc86d10cf5a63264c1f06') in 0.0110265 seconds
Number of updated asset objects reloaded before import = 0Number of asset objects unloaded after import = 1

========================================================================
Received Import Request.
  Time since last request: 0.000029 seconds.
  path: Packages/com.unity.render-pipelines.core/ShaderLibrary/VolumeRendering.hlsl
  artifactKey: Guid(76b6dbce57ad3e647a01b5ad36f737a5) Importer(2089858483,b0f066a214c2f5e87bad3c948f4d605d)
Start importing Packages/com.unity.render-pipelines.core/ShaderLibrary/VolumeRendering.hlsl using Guid(76b6dbce57ad3e647a01b5ad36f737a5) Importer(2089858483,b0f066a214c2f5e87bad3c948f4d605d) (ScriptedImporter) -> (artifact id: '862072dcb24939da3978371fea524dd4') in 0.0073806 seconds
Number of updated asset objects reloaded before import = 0Number of asset objects unloaded after import = 1

========================================================================
Received Import Request.
  Time since last request: 0.000041 seconds.
  path: Packages/com.unity.render-pipelines.core/ShaderLibrary/UnityInstancing.hlsl
  artifactKey: Guid(e1cfc5ca61db3d448825f316ff92cb0b) Importer(2089858483,b0f066a214c2f5e87bad3c948f4d605d)
Start importing Packages/com.unity.render-pipelines.core/ShaderLibrary/UnityInstancing.hlsl using Guid(e1cfc5ca61db3d448825f316ff92cb0b) Importer(2089858483,b0f066a214c2f5e87bad3c948f4d605d) (ScriptedImporter) -> (artifact id: '5812852b9c2bf6fee2e6f26012b6e7d8') in 0.007494 seconds
Number of updated asset objects reloaded before import = 0Number of asset objects unloaded after import = 1

========================================================================
Received Import Request.
  Time since last request: 0.000025 seconds.
  path: Packages/com.unity.render-pipelines.core/Editor/BuildProcessors/CoreBuildData.cs
  artifactKey: Guid(77db4492d35e8db4fb0fe2936a0879e2) Importer(2089858483,b0f066a214c2f5e87bad3c948f4d605d)
Start importing Packages/com.unity.render-pipelines.core/Editor/BuildProcessors/CoreBuildData.cs using Guid(77db4492d35e8db4fb0fe2936a0879e2) Importer(2089858483,b0f066a214c2f5e87bad3c948f4d605d) (ScriptedImporter) -> (artifact id: 'a7447701b7d5bbaadb004c983e82dbb3') in 0.0101948 seconds
Number of updated asset objects reloaded before import = 0Number of asset objects unloaded after import = 0

========================================================================
Received Import Request.
  Time since last request: 0.000030 seconds.
  path: Packages/com.unity.ugui/README.md
  artifactKey: Guid(e0ae6629cc70b514889df37fccb76832) Importer(2089858483,b0f066a214c2f5e87bad3c948f4d605d)
Start importing Packages/com.unity.ugui/README.md using Guid(e0ae6629cc70b514889df37fccb76832) Importer(2089858483,b0f066a214c2f5e87bad3c948f4d605d) (ScriptedImporter) -> (artifact id: 'ebfe6693546264735df4c9c4d9bd7836') in 0.0084449 seconds
Number of updated asset objects reloaded before import = 0Number of asset objects unloaded after import = 1

========================================================================
Received Import Request.
  Time since last request: 0.000042 seconds.
  path: Packages/com.unity.ugui/Editor/UGUI/UI/InterceptedEventsPreview.cs
  artifactKey: Guid(127023922adddf744b59fa7b0b0c3030) Importer(2089858483,b0f066a214c2f5e87bad3c948f4d605d)
Start importing Packages/com.unity.ugui/Editor/UGUI/UI/InterceptedEventsPreview.cs using Guid(127023922adddf744b59fa7b0b0c3030) Importer(2089858483,b0f066a214c2f5e87bad3c948f4d605d) (ScriptedImporter) -> (artifact id: '51aa3f814327c0f4077682130ccf20e8') in 0.0081143 seconds
Number of updated asset objects reloaded before import = 0Number of asset objects unloaded after import = 0

========================================================================
Received Import Request.
  Time since last request: 0.000023 seconds.
  path: Packages/com.unity.ugui/Editor Resources/Gizmos/TMP - Text Component Icon.psd
  artifactKey: Guid(2fd6421f253b4ef1a19526541f9ffc0c) Importer(2089858483,b0f066a214c2f5e87bad3c948f4d605d)
Start importing Packages/com.unity.ugui/Editor Resources/Gizmos/TMP - Text Component Icon.psd using Guid(2fd6421f253b4ef1a19526541f9ffc0c) Importer(2089858483,b0f066a214c2f5e87bad3c948f4d605d) (ScriptedImporter) -> (artifact id: '453b1ca829ca7095da3458f13055e5bc') in 0.0163836 seconds
Number of updated asset objects reloaded before import = 0Number of asset objects unloaded after import = 1

========================================================================
Received Import Request.
  Time since last request: 0.000027 seconds.
  path: Packages/com.unity.collections/Unity.Collections/NativeText.tt
  artifactKey: Guid(50504580bca9eb0409fcceea1af68eb5) Importer(2089858483,b0f066a214c2f5e87bad3c948f4d605d)
Start importing Packages/com.unity.collections/Unity.Collections/NativeText.tt using Guid(50504580bca9eb0409fcceea1af68eb5) Importer(2089858483,b0f066a214c2f5e87bad3c948f4d605d) (ScriptedImporter) -> (artifact id: '61d73551f93b1f71e413d0041c58f762') in 0.0077395 seconds
Number of updated asset objects reloaded before import = 0Number of asset objects unloaded after import = 1

========================================================================
Received Import Request.
  Time since last request: 0.000044 seconds.
  path: Packages/com.unity.ugui/Runtime/InternalBridge/TMPHelpURL.cs
  artifactKey: Guid(987fa2c7d1a0e2242839cb8af2fcecc9) Importer(2089858483,b0f066a214c2f5e87bad3c948f4d605d)
Start importing Packages/com.unity.ugui/Runtime/InternalBridge/TMPHelpURL.cs using Guid(987fa2c7d1a0e2242839cb8af2fcecc9) Importer(2089858483,b0f066a214c2f5e87bad3c948f4d605d) (ScriptedImporter) -> (artifact id: 'ed87870217227e407e6170e0711bd891') in 0.0072534 seconds
Number of updated asset objects reloaded before import = 0Number of asset objects unloaded after import = 0

========================================================================
Received Import Request.
  Time since last request: 0.000049 seconds.
  path: Packages/com.unity.ugui/Runtime/UGUI/EventSystem/InputModules/BaseInput.cs
  artifactKey: Guid(1511ccae7919cfc46b603b9b337fdc94) Importer(2089858483,b0f066a214c2f5e87bad3c948f4d605d)
Start importing Packages/com.unity.ugui/Runtime/UGUI/EventSystem/InputModules/BaseInput.cs using Guid(1511ccae7919cfc46b603b9b337fdc94) Importer(2089858483,b0f066a214c2f5e87bad3c948f4d605d) (ScriptedImporter) -> (artifact id: '48a7e689c388eb043f13dbb3735801d0') in 0.007612 seconds
Number of updated asset objects reloaded before import = 0Number of asset objects unloaded after import = 0

========================================================================
Received Import Request.
  Time since last request: 0.000029 seconds.
  path: Packages/com.unity.ugui/Editor Resources/Textures/btn_AlignMidLine.psd
  artifactKey: Guid(c2f7f6a88b4c4f20a53deb72f3d9144c) Importer(2089858483,b0f066a214c2f5e87bad3c948f4d605d)
Start importing Packages/com.unity.ugui/Editor Resources/Textures/btn_AlignMidLine.psd using Guid(c2f7f6a88b4c4f20a53deb72f3d9144c) Importer(2089858483,b0f066a214c2f5e87bad3c948f4d605d) (ScriptedImporter) -> (artifact id: 'a791ba51bc3b3709066dbc71e6e1b61e') in 0.0160203 seconds
Number of updated asset objects reloaded before import = 0Number of asset objects unloaded after import = 1

========================================================================
Received Import Request.
  Time since last request: 0.000042 seconds.
  path: Packages/com.unity.ide.visualstudio/Editor/ProjectGeneration/TypeCacheHelper.cs
  artifactKey: Guid(eeb21ffd7b0188542b348935f4b04fe8) Importer(2089858483,b0f066a214c2f5e87bad3c948f4d605d)
Start importing Packages/com.unity.ide.visualstudio/Editor/ProjectGeneration/TypeCacheHelper.cs using Guid(eeb21ffd7b0188542b348935f4b04fe8) Importer(2089858483,b0f066a214c2f5e87bad3c948f4d605d) (ScriptedImporter) -> (artifact id: 'b5b6ec63eef0da6fe66d76d62c97b9bf') in 0.0113624 seconds
Number of updated asset objects reloaded before import = 0Number of asset objects unloaded after import = 0

========================================================================
Received Import Request.
  Time since last request: 0.000025 seconds.
  path: Packages/com.unity.ugui/Editor/UGUI/UI/InputFieldEditor.cs
  artifactKey: Guid(21d2d5d6901f2ca43a8015c60ada4e2c) Importer(2089858483,b0f066a214c2f5e87bad3c948f4d605d)
Start importing Packages/com.unity.ugui/Editor/UGUI/UI/InputFieldEditor.cs using Guid(21d2d5d6901f2ca43a8015c60ada4e2c) Importer(2089858483,b0f066a214c2f5e87bad3c948f4d605d) (ScriptedImporter) -> (artifact id: '2f8a2e03a03f16065dd7d05886644c3f') in 0.0095972 seconds
Number of updated asset objects reloaded before import = 0Number of asset objects unloaded after import = 0

========================================================================
Received Import Request.
  Time since last request: 0.000035 seconds.
  path: Packages/com.unity.collections/Unity.Collections.Tests/UnsafeListTests.cs
  artifactKey: Guid(1c4f87267cc02d948a6a332c8768cd23) Importer(2089858483,b0f066a214c2f5e87bad3c948f4d605d)
Start importing Packages/com.unity.collections/Unity.Collections.Tests/UnsafeListTests.cs using Guid(1c4f87267cc02d948a6a332c8768cd23) Importer(2089858483,b0f066a214c2f5e87bad3c948f4d605d) (ScriptedImporter) -> (artifact id: '18ec8c0f8afe47cc250fc5df97594762') in 0.0093897 seconds
Number of updated asset objects reloaded before import = 0Number of asset objects unloaded after import = 0

========================================================================
Received Import Request.
  Time since last request: 0.000046 seconds.
  path: Packages/com.unity.searcher/Editor/Resources/FlatSkin/Font/Roboto-BoldItalic.ttf
  artifactKey: Guid(dfb97a9307a577a41bcacba34b9a7e32) Importer(2089858483,b0f066a214c2f5e87bad3c948f4d605d)
Start importing Packages/com.unity.searcher/Editor/Resources/FlatSkin/Font/Roboto-BoldItalic.ttf using Guid(dfb97a9307a577a41bcacba34b9a7e32) Importer(2089858483,b0f066a214c2f5e87bad3c948f4d605d) (ScriptedImporter) -> (artifact id: '79d41bee8f56e3ab6da7ca0ea3129cfc') in 0.0287053 seconds
Number of updated asset objects reloaded before import = 0Number of asset objects unloaded after import = 3

========================================================================
Received Import Request.
  Time since last request: 0.000027 seconds.
  path: Packages/com.unity.ugui/Tests/Runtime/UGUI/Canvas/CanvasSizeCorrectInAwakeAndStartScript.cs
  artifactKey: Guid(df1ba932d4ce4534e97a0f10c85cd3c9) Importer(2089858483,b0f066a214c2f5e87bad3c948f4d605d)
Start importing Packages/com.unity.ugui/Tests/Runtime/UGUI/Canvas/CanvasSizeCorrectInAwakeAndStartScript.cs using Guid(df1ba932d4ce4534e97a0f10c85cd3c9) Importer(2089858483,b0f066a214c2f5e87bad3c948f4d605d) (ScriptedImporter) -> (artifact id: 'fdc4beb46db63db33baa485bb8199881') in 0.0079351 seconds
Number of updated asset objects reloaded before import = 0Number of asset objects unloaded after import = 0

========================================================================
Received Import Request.
  Time since last request: 0.000192 seconds.
  path: Packages/com.unity.render-pipelines.core/Editor/Lighting/IESObject.cs
  artifactKey: Guid(901e3026412fba146ab1b63bfc229b78) Importer(2089858483,b0f066a214c2f5e87bad3c948f4d605d)
Start importing Packages/com.unity.render-pipelines.core/Editor/Lighting/IESObject.cs using Guid(901e3026412fba146ab1b63bfc229b78) Importer(2089858483,b0f066a214c2f5e87bad3c948f4d605d) (ScriptedImporter) -> (artifact id: 'e679cb177b59a71fd9473a87a0f43bfa') in 0.010007 seconds
Number of updated asset objects reloaded before import = 0Number of asset objects unloaded after import = 1

========================================================================
Received Import Request.
  Time since last request: 0.000039 seconds.
  path: Packages/com.unity.render-pipelines.core/Editor/Lighting/ISerializedLight.cs
  artifactKey: Guid(8f69c566379255640bf031b4ae7fe0f5) Importer(2089858483,b0f066a214c2f5e87bad3c948f4d605d)
Start importing Packages/com.unity.render-pipelines.core/Editor/Lighting/ISerializedLight.cs using Guid(8f69c566379255640bf031b4ae7fe0f5) Importer(2089858483,b0f066a214c2f5e87bad3c948f4d605d) (ScriptedImporter) -> (artifact id: 'b04f6299b4a53667d9657b978d4d6ea8') in 0.0069573 seconds
Number of updated asset objects reloaded before import = 0Number of asset objects unloaded after import = 0

========================================================================
Received Import Request.
  Time since last request: 0.000025 seconds.
  path: Packages/com.unity.render-pipelines.core/Editor/Material/AssetReimportUtils.cs
  artifactKey: Guid(601dae3a21ff49bab849c25eb27709e1) Importer(2089858483,b0f066a214c2f5e87bad3c948f4d605d)
Start importing Packages/com.unity.render-pipelines.core/Editor/Material/AssetReimportUtils.cs using Guid(601dae3a21ff49bab849c25eb27709e1) Importer(2089858483,b0f066a214c2f5e87bad3c948f4d605d) (ScriptedImporter) -> (artifact id: '7a861c6c18de7de922cb8f3efa6fb21f') in 0.0104377 seconds
Number of updated asset objects reloaded before import = 0Number of asset objects unloaded after import = 0

========================================================================
Received Import Request.
  Time since last request: 0.000031 seconds.
  path: Packages/com.unity.render-pipelines.core/Editor/Lighting/LightUI.Skin.cs
  artifactKey: Guid(57198e360c6d9454b831562cef29b556) Importer(2089858483,b0f066a214c2f5e87bad3c948f4d605d)
Start importing Packages/com.unity.render-pipelines.core/Editor/Lighting/LightUI.Skin.cs using Guid(57198e360c6d9454b831562cef29b556) Importer(2089858483,b0f066a214c2f5e87bad3c948f4d605d) (ScriptedImporter) -> (artifact id: '98c232bbcad3f1b7e2bc0eb64d513cc4') in 0.006763 seconds
Number of updated asset objects reloaded before import = 0Number of asset objects unloaded after import = 0

========================================================================
Received Import Request.
  Time since last request: 0.000036 seconds.
  path: Packages/com.unity.render-pipelines.core/Editor/LookDev/ToolbarRadio.cs
  artifactKey: Guid(a48a9e08d9023374fab5d929e609b9bd) Importer(2089858483,b0f066a214c2f5e87bad3c948f4d605d)
Start importing Packages/com.unity.render-pipelines.core/Editor/LookDev/ToolbarRadio.cs using Guid(a48a9e08d9023374fab5d929e609b9bd) Importer(2089858483,b0f066a214c2f5e87bad3c948f4d605d) (ScriptedImporter) -> (artifact id: 'c225afdccbb5bef1d4d3c2c0c5807c5b') in 0.0087529 seconds
Number of updated asset objects reloaded before import = 0Number of asset objects unloaded after import = 0

========================================================================
Received Import Request.
  Time since last request: 0.000027 seconds.
  path: Packages/com.unity.render-pipelines.core/Editor/Debugging/DebugState.cs
  artifactKey: Guid(7270f3dffc138834da5642e5943f5072) Importer(2089858483,b0f066a214c2f5e87bad3c948f4d605d)
Start importing Packages/com.unity.render-pipelines.core/Editor/Debugging/DebugState.cs using Guid(7270f3dffc138834da5642e5943f5072) Importer(2089858483,b0f066a214c2f5e87bad3c948f4d605d) (ScriptedImporter) -> (artifact id: '2895678ead436037e9329b7314df1175') in 0.00766 seconds
Number of updated asset objects reloaded before import = 0Number of asset objects unloaded after import = 0

========================================================================
Received Import Request.
  Time since last request: 0.000030 seconds.
  path: Packages/com.unity.render-pipelines.core/Editor/Controls/ToggleDropdown.uss
  artifactKey: Guid(5ff83f8997b534409b1595a0ea6750db) Importer(2089858483,b0f066a214c2f5e87bad3c948f4d605d)
Start importing Packages/com.unity.render-pipelines.core/Editor/Controls/ToggleDropdown.uss using Guid(5ff83f8997b534409b1595a0ea6750db) Importer(2089858483,b0f066a214c2f5e87bad3c948f4d605d) (ScriptedImporter) -> (artifact id: 'e81c221929f16ed3a3c4d8dbb6093180') in 0.0147036 seconds
Number of updated asset objects reloaded before import = 0Number of asset objects unloaded after import = 1

========================================================================
Received Import Request.
  Time since last request: 0.000039 seconds.
  path: Packages/com.unity.2d.tilemap/Editor/Icons/d_Tilemap.GridPaint@2x.png
  artifactKey: Guid(3451731abc835d44993075b3bc0935bd) Importer(2089858483,b0f066a214c2f5e87bad3c948f4d605d)
Start importing Packages/com.unity.2d.tilemap/Editor/Icons/d_Tilemap.GridPaint@2x.png using Guid(3451731abc835d44993075b3bc0935bd) Importer(2089858483,b0f066a214c2f5e87bad3c948f4d605d) (ScriptedImporter) -> (artifact id: 'ae0c353106f5509773c4c6663e29fbd3') in 0.0172773 seconds
Number of updated asset objects reloaded before import = 0Number of asset objects unloaded after import = 3

========================================================================
Received Import Request.
  Time since last request: 0.000022 seconds.
  path: Packages/com.unity.2d.common/Runtime/InternalBridge/InternalEngineBridge.cs
  artifactKey: Guid(74d5c6e86f4a1214ca6e9737086f7468) Importer(2089858483,b0f066a214c2f5e87bad3c948f4d605d)
Start importing Packages/com.unity.2d.common/Runtime/InternalBridge/InternalEngineBridge.cs using Guid(74d5c6e86f4a1214ca6e9737086f7468) Importer(2089858483,b0f066a214c2f5e87bad3c948f4d605d) (ScriptedImporter) -> (artifact id: 'd2a3b40f9b6aa5fe10609c04cc13de6c') in 0.0073191 seconds
Number of updated asset objects reloaded before import = 0Number of asset objects unloaded after import = 0

========================================================================
Received Import Request.
  Time since last request: 0.000032 seconds.
  path: Packages/com.unity.2d.tilemap/Editor/Icons/d_Tilemap..BrushPicks@4x.png
  artifactKey: Guid(ba6dc9e2bb114aa46a392528f10c13d0) Importer(2089858483,b0f066a214c2f5e87bad3c948f4d605d)
Start importing Packages/com.unity.2d.tilemap/Editor/Icons/d_Tilemap..BrushPicks@4x.png using Guid(ba6dc9e2bb114aa46a392528f10c13d0) Importer(2089858483,b0f066a214c2f5e87bad3c948f4d605d) (ScriptedImporter) -> (artifact id: '8b78b890d05d7970a1dd9897e900935e') in 0.0205797 seconds
Number of updated asset objects reloaded before import = 0Number of asset objects unloaded after import = 3

========================================================================
Received Import Request.
  Time since last request: 0.000042 seconds.
  path: Packages/com.unity.ide.visualstudio/Editor/Messaging/UdpSocket.cs
  artifactKey: Guid(38cb3a4a17d2cfd41926da95ce675934) Importer(2089858483,b0f066a214c2f5e87bad3c948f4d605d)
Start importing Packages/com.unity.ide.visualstudio/Editor/Messaging/UdpSocket.cs using Guid(38cb3a4a17d2cfd41926da95ce675934) Importer(2089858483,b0f066a214c2f5e87bad3c948f4d605d) (ScriptedImporter) -> (artifact id: '890f3c164e92d4dbb06dd12aead2abc5') in 0.0064676 seconds
Number of updated asset objects reloaded before import = 0Number of asset objects unloaded after import = 0

========================================================================
Received Import Request.
  Time since last request: 0.000047 seconds.
  path: Packages/com.unity.ugui/Editor/UGUI/UI/SelectableEditor.cs
  artifactKey: Guid(e9253e696cd45794d9aec6d4de366b6e) Importer(2089858483,b0f066a214c2f5e87bad3c948f4d605d)
Start importing Packages/com.unity.ugui/Editor/UGUI/UI/SelectableEditor.cs using Guid(e9253e696cd45794d9aec6d4de366b6e) Importer(2089858483,b0f066a214c2f5e87bad3c948f4d605d) (ScriptedImporter) -> (artifact id: 'ac62e82561ed0b2aa638314cac8b68cc') in 0.0103056 seconds
Number of updated asset objects reloaded before import = 0Number of asset objects unloaded after import = 0

========================================================================
Received Import Request.
  Time since last request: 0.000031 seconds.
  path: Packages/com.unity.burst/Runtime/Intrinsics/x86/Bmi2.cs
  artifactKey: Guid(aa392f69e52b37a486ca7cfa6125fd60) Importer(2089858483,b0f066a214c2f5e87bad3c948f4d605d)
Start importing Packages/com.unity.burst/Runtime/Intrinsics/x86/Bmi2.cs using Guid(aa392f69e52b37a486ca7cfa6125fd60) Importer(2089858483,b0f066a214c2f5e87bad3c948f4d605d) (ScriptedImporter) -> (artifact id: 'df71b5f287d1f35a4cce60ede7a9b4f0') in 0.009892 seconds
Number of updated asset objects reloaded before import = 0Number of asset objects unloaded after import = 0

========================================================================
Received Import Request.
  Time since last request: 0.000043 seconds.
  path: Packages/com.unity.ugui/Tests/Editor/TMP/TMP_TextTests.cs
  artifactKey: Guid(d082183c35deb87489e26f9c7ba8e41f) Importer(2089858483,b0f066a214c2f5e87bad3c948f4d605d)
Start importing Packages/com.unity.ugui/Tests/Editor/TMP/TMP_TextTests.cs using Guid(d082183c35deb87489e26f9c7ba8e41f) Importer(2089858483,b0f066a214c2f5e87bad3c948f4d605d) (ScriptedImporter) -> (artifact id: 'f84d9e22a6881c9321ed88a5859b04ad') in 0.0099198 seconds
Number of updated asset objects reloaded before import = 0Number of asset objects unloaded after import = 0

========================================================================
Received Import Request.
  Time since last request: 0.000026 seconds.
  path: Packages/com.unity.collections/Unity.Collections.PerformanceTests/BenchmarkAllocator.cs
  artifactKey: Guid(29f92070f574cff4a948d1b4f2b88cd3) Importer(2089858483,b0f066a214c2f5e87bad3c948f4d605d)
Start importing Packages/com.unity.collections/Unity.Collections.PerformanceTests/BenchmarkAllocator.cs using Guid(29f92070f574cff4a948d1b4f2b88cd3) Importer(2089858483,b0f066a214c2f5e87bad3c948f4d605d) (ScriptedImporter) -> (artifact id: '1df63a51079d5070d5249199ed1c83ea') in 0.0079132 seconds
Number of updated asset objects reloaded before import = 0Number of asset objects unloaded after import = 0

========================================================================
Received Import Request.
  Time since last request: 0.000234 seconds.
  path: Packages/com.unity.render-pipelines.core/Runtime/Common/CoreAttributes.cs
  artifactKey: Guid(07346c0b2cba0214f8f27c46ec2dd613) Importer(2089858483,b0f066a214c2f5e87bad3c948f4d605d)
Start importing Packages/com.unity.render-pipelines.core/Runtime/Common/CoreAttributes.cs using Guid(07346c0b2cba0214f8f27c46ec2dd613) Importer(2089858483,b0f066a214c2f5e87bad3c948f4d605d) (ScriptedImporter) -> (artifact id: '0940f63f3c81ae38a17ec326df9c6656') in 0.0086544 seconds
Number of updated asset objects reloaded before import = 0Number of asset objects unloaded after import = 0

========================================================================
Received Import Request.
  Time since last request: 0.000034 seconds.
  path: Packages/com.unity.render-pipelines.core/Editor/ShaderStripping/IVariantStripper.cs
  artifactKey: Guid(ea71340347cd4764d9e89cc6758729eb) Importer(2089858483,b0f066a214c2f5e87bad3c948f4d605d)
Start importing Packages/com.unity.render-pipelines.core/Editor/ShaderStripping/IVariantStripper.cs using Guid(ea71340347cd4764d9e89cc6758729eb) Importer(2089858483,b0f066a214c2f5e87bad3c948f4d605d) (ScriptedImporter) -> (artifact id: 'c8ca474da5d571c7e1228ab79fa29b3b') in 0.0072258 seconds
Number of updated asset objects reloaded before import = 0Number of asset objects unloaded after import = 0

========================================================================
Received Import Request.
  Time since last request: 0.000031 seconds.
  path: Packages/com.unity.render-pipelines.core/Runtime/CommandBuffers/IUnsafeCommandBuffer.cs
  artifactKey: Guid(ff0586f694b524faead0c7e66b5cc05b) Importer(2089858483,b0f066a214c2f5e87bad3c948f4d605d)
Start importing Packages/com.unity.render-pipelines.core/Runtime/CommandBuffers/IUnsafeCommandBuffer.cs using Guid(ff0586f694b524faead0c7e66b5cc05b) Importer(2089858483,b0f066a214c2f5e87bad3c948f4d605d) (ScriptedImporter) -> (artifact id: '519ebf5ab4b105401ac4937cc98d0b3e') in 0.0099691 seconds
Number of updated asset objects reloaded before import = 0Number of asset objects unloaded after import = 0

========================================================================
Received Import Request.
  Time since last request: 0.000057 seconds.
  path: Packages/com.unity.render-pipelines.core/Editor/Volume/VolumesPreferences.cs
  artifactKey: Guid(27f2759742fe50d4fa55a384fd18e06b) Importer(2089858483,b0f066a214c2f5e87bad3c948f4d605d)
Start importing Packages/com.unity.render-pipelines.core/Editor/Volume/VolumesPreferences.cs using Guid(27f2759742fe50d4fa55a384fd18e06b) Importer(2089858483,b0f066a214c2f5e87bad3c948f4d605d) (ScriptedImporter) -> (artifact id: '618f23284c287e16b8fd06c6d7af76e0') in 0.009364 seconds
Number of updated asset objects reloaded before import = 0Number of asset objects unloaded after import = 0

========================================================================
Received Import Request.
  Time since last request: 0.000026 seconds.
  path: Packages/com.unity.render-pipelines.core/Editor/StyleSheets/DefaultVolumeProfileEditor.uss
  artifactKey: Guid(83a028a39a272694784e78db21cff69b) Importer(2089858483,b0f066a214c2f5e87bad3c948f4d605d)
Start importing Packages/com.unity.render-pipelines.core/Editor/StyleSheets/DefaultVolumeProfileEditor.uss using Guid(83a028a39a272694784e78db21cff69b) Importer(2089858483,b0f066a214c2f5e87bad3c948f4d605d) (ScriptedImporter) -> (artifact id: '72c4b6e2c724e16e0d3aa8b8b9116340') in 0.0121784 seconds
Number of updated asset objects reloaded before import = 0Number of asset objects unloaded after import = 1

========================================================================
Received Import Request.
  Time since last request: 0.000035 seconds.
  path: Packages/com.unity.render-pipelines.core/Runtime/Common/ContextContainer.cs
  artifactKey: Guid(a223ac1745280964e8d1424b4634a2c8) Importer(2089858483,b0f066a214c2f5e87bad3c948f4d605d)
Start importing Packages/com.unity.render-pipelines.core/Runtime/Common/ContextContainer.cs using Guid(a223ac1745280964e8d1424b4634a2c8) Importer(2089858483,b0f066a214c2f5e87bad3c948f4d605d) (ScriptedImporter) -> (artifact id: 'c78d7dd12c13ae3a694d668fdf6b7bc6') in 0.0075668 seconds
Number of updated asset objects reloaded before import = 0Number of asset objects unloaded after import = 0

========================================================================
Received Import Request.
  Time since last request: 0.000045 seconds.
  path: Packages/com.unity.render-pipelines.core/Runtime/CommandBuffers/UnsafeCommandBuffer.cs
  artifactKey: Guid(517f802c8cb944ef2adf160f7f8f0c75) Importer(2089858483,b0f066a214c2f5e87bad3c948f4d605d)
Start importing Packages/com.unity.render-pipelines.core/Runtime/CommandBuffers/UnsafeCommandBuffer.cs using Guid(517f802c8cb944ef2adf160f7f8f0c75) Importer(2089858483,b0f066a214c2f5e87bad3c948f4d605d) (ScriptedImporter) -> (artifact id: '02e3a02c816b12fe81d6b041229b37be') in 0.0072468 seconds
Number of updated asset objects reloaded before import = 0Number of asset objects unloaded after import = 0

========================================================================
Received Import Request.
  Time since last request: 0.000029 seconds.
  path: Packages/com.unity.render-pipelines.core/Editor/Volume/VolumeProfileUtils.cs
  artifactKey: Guid(b63135b7631d46579b47143b2a88ae38) Importer(2089858483,b0f066a214c2f5e87bad3c948f4d605d)
Start importing Packages/com.unity.render-pipelines.core/Editor/Volume/VolumeProfileUtils.cs using Guid(b63135b7631d46579b47143b2a88ae38) Importer(2089858483,b0f066a214c2f5e87bad3c948f4d605d) (ScriptedImporter) -> (artifact id: '868f1b685b3568112bc618d3f2d59149') in 0.0458597 seconds
Number of updated asset objects reloaded before import = 0Number of asset objects unloaded after import = 0

========================================================================
Received Import Request.
  Time since last request: 0.000045 seconds.
  path: Packages/com.unity.render-pipelines.core/Editor/MenuManager.cs
  artifactKey: Guid(016ffaaf36db9a047ab182ffa07bb8de) Importer(2089858483,b0f066a214c2f5e87bad3c948f4d605d)
Start importing Packages/com.unity.render-pipelines.core/Editor/MenuManager.cs using Guid(016ffaaf36db9a047ab182ffa07bb8de) Importer(2089858483,b0f066a214c2f5e87bad3c948f4d605d) (ScriptedImporter) -> (artifact id: '8b506ae50049eadb92ac7394fae22e3c') in 0.0117102 seconds
Number of updated asset objects reloaded before import = 0Number of asset objects unloaded after import = 0

========================================================================
Received Import Request.
  Time since last request: 0.000022 seconds.
  path: Packages/com.unity.ugui/Runtime/UGUI/UI/Core/Toggle.cs
  artifactKey: Guid(9085046f02f69544eb97fd06b6048fe2) Importer(2089858483,b0f066a214c2f5e87bad3c948f4d605d)
Start importing Packages/com.unity.ugui/Runtime/UGUI/UI/Core/Toggle.cs using Guid(9085046f02f69544eb97fd06b6048fe2) Importer(2089858483,b0f066a214c2f5e87bad3c948f4d605d) (ScriptedImporter) -> (artifact id: 'e402a1ab16b4d935754d4585215f9d42') in 0.0070093 seconds
Number of updated asset objects reloaded before import = 0Number of asset objects unloaded after import = 0

========================================================================
Received Import Request.
  Time since last request: 0.000031 seconds.
  path: Packages/com.unity.collab-proxy/Editor/Views/BranchExplorer/Drawing/Shapes/Colors/ColorProvider.cs
  artifactKey: Guid(0da29ddb8a5144b1b4f1bd9922a3669a) Importer(2089858483,b0f066a214c2f5e87bad3c948f4d605d)
Start importing Packages/com.unity.collab-proxy/Editor/Views/BranchExplorer/Drawing/Shapes/Colors/ColorProvider.cs using Guid(0da29ddb8a5144b1b4f1bd9922a3669a) Importer(2089858483,b0f066a214c2f5e87bad3c948f4d605d) (ScriptedImporter) -> (artifact id: '6f3a82c007bf847b40e408d06fea409c') in 0.0686249 seconds
Number of updated asset objects reloaded before import = 0Number of asset objects unloaded after import = 0

========================================================================
Received Import Request.
  Time since last request: 0.000037 seconds.
  path: Packages/com.unity.render-pipelines.core/Editor-PrivateShared/AssetCallbacks/AssetCreationUtil.cs
  artifactKey: Guid(7401208cb37292748ba71a2a214f9c01) Importer(2089858483,b0f066a214c2f5e87bad3c948f4d605d)
Start importing Packages/com.unity.render-pipelines.core/Editor-PrivateShared/AssetCallbacks/AssetCreationUtil.cs using Guid(7401208cb37292748ba71a2a214f9c01) Importer(2089858483,b0f066a214c2f5e87bad3c948f4d605d) (ScriptedImporter) -> (artifact id: '92204ed96b836c5f57a326e8b8929a7b') in 0.0087652 seconds
Number of updated asset objects reloaded before import = 0Number of asset objects unloaded after import = 0

========================================================================
Received Import Request.
  Time since last request: 0.000031 seconds.
  path: Packages/com.unity.2d.common/Path/Editor/EditorTool/PathEditorToolExtensions.cs
  artifactKey: Guid(1b6eb68622062430bb24d3568b99fee6) Importer(2089858483,b0f066a214c2f5e87bad3c948f4d605d)
Start importing Packages/com.unity.2d.common/Path/Editor/EditorTool/PathEditorToolExtensions.cs using Guid(1b6eb68622062430bb24d3568b99fee6) Importer(2089858483,b0f066a214c2f5e87bad3c948f4d605d) (ScriptedImporter) -> (artifact id: '2a6adb2f84ee45490e6bda0bf41b181c') in 0.0089247 seconds
Number of updated asset objects reloaded before import = 0Number of asset objects unloaded after import = 0

========================================================================
Received Import Request.
  Time since last request: 0.000034 seconds.
  path: Packages/com.unity.render-pipelines.core/Runtime/Common/RemoveRange.Extensions.cs
  artifactKey: Guid(2c578537bcf35184a95f154d606e2b9b) Importer(2089858483,b0f066a214c2f5e87bad3c948f4d605d)
Start importing Packages/com.unity.render-pipelines.core/Runtime/Common/RemoveRange.Extensions.cs using Guid(2c578537bcf35184a95f154d606e2b9b) Importer(2089858483,b0f066a214c2f5e87bad3c948f4d605d) (ScriptedImporter) -> (artifact id: 'c9cb3fa3ec99f7a5dcf0431c6dad2d12') in 0.0238496 seconds
Number of updated asset objects reloaded before import = 0Number of asset objects unloaded after import = 0

========================================================================
Received Import Request.
  Time since last request: 0.000026 seconds.
  path: Packages/com.unity.render-pipelines.core/Runtime/Debug/ProbeSamplingDebugMesh.fbx
  artifactKey: Guid(20be25aac4e22ee49a7db76fb3df6de2) Importer(2089858483,b0f066a214c2f5e87bad3c948f4d605d)
Start importing Packages/com.unity.render-pipelines.core/Runtime/Debug/ProbeSamplingDebugMesh.fbx using Guid(20be25aac4e22ee49a7db76fb3df6de2) Importer(2089858483,b0f066a214c2f5e87bad3c948f4d605d) (ScriptedImporter) -> (artifact id: '054354f128a6e5ace154a40602815089') in 0.1703381 seconds
Number of updated asset objects reloaded before import = 0Number of asset objects unloaded after import = 0

========================================================================
Received Import Request.
  Time since last request: 0.000020 seconds.
  path: Packages/com.unity.render-pipelines.core/Runtime/Debugging/DebugManager.cs
  artifactKey: Guid(a09c907f481d4894a96697283a87c352) Importer(2089858483,b0f066a214c2f5e87bad3c948f4d605d)
Start importing Packages/com.unity.render-pipelines.core/Runtime/Debugging/DebugManager.cs using Guid(a09c907f481d4894a96697283a87c352) Importer(2089858483,b0f066a214c2f5e87bad3c948f4d605d) (ScriptedImporter) -> (artifact id: '62bc0f6b6cf6f10cd192686f1e75811e') in 0.0164113 seconds
Number of updated asset objects reloaded before import = 0Number of asset objects unloaded after import = 0

========================================================================
Received Import Request.
  Time since last request: 0.000043 seconds.
  path: Packages/com.unity.render-pipelines.core/Runtime/Common/ListBuffer.cs
  artifactKey: Guid(188d5dc897b64646b3757571725337ce) Importer(2089858483,b0f066a214c2f5e87bad3c948f4d605d)
Start importing Packages/com.unity.render-pipelines.core/Runtime/Common/ListBuffer.cs using Guid(188d5dc897b64646b3757571725337ce) Importer(2089858483,b0f066a214c2f5e87bad3c948f4d605d) (ScriptedImporter) -> (artifact id: '1550bae5b70f115af55fbb9a1c004b8f') in 0.0105864 seconds
Number of updated asset objects reloaded before import = 0Number of asset objects unloaded after import = 0

========================================================================
Received Import Request.
  Time since last request: 0.000027 seconds.
  path: Packages/com.unity.render-pipelines.core/Runtime/Debugging/DebugUI.Containers.cs
  artifactKey: Guid(02feae31429679949ab4a4a40c8ad34e) Importer(2089858483,b0f066a214c2f5e87bad3c948f4d605d)
Start importing Packages/com.unity.render-pipelines.core/Runtime/Debugging/DebugUI.Containers.cs using Guid(02feae31429679949ab4a4a40c8ad34e) Importer(2089858483,b0f066a214c2f5e87bad3c948f4d605d) (ScriptedImporter) -> (artifact id: '2f47cdeba10e7cd15cf66c76b6801724') in 0.0100709 seconds
Number of updated asset objects reloaded before import = 0Number of asset objects unloaded after import = 0

========================================================================
Received Import Request.
  Time since last request: 0.000027 seconds.
  path: Packages/com.unity.render-pipelines.core/Runtime/Debugging/DebugDisplayStats.cs
  artifactKey: Guid(e817ef0dd5474269a43c074c595854d6) Importer(2089858483,b0f066a214c2f5e87bad3c948f4d605d)
Start importing Packages/com.unity.render-pipelines.core/Runtime/Debugging/DebugDisplayStats.cs using Guid(e817ef0dd5474269a43c074c595854d6) Importer(2089858483,b0f066a214c2f5e87bad3c948f4d605d) (ScriptedImporter) -> (artifact id: 'c678be5fb7377f1324732993e8167a98') in 0.0071077 seconds
Number of updated asset objects reloaded before import = 0Number of asset objects unloaded after import = 0

========================================================================
Received Import Request.
  Time since last request: 0.000037 seconds.
  path: Packages/com.unity.render-pipelines.core/Editor/HeaderFoldout.cs
  artifactKey: Guid(37dd9d7e334016b42b990e47ccd58688) Importer(2089858483,b0f066a214c2f5e87bad3c948f4d605d)
Start importing Packages/com.unity.render-pipelines.core/Editor/HeaderFoldout.cs using Guid(37dd9d7e334016b42b990e47ccd58688) Importer(2089858483,b0f066a214c2f5e87bad3c948f4d605d) (ScriptedImporter) -> (artifact id: '8c50d9e3d25052c649e5a8d67a48d8c0') in 0.0117717 seconds
Number of updated asset objects reloaded before import = 0Number of asset objects unloaded after import = 0

========================================================================
Received Import Request.
  Time since last request: 0.000025 seconds.
  path: Packages/com.unity.render-pipelines.core/Editor/PostProcessing/LensFlareEditorUtils.cs
  artifactKey: Guid(8e384b0630d041a48ac1d9b3681506ac) Importer(2089858483,b0f066a214c2f5e87bad3c948f4d605d)
Start importing Packages/com.unity.render-pipelines.core/Editor/PostProcessing/LensFlareEditorUtils.cs using Guid(8e384b0630d041a48ac1d9b3681506ac) Importer(2089858483,b0f066a214c2f5e87bad3c948f4d605d) (ScriptedImporter) -> (artifact id: 'ad4944e26ffa7daf37d5a361d2ac698b') in 0.0100156 seconds
Number of updated asset objects reloaded before import = 0Number of asset objects unloaded after import = 0

========================================================================
Received Import Request.
  Time since last request: 0.000433 seconds.
  path: Packages/com.unity.render-pipelines.core/Runtime/Camera/CameraSwitcher.cs
  artifactKey: Guid(f52d1e5345c395641b482217c8804ff9) Importer(2089858483,b0f066a214c2f5e87bad3c948f4d605d)
Start importing Packages/com.unity.render-pipelines.core/Runtime/Camera/CameraSwitcher.cs using Guid(f52d1e5345c395641b482217c8804ff9) Importer(2089858483,b0f066a214c2f5e87bad3c948f4d605d) (ScriptedImporter) -> (artifact id: '156e896ad7856b8633ba9bca830319d7') in 0.0104827 seconds
Number of updated asset objects reloaded before import = 0Number of asset objects unloaded after import = 0

========================================================================
Received Import Request.
  Time since last request: 0.000043 seconds.
  path: Packages/com.unity.render-pipelines.core/ShaderLibrary/VertexCubeSlicing.hlsl
  artifactKey: Guid(b19e52fd23b5c7549b05da06be1b1614) Importer(2089858483,b0f066a214c2f5e87bad3c948f4d605d)
Start importing Packages/com.unity.render-pipelines.core/ShaderLibrary/VertexCubeSlicing.hlsl using Guid(b19e52fd23b5c7549b05da06be1b1614) Importer(2089858483,b0f066a214c2f5e87bad3c948f4d605d) (ScriptedImporter) -> (artifact id: '2aa62146c71b95213b6cc36631aad777') in 0.009753 seconds
Number of updated asset objects reloaded before import = 0Number of asset objects unloaded after import = 1

========================================================================
Received Import Request.
  Time since last request: 0.000029 seconds.
  path: Packages/com.unity.2d.common/Path/Editor/IMGUI/GUIFramework/LayoutData.cs
  artifactKey: Guid(9daf05f2d28af48a8b868323c9fd4c35) Importer(2089858483,b0f066a214c2f5e87bad3c948f4d605d)
Start importing Packages/com.unity.2d.common/Path/Editor/IMGUI/GUIFramework/LayoutData.cs using Guid(9daf05f2d28af48a8b868323c9fd4c35) Importer(2089858483,b0f066a214c2f5e87bad3c948f4d605d) (ScriptedImporter) -> (artifact id: '43fd53e3f8fd4306b05a976741d25981') in 0.0135973 seconds
Number of updated asset objects reloaded before import = 0Number of asset objects unloaded after import = 0

========================================================================
Received Import Request.
  Time since last request: 0.000040 seconds.
  path: Packages/com.unity.render-pipelines.core/Runtime/Debugging/DebugFrameTiming.cs
  artifactKey: Guid(5b966c0b6fb41a743ad89f19c17430eb) Importer(2089858483,b0f066a214c2f5e87bad3c948f4d605d)
Start importing Packages/com.unity.render-pipelines.core/Runtime/Debugging/DebugFrameTiming.cs using Guid(5b966c0b6fb41a743ad89f19c17430eb) Importer(2089858483,b0f066a214c2f5e87bad3c948f4d605d) (ScriptedImporter) -> (artifact id: 'b11fe0bb3b03576a21345688b7a22540') in 0.0739628 seconds
Number of updated asset objects reloaded before import = 0Number of asset objects unloaded after import = 0

========================================================================
Received Import Request.
  Time since last request: 0.000031 seconds.
  path: Packages/com.unity.render-pipelines.core/Runtime/RenderGraph/IRenderGraphEnabledRenderPipeline.cs
  artifactKey: Guid(d107e4e863b7b4e579c15e52f775ed03) Importer(2089858483,b0f066a214c2f5e87bad3c948f4d605d)
Start importing Packages/com.unity.render-pipelines.core/Runtime/RenderGraph/IRenderGraphEnabledRenderPipeline.cs using Guid(d107e4e863b7b4e579c15e52f775ed03) Importer(2089858483,b0f066a214c2f5e87bad3c948f4d605d) (ScriptedImporter) -> (artifact id: 'fe987894c61cc1d287a850cb26364100') in 0.0127553 seconds
Number of updated asset objects reloaded before import = 0Number of asset objects unloaded after import = 0

========================================================================
Received Import Request.
  Time since last request: 0.000043 seconds.
  path: Packages/com.unity.render-pipelines.core/Runtime/RenderGraph/RenderGraphBuilder.cs
  artifactKey: Guid(e9aa1e7b18021ca42a72a263243b42a5) Importer(2089858483,b0f066a214c2f5e87bad3c948f4d605d)
Start importing Packages/com.unity.render-pipelines.core/Runtime/RenderGraph/RenderGraphBuilder.cs using Guid(e9aa1e7b18021ca42a72a263243b42a5) Importer(2089858483,b0f066a214c2f5e87bad3c948f4d605d) (ScriptedImporter) -> (artifact id: 'fa9f153d5814c23fad1eee6997d48cdf') in 0.0078933 seconds
Number of updated asset objects reloaded before import = 0Number of asset objects unloaded after import = 0

========================================================================
Received Import Request.
  Time since last request: 0.000028 seconds.
  path: Packages/com.unity.render-pipelines.core/Runtime/RenderGraph/RenderGraphCompilationCache.cs
  artifactKey: Guid(2d61c9446fb9f3c40886545e36cac282) Importer(2089858483,b0f066a214c2f5e87bad3c948f4d605d)
Start importing Packages/com.unity.render-pipelines.core/Runtime/RenderGraph/RenderGraphCompilationCache.cs using Guid(2d61c9446fb9f3c40886545e36cac282) Importer(2089858483,b0f066a214c2f5e87bad3c948f4d605d) (ScriptedImporter) -> (artifact id: 'abafb74355db3f98a3e4d5158f64bbb9') in 0.0074892 seconds
Number of updated asset objects reloaded before import = 0Number of asset objects unloaded after import = 0

========================================================================
Received Import Request.
  Time since last request: 0.000039 seconds.
  path: Packages/com.unity.render-pipelines.core/Runtime/GPUDriven/OcclusionCullingCommon.cs
  artifactKey: Guid(ec1ae020bebf201478636c2123e2dde8) Importer(2089858483,b0f066a214c2f5e87bad3c948f4d605d)
Start importing Packages/com.unity.render-pipelines.core/Runtime/GPUDriven/OcclusionCullingCommon.cs using Guid(ec1ae020bebf201478636c2123e2dde8) Importer(2089858483,b0f066a214c2f5e87bad3c948f4d605d) (ScriptedImporter) -> (artifact id: '9df1aa11d457e1ea9d464f4e9bacd5ef') in 0.029429 seconds
Number of updated asset objects reloaded before import = 0Number of asset objects unloaded after import = 0

========================================================================
Received Import Request.
  Time since last request: 0.000032 seconds.
  path: Packages/com.unity.render-pipelines.core/Runtime/Sampling/PathTracingSampler.hlsl
  artifactKey: Guid(d330e4a95eccc4eb9bb75e79bc736ce7) Importer(2089858483,b0f066a214c2f5e87bad3c948f4d605d)
Start importing Packages/com.unity.render-pipelines.core/Runtime/Sampling/PathTracingSampler.hlsl using Guid(d330e4a95eccc4eb9bb75e79bc736ce7) Importer(2089858483,b0f066a214c2f5e87bad3c948f4d605d) (ScriptedImporter) -> (artifact id: '5840af06096d4a1bec14e2157facafb7') in 0.0116013 seconds
Number of updated asset objects reloaded before import = 0Number of asset objects unloaded after import = 1

========================================================================
Received Import Request.
  Time since last request: 0.000039 seconds.
  path: Packages/com.unity.render-pipelines.core/Runtime/Sampling/PseudoRandom.hlsl
  artifactKey: Guid(270be7a3bca5b4e038d7e90c1ca0f18c) Importer(2089858483,b0f066a214c2f5e87bad3c948f4d605d)
Start importing Packages/com.unity.render-pipelines.core/Runtime/Sampling/PseudoRandom.hlsl using Guid(270be7a3bca5b4e038d7e90c1ca0f18c) Importer(2089858483,b0f066a214c2f5e87bad3c948f4d605d) (ScriptedImporter) -> (artifact id: 'ffbdd1df3c16871a09f70317c74b116e') in 0.0103722 seconds
Number of updated asset objects reloaded before import = 0Number of asset objects unloaded after import = 1

========================================================================
Received Import Request.
  Time since last request: 0.000043 seconds.
  path: Packages/com.unity.render-pipelines.core/Runtime/GPUDriven/OcclusionCullingCommonShaderVariables.cs.hlsl
  artifactKey: Guid(a5ea6c3e82289ce4d8ea0b60a96b1ee2) Importer(2089858483,b0f066a214c2f5e87bad3c948f4d605d)
Start importing Packages/com.unity.render-pipelines.core/Runtime/GPUDriven/OcclusionCullingCommonShaderVariables.cs.hlsl using Guid(a5ea6c3e82289ce4d8ea0b60a96b1ee2) Importer(2089858483,b0f066a214c2f5e87bad3c948f4d605d) (ScriptedImporter) -> (artifact id: '335a7cd46ed4a123652e595b8ac4fcb1') in 0.0135088 seconds
Number of updated asset objects reloaded before import = 0Number of asset objects unloaded after import = 1

========================================================================
Received Import Request.
  Time since last request: 0.000040 seconds.
  path: Packages/com.unity.render-pipelines.core/Runtime/STP/Stp.hlsl
  artifactKey: Guid(edf9bcadab79ea842850b55b8d3a60d4) Importer(2089858483,b0f066a214c2f5e87bad3c948f4d605d)
Start importing Packages/com.unity.render-pipelines.core/Runtime/STP/Stp.hlsl using Guid(edf9bcadab79ea842850b55b8d3a60d4) Importer(2089858483,b0f066a214c2f5e87bad3c948f4d605d) (ScriptedImporter) -> (artifact id: '2063d9b60ca1d08325f7952659c95f60') in 0.0074019 seconds
Number of updated asset objects reloaded before import = 0Number of asset objects unloaded after import = 1

========================================================================
Received Import Request.
  Time since last request: 0.000024 seconds.
  path: Packages/com.unity.render-pipelines.core/Runtime/Sampling/QuasiRandom.hlsl
  artifactKey: Guid(6dd45a9bd35347a45b6cb0047cab846f) Importer(2089858483,b0f066a214c2f5e87bad3c948f4d605d)
Start importing Packages/com.unity.render-pipelines.core/Runtime/Sampling/QuasiRandom.hlsl using Guid(6dd45a9bd35347a45b6cb0047cab846f) Importer(2089858483,b0f066a214c2f5e87bad3c948f4d605d) (ScriptedImporter) -> (artifact id: '451957cb9baf4ee21649af8abc180a20') in 0.0085688 seconds
Number of updated asset objects reloaded before import = 0Number of asset objects unloaded after import = 1

========================================================================
Received Import Request.
  Time since last request: 0.000027 seconds.
  path: Packages/com.unity.render-pipelines.core/Runtime/GPUDriven/OcclusionCullingDebugShaderVariables.cs
  artifactKey: Guid(5c8137fcac12c3743bd060b069e1962b) Importer(2089858483,b0f066a214c2f5e87bad3c948f4d605d)
Start importing Packages/com.unity.render-pipelines.core/Runtime/GPUDriven/OcclusionCullingDebugShaderVariables.cs using Guid(5c8137fcac12c3743bd060b069e1962b) Importer(2089858483,b0f066a214c2f5e87bad3c948f4d605d) (ScriptedImporter) -> (artifact id: '69eff0c3ee2bb70208784d871bf58959') in 0.0125658 seconds
Number of updated asset objects reloaded before import = 0Number of asset objects unloaded after import = 0

========================================================================
Received Import Request.
  Time since last request: 0.000041 seconds.
  path: Packages/com.unity.render-pipelines.core/Runtime/RenderGraph/RenderGraphResources.cs
  artifactKey: Guid(4b7ac9a635582ab4998d4179483bacc5) Importer(2089858483,b0f066a214c2f5e87bad3c948f4d605d)
Start importing Packages/com.unity.render-pipelines.core/Runtime/RenderGraph/RenderGraphResources.cs using Guid(4b7ac9a635582ab4998d4179483bacc5) Importer(2089858483,b0f066a214c2f5e87bad3c948f4d605d) (ScriptedImporter) -> (artifact id: '810f43575e76b89e4bf411612b57e5eb') in 0.0103664 seconds
Number of updated asset objects reloaded before import = 0Number of asset objects unloaded after import = 0

========================================================================
Received Import Request.
  Time since last request: 0.000031 seconds.
  path: Packages/com.unity.render-pipelines.core/Editor/LookDev/CubeToLatlong.shader
  artifactKey: Guid(a16365e8c873daa4c94919438490b905) Importer(2089858483,b0f066a214c2f5e87bad3c948f4d605d)
Start importing Packages/com.unity.render-pipelines.core/Editor/LookDev/CubeToLatlong.shader using Guid(a16365e8c873daa4c94919438490b905) Importer(2089858483,b0f066a214c2f5e87bad3c948f4d605d) (ScriptedImporter) -> (artifact id: '482be1b4c60f88fa3a656ad3ec6380b0') in 0.0163325 seconds
Number of updated asset objects reloaded before import = 0Number of asset objects unloaded after import = 1

========================================================================
Received Import Request.
  Time since last request: 0.000046 seconds.
  path: Packages/com.unity.2d.common/Path/Editor/Selection/ISelectable.cs
  artifactKey: Guid(3cf74ab086c68403c80c9571ab505f5c) Importer(2089858483,b0f066a214c2f5e87bad3c948f4d605d)
Start importing Packages/com.unity.2d.common/Path/Editor/Selection/ISelectable.cs using Guid(3cf74ab086c68403c80c9571ab505f5c) Importer(2089858483,b0f066a214c2f5e87bad3c948f4d605d) (ScriptedImporter) -> (artifact id: 'b59c047eb755627b71dc6c4c73288345') in 0.0069578 seconds
Number of updated asset objects reloaded before import = 0Number of asset objects unloaded after import = 0

========================================================================
Received Import Request.
  Time since last request: 0.000025 seconds.
  path: Packages/com.unity.2d.common/Runtime/UTess2D/Refinery.cs
  artifactKey: Guid(dd86352faf4948147a8151de7488413d) Importer(2089858483,b0f066a214c2f5e87bad3c948f4d605d)
Start importing Packages/com.unity.2d.common/Runtime/UTess2D/Refinery.cs using Guid(dd86352faf4948147a8151de7488413d) Importer(2089858483,b0f066a214c2f5e87bad3c948f4d605d) (ScriptedImporter) -> (artifact id: 'd7d0e8a19ae35528364913a1924073f1') in 0.0096203 seconds
Number of updated asset objects reloaded before import = 0Number of asset objects unloaded after import = 0

========================================================================
Received Import Request.
  Time since last request: 0.000032 seconds.
  path: Packages/com.unity.render-pipelines.core/Runtime/Stripping/RenderPipelineGraphicsSettingsStripper.cs
  artifactKey: Guid(1f4879aa19f83824dae229c38ed5f1f2) Importer(2089858483,b0f066a214c2f5e87bad3c948f4d605d)
Start importing Packages/com.unity.render-pipelines.core/Runtime/Stripping/RenderPipelineGraphicsSettingsStripper.cs using Guid(1f4879aa19f83824dae229c38ed5f1f2) Importer(2089858483,b0f066a214c2f5e87bad3c948f4d605d) (ScriptedImporter) -> (artifact id: '3a0e5da644d1f349c7fe87eeb22b2285') in 0.0071711 seconds
Number of updated asset objects reloaded before import = 0Number of asset objects unloaded after import = 0

========================================================================
Received Import Request.
  Time since last request: 0.000043 seconds.
  path: Packages/com.unity.2d.common/Runtime/Unity.2D.Common.Runtime.asmdef
  artifactKey: Guid(c3352a8bbbe14fb4ab52ae7bfff927ea) Importer(2089858483,b0f066a214c2f5e87bad3c948f4d605d)
Start importing Packages/com.unity.2d.common/Runtime/Unity.2D.Common.Runtime.asmdef using Guid(c3352a8bbbe14fb4ab52ae7bfff927ea) Importer(2089858483,b0f066a214c2f5e87bad3c948f4d605d) (ScriptedImporter) -> (artifact id: '384af85dd7a0690dd10251b429c87ed0') in 0.0065864 seconds
Number of updated asset objects reloaded before import = 0Number of asset objects unloaded after import = 1

========================================================================
Received Import Request.
  Time since last request: 0.000107 seconds.
  path: Packages/com.unity.render-pipelines.core/Editor/Debugging/DebugUIDrawer.cs
  artifactKey: Guid(3581d3ff7a65eee458feb865b7f29154) Importer(2089858483,b0f066a214c2f5e87bad3c948f4d605d)
Start importing Packages/com.unity.render-pipelines.core/Editor/Debugging/DebugUIDrawer.cs using Guid(3581d3ff7a65eee458feb865b7f29154) Importer(2089858483,b0f066a214c2f5e87bad3c948f4d605d) (ScriptedImporter) -> (artifact id: 'b840cab9603c79dda58713c2cb885d1a') in 0.0072145 seconds
Number of updated asset objects reloaded before import = 0Number of asset objects unloaded after import = 0

========================================================================
Received Import Request.
  Time since last request: 0.000028 seconds.
  path: Packages/com.unity.render-pipelines.core/Runtime/Textures/BufferedRTHandleSystem.cs
  artifactKey: Guid(cc56f4b85f1be9749add0bb4a25a4e4b) Importer(2089858483,b0f066a214c2f5e87bad3c948f4d605d)
Start importing Packages/com.unity.render-pipelines.core/Runtime/Textures/BufferedRTHandleSystem.cs using Guid(cc56f4b85f1be9749add0bb4a25a4e4b) Importer(2089858483,b0f066a214c2f5e87bad3c948f4d605d) (ScriptedImporter) -> (artifact id: 'e5caf32aa98ca392b731b9270c6146df') in 0.0065343 seconds
Number of updated asset objects reloaded before import = 0Number of asset objects unloaded after import = 0

========================================================================
Received Import Request.
  Time since last request: 0.000040 seconds.
  path: Packages/com.unity.searcher/Editor/Unity.Searcher.Editor.asmdef
  artifactKey: Guid(4988cf9794f41d64c884876ab6574b89) Importer(2089858483,b0f066a214c2f5e87bad3c948f4d605d)
Start importing Packages/com.unity.searcher/Editor/Unity.Searcher.Editor.asmdef using Guid(4988cf9794f41d64c884876ab6574b89) Importer(2089858483,b0f066a214c2f5e87bad3c948f4d605d) (ScriptedImporter) -> (artifact id: '26dd76524651f25a56c2c50e294eff9d') in 0.0090309 seconds
Number of updated asset objects reloaded before import = 0Number of asset objects unloaded after import = 1

========================================================================
Received Import Request.
  Time since last request: 0.000025 seconds.
  path: Packages/com.unity.2d.common/Editor/VisualElementExtensions.cs
  artifactKey: Guid(63a168f3fcb899c438f953c5e064a1b9) Importer(2089858483,b0f066a214c2f5e87bad3c948f4d605d)
Start importing Packages/com.unity.2d.common/Editor/VisualElementExtensions.cs using Guid(63a168f3fcb899c438f953c5e064a1b9) Importer(2089858483,b0f066a214c2f5e87bad3c948f4d605d) (ScriptedImporter) -> (artifact id: 'a0f496573e021a0170752453de96de6f') in 0.0071498 seconds
Number of updated asset objects reloaded before import = 0Number of asset objects unloaded after import = 0

========================================================================
Received Import Request.
  Time since last request: 0.000031 seconds.
  path: Packages/com.unity.2d.common/Editor/ImagePacker/ImagePacker.cs
  artifactKey: Guid(6ea81e02715034d7e81c7c8e6f5e3329) Importer(2089858483,b0f066a214c2f5e87bad3c948f4d605d)
Start importing Packages/com.unity.2d.common/Editor/ImagePacker/ImagePacker.cs using Guid(6ea81e02715034d7e81c7c8e6f5e3329) Importer(2089858483,b0f066a214c2f5e87bad3c948f4d605d) (ScriptedImporter) -> (artifact id: '53a95b75bbfa7fdbcb31817d12bbb1b4') in 0.0095521 seconds
Number of updated asset objects reloaded before import = 0Number of asset objects unloaded after import = 0

========================================================================
Received Import Request.
  Time since last request: 0.000140 seconds.
  path: Packages/com.unity.render-pipelines.core/Runtime/UnifiedRayTracing/TraceRayAndQueryHit.hlsl
  artifactKey: Guid(ff541650e0d7c3146a62582a0bd48d30) Importer(2089858483,b0f066a214c2f5e87bad3c948f4d605d)
Start importing Packages/com.unity.render-pipelines.core/Runtime/UnifiedRayTracing/TraceRayAndQueryHit.hlsl using Guid(ff541650e0d7c3146a62582a0bd48d30) Importer(2089858483,b0f066a214c2f5e87bad3c948f4d605d) (ScriptedImporter) -> (artifact id: 'c9c82aeeea4263599d126ff09a5dab45') in 0.0113201 seconds
Number of updated asset objects reloaded before import = 0Number of asset objects unloaded after import = 1

========================================================================
Received Import Request.
  Time since last request: 0.000028 seconds.
  path: Packages/com.unity.render-pipelines.core/Runtime/Utilities/ResourceReloader.cs
  artifactKey: Guid(722e53e6319a6da4994e39d6e63bfe9e) Importer(2089858483,b0f066a214c2f5e87bad3c948f4d605d)
Start importing Packages/com.unity.render-pipelines.core/Runtime/Utilities/ResourceReloader.cs using Guid(722e53e6319a6da4994e39d6e63bfe9e) Importer(2089858483,b0f066a214c2f5e87bad3c948f4d605d) (ScriptedImporter) -> (artifact id: 'aa7b0a372673c682a47de2aeb2edb8a4') in 0.009623 seconds
Number of updated asset objects reloaded before import = 0Number of asset objects unloaded after import = 0

========================================================================
Received Import Request.
  Time since last request: 0.000039 seconds.
  path: Packages/com.unity.render-pipelines.core/Runtime/UnifiedRayTracing/TraceRay.hlsl
  artifactKey: Guid(d89584fc78a387b4b89d50da624e2695) Importer(2089858483,b0f066a214c2f5e87bad3c948f4d605d)
Start importing Packages/com.unity.render-pipelines.core/Runtime/UnifiedRayTracing/TraceRay.hlsl using Guid(d89584fc78a387b4b89d50da624e2695) Importer(2089858483,b0f066a214c2f5e87bad3c948f4d605d) (ScriptedImporter) -> (artifact id: 'fe6d1d80000a657b979d6709c52c6039') in 0.0070789 seconds
Number of updated asset objects reloaded before import = 0Number of asset objects unloaded after import = 1

========================================================================
Received Import Request.
  Time since last request: 0.000025 seconds.
  path: Packages/com.unity.render-pipelines.core/Runtime/Utilities/ColorUtils.cs
  artifactKey: Guid(3ead45caf3764e9458334a2b99e6d421) Importer(2089858483,b0f066a214c2f5e87bad3c948f4d605d)
Start importing Packages/com.unity.render-pipelines.core/Runtime/Utilities/ColorUtils.cs using Guid(3ead45caf3764e9458334a2b99e6d421) Importer(2089858483,b0f066a214c2f5e87bad3c948f4d605d) (ScriptedImporter) -> (artifact id: 'c5ff24217bbeff3b58beec8b494dcbb7') in 0.0073499 seconds
Number of updated asset objects reloaded before import = 0Number of asset objects unloaded after import = 0

========================================================================
Received Import Request.
  Time since last request: 0.000027 seconds.
  path: Packages/com.unity.render-pipelines.core/Runtime/UnifiedRayTracing/Common.hlsl
  artifactKey: Guid(f1fa02d2f89398244bd06abebd7e1840) Importer(2089858483,b0f066a214c2f5e87bad3c948f4d605d)
Start importing Packages/com.unity.render-pipelines.core/Runtime/UnifiedRayTracing/Common.hlsl using Guid(f1fa02d2f89398244bd06abebd7e1840) Importer(2089858483,b0f066a214c2f5e87bad3c948f4d605d) (ScriptedImporter) -> (artifact id: '9f46dc61a38277ec8e45dcee5c80a7ea') in 0.0088599 seconds
Number of updated asset objects reloaded before import = 0Number of asset objects unloaded after import = 1

========================================================================
Received Import Request.
  Time since last request: 0.000037 seconds.
  path: Packages/com.unity.render-pipelines.core/Runtime/UnifiedRayTracing/Bindings.hlsl
  artifactKey: Guid(047623a35563f0e45bbfce747454416c) Importer(2089858483,b0f066a214c2f5e87bad3c948f4d605d)
Start importing Packages/com.unity.render-pipelines.core/Runtime/UnifiedRayTracing/Bindings.hlsl using Guid(047623a35563f0e45bbfce747454416c) Importer(2089858483,b0f066a214c2f5e87bad3c948f4d605d) (ScriptedImporter) -> (artifact id: 'e5b44a5be7c31a783703c80ece23c33f') in 0.0166234 seconds
Number of updated asset objects reloaded before import = 0Number of asset objects unloaded after import = 1

========================================================================
Received Import Request.
  Time since last request: 0.000032 seconds.
  path: Packages/com.unity.render-pipelines.core/Runtime/Volume/VolumeComponent.cs
  artifactKey: Guid(556096baecf4aeb4e9f0d3efce77e08f) Importer(2089858483,b0f066a214c2f5e87bad3c948f4d605d)
Start importing Packages/com.unity.render-pipelines.core/Runtime/Volume/VolumeComponent.cs using Guid(556096baecf4aeb4e9f0d3efce77e08f) Importer(2089858483,b0f066a214c2f5e87bad3c948f4d605d) (ScriptedImporter) -> (artifact id: '57355f488237e2b48aee45e4dd06159a') in 0.0080994 seconds
Number of updated asset objects reloaded before import = 0Number of asset objects unloaded after import = 0

========================================================================
Received Import Request.
  Time since last request: 0.000043 seconds.
  path: Packages/com.unity.render-pipelines.core/Runtime/Volume/VolumeManager.cs
  artifactKey: Guid(f709aacbf8d0b0048889f52315d67d58) Importer(2089858483,b0f066a214c2f5e87bad3c948f4d605d)
Start importing Packages/com.unity.render-pipelines.core/Runtime/Volume/VolumeManager.cs using Guid(f709aacbf8d0b0048889f52315d67d58) Importer(2089858483,b0f066a214c2f5e87bad3c948f4d605d) (ScriptedImporter) -> (artifact id: 'c332fb9903af5d75e0582a5967c22bba') in 0.008602 seconds
Number of updated asset objects reloaded before import = 0Number of asset objects unloaded after import = 0

========================================================================
Received Import Request.
  Time since last request: 0.000027 seconds.
  path: Packages/com.unity.render-pipelines.core/Runtime/Utilities/HaltonSequence.cs
  artifactKey: Guid(4c45974a160f56c4c8d8ed0373c53ef5) Importer(2089858483,b0f066a214c2f5e87bad3c948f4d605d)
Start importing Packages/com.unity.render-pipelines.core/Runtime/Utilities/HaltonSequence.cs using Guid(4c45974a160f56c4c8d8ed0373c53ef5) Importer(2089858483,b0f066a214c2f5e87bad3c948f4d605d) (ScriptedImporter) -> (artifact id: '8042b4d7d277d9b1cce6ca8c14278276') in 0.0075432 seconds
Number of updated asset objects reloaded before import = 0Number of asset objects unloaded after import = 0

========================================================================
Received Import Request.
  Time since last request: 0.000035 seconds.
  path: Packages/com.unity.render-pipelines.core/Runtime/Upscaling/Upscaling.cs
  artifactKey: Guid(89581a153029901419c003d693ca36a6) Importer(2089858483,b0f066a214c2f5e87bad3c948f4d605d)
Start importing Packages/com.unity.render-pipelines.core/Runtime/Upscaling/Upscaling.cs using Guid(89581a153029901419c003d693ca36a6) Importer(2089858483,b0f066a214c2f5e87bad3c948f4d605d) (ScriptedImporter) -> (artifact id: '656ed736816dea4a4dfc625b47c2ce08') in 0.0087463 seconds
Number of updated asset objects reloaded before import = 0Number of asset objects unloaded after import = 0

========================================================================
Received Import Request.
  Time since last request: 0.000037 seconds.
  path: Packages/com.unity.render-pipelines.core/Runtime/PostProcessing/LensFlareOcclusionPermutation.cs
  artifactKey: Guid(96120271267b5eb42bfbd64422b10352) Importer(2089858483,b0f066a214c2f5e87bad3c948f4d605d)
Start importing Packages/com.unity.render-pipelines.core/Runtime/PostProcessing/LensFlareOcclusionPermutation.cs using Guid(96120271267b5eb42bfbd64422b10352) Importer(2089858483,b0f066a214c2f5e87bad3c948f4d605d) (ScriptedImporter) -> (artifact id: 'ee6f857d8ed4e3985d50dc4a17802a38') in 0.0116446 seconds
Number of updated asset objects reloaded before import = 0Number of asset objects unloaded after import = 0

========================================================================
Received Import Request.
  Time since last request: 0.000027 seconds.
  path: Packages/com.unity.render-pipelines.core/ShaderLibrary/TextureXR.hlsl
  artifactKey: Guid(33098eef498723540b0b7705cf69a338) Importer(2089858483,b0f066a214c2f5e87bad3c948f4d605d)
Start importing Packages/com.unity.render-pipelines.core/ShaderLibrary/TextureXR.hlsl using Guid(33098eef498723540b0b7705cf69a338) Importer(2089858483,b0f066a214c2f5e87bad3c948f4d605d) (ScriptedImporter) -> (artifact id: '81b4ae1937649cfaf5e1b35ee9749e7d') in 0.0085918 seconds
Number of updated asset objects reloaded before import = 0Number of asset objects unloaded after import = 1

========================================================================
Received Import Request.
  Time since last request: 0.000025 seconds.
  path: Packages/com.unity.render-pipelines.core/Editor/Lighting/CoreLightEditorUtilities.cs
  artifactKey: Guid(430e769b36b6f62439bef2eb5c3eaf79) Importer(2089858483,b0f066a214c2f5e87bad3c948f4d605d)
Start importing Packages/com.unity.render-pipelines.core/Editor/Lighting/CoreLightEditorUtilities.cs using Guid(430e769b36b6f62439bef2eb5c3eaf79) Importer(2089858483,b0f066a214c2f5e87bad3c948f4d605d) (ScriptedImporter) -> (artifact id: '0a374ade954e76b4cc39d304849ff76e') in 0.007871 seconds
Number of updated asset objects reloaded before import = 0Number of asset objects unloaded after import = 0

========================================================================
Received Import Request.
  Time since last request: 0.000046 seconds.
  path: Packages/com.unity.searcher/LICENSE.md
  artifactKey: Guid(200891d0445794843bffcc351163c84c) Importer(2089858483,b0f066a214c2f5e87bad3c948f4d605d)
Start importing Packages/com.unity.searcher/LICENSE.md using Guid(200891d0445794843bffcc351163c84c) Importer(2089858483,b0f066a214c2f5e87bad3c948f4d605d) (ScriptedImporter) -> (artifact id: 'c74073d0ec8a4b3bd81462e99f913551') in 0.0093123 seconds
Number of updated asset objects reloaded before import = 0Number of asset objects unloaded after import = 1

========================================================================
Received Import Request.
  Time since last request: 0.000026 seconds.
  path: Packages/com.unity.2d.common/Editor/DebugTools/PlayerLoopInspector.cs
  artifactKey: Guid(90f8cb564e79431284c8c2871d2c664a) Importer(2089858483,b0f066a214c2f5e87bad3c948f4d605d)
Start importing Packages/com.unity.2d.common/Editor/DebugTools/PlayerLoopInspector.cs using Guid(90f8cb564e79431284c8c2871d2c664a) Importer(2089858483,b0f066a214c2f5e87bad3c948f4d605d) (ScriptedImporter) -> (artifact id: 'ec090e92b383e5e156ccc6d5e5fada81') in 0.0092356 seconds
Number of updated asset objects reloaded before import = 0Number of asset objects unloaded after import = 0

========================================================================
Received Import Request.
  Time since last request: 0.000028 seconds.
  path: Packages/com.unity.2d.common/Path/Editor/EditablePath/ControlPoint.cs
  artifactKey: Guid(ce71c4f9a16784c6db4ac87b1e19c74a) Importer(2089858483,b0f066a214c2f5e87bad3c948f4d605d)
Start importing Packages/com.unity.2d.common/Path/Editor/EditablePath/ControlPoint.cs using Guid(ce71c4f9a16784c6db4ac87b1e19c74a) Importer(2089858483,b0f066a214c2f5e87bad3c948f4d605d) (ScriptedImporter) -> (artifact id: '73a6513ddef1977536b54bf233055baf') in 0.0064496 seconds
Number of updated asset objects reloaded before import = 0Number of asset objects unloaded after import = 0

========================================================================
Received Import Request.
  Time since last request: 0.000053 seconds.
  path: Packages/com.unity.render-pipelines.core/Editor/Utilities/TimedScope.cs
  artifactKey: Guid(a93fadbee2eb1eb4d96832313dda4a94) Importer(2089858483,b0f066a214c2f5e87bad3c948f4d605d)
Start importing Packages/com.unity.render-pipelines.core/Editor/Utilities/TimedScope.cs using Guid(a93fadbee2eb1eb4d96832313dda4a94) Importer(2089858483,b0f066a214c2f5e87bad3c948f4d605d) (ScriptedImporter) -> (artifact id: '3188e0d1e432f551ddb5cb258db390c2') in 0.0078109 seconds
Number of updated asset objects reloaded before import = 0Number of asset objects unloaded after import = 0

========================================================================
Received Import Request.
  Time since last request: 0.000047 seconds.
  path: Packages/com.unity.render-pipelines.core/Runtime/UnifiedRayTracing/FetchGeometry.hlsl
  artifactKey: Guid(8089a70b4819c714295530d5e01d5d36) Importer(2089858483,b0f066a214c2f5e87bad3c948f4d605d)
Start importing Packages/com.unity.render-pipelines.core/Runtime/UnifiedRayTracing/FetchGeometry.hlsl using Guid(8089a70b4819c714295530d5e01d5d36) Importer(2089858483,b0f066a214c2f5e87bad3c948f4d605d) (ScriptedImporter) -> (artifact id: '693302188f4204721b73ef5b26fe73fa') in 0.009769 seconds
Number of updated asset objects reloaded before import = 0Number of asset objects unloaded after import = 1

========================================================================
Received Import Request.
  Time since last request: 0.000026 seconds.
  path: Packages/com.unity.searcher/Editor/Resources/FlatSkin/Font/Roboto-Light.ttf
  artifactKey: Guid(2a29e27936eb547458f646f71125b264) Importer(2089858483,b0f066a214c2f5e87bad3c948f4d605d)
Start importing Packages/com.unity.searcher/Editor/Resources/FlatSkin/Font/Roboto-Light.ttf using Guid(2a29e27936eb547458f646f71125b264) Importer(2089858483,b0f066a214c2f5e87bad3c948f4d605d) (ScriptedImporter) -> (artifact id: '688a54587b0d96c84c00f9cf1b3fc6b7') in 0.0127786 seconds
Number of updated asset objects reloaded before import = 0Number of asset objects unloaded after import = 3

========================================================================
Received Import Request.
  Time since last request: 0.000041 seconds.
  path: Packages/com.unity.render-pipelines.core/Runtime/XR/XRGraphicsAutomatedTests.cs
  artifactKey: Guid(a88e3e436344c9246acd63d2edca6fdf) Importer(2089858483,b0f066a214c2f5e87bad3c948f4d605d)
Start importing Packages/com.unity.render-pipelines.core/Runtime/XR/XRGraphicsAutomatedTests.cs using Guid(a88e3e436344c9246acd63d2edca6fdf) Importer(2089858483,b0f066a214c2f5e87bad3c948f4d605d) (ScriptedImporter) -> (artifact id: '6c634fa3ef4398d6bc2c4e3e56ba503c') in 0.0072562 seconds
Number of updated asset objects reloaded before import = 0Number of asset objects unloaded after import = 0

========================================================================
Received Import Request.
  Time since last request: 0.000024 seconds.
  path: Packages/com.unity.render-pipelines.core/Tests/Editor/DynamicArrayTests.cs
  artifactKey: Guid(2c0441c3d2890d0489e50062a48fb582) Importer(2089858483,b0f066a214c2f5e87bad3c948f4d605d)
Start importing Packages/com.unity.render-pipelines.core/Tests/Editor/DynamicArrayTests.cs using Guid(2c0441c3d2890d0489e50062a48fb582) Importer(2089858483,b0f066a214c2f5e87bad3c948f4d605d) (ScriptedImporter) -> (artifact id: 'b22c96663cba1cfbacd69f828a18cb40') in 0.0073137 seconds
Number of updated asset objects reloaded before import = 0Number of asset objects unloaded after import = 0

========================================================================
Received Import Request.
  Time since last request: 0.000028 seconds.
  path: Packages/com.unity.render-pipelines.core/Tests/Runtime/Unity.RenderPipelines.Core.Runtime.Tests.asmdef
  artifactKey: Guid(bf043f86dbf1bda4398ec83eebe40b8c) Importer(2089858483,b0f066a214c2f5e87bad3c948f4d605d)
Start importing Packages/com.unity.render-pipelines.core/Tests/Runtime/Unity.RenderPipelines.Core.Runtime.Tests.asmdef using Guid(bf043f86dbf1bda4398ec83eebe40b8c) Importer(2089858483,b0f066a214c2f5e87bad3c948f4d605d) (ScriptedImporter) -> (artifact id: 'd2663b771a73543be57dc1c78b97e768') in 0.0086107 seconds
Number of updated asset objects reloaded before import = 0Number of asset objects unloaded after import = 1

========================================================================
Received Import Request.
  Time since last request: 0.000046 seconds.
  path: Packages/com.unity.render-pipelines.core/Editor/Icons/MipLevels/d_RenderPipelineResources@128.png
  artifactKey: Guid(07d524f53c3f0a24b952dad4f0d95192) Importer(2089858483,b0f066a214c2f5e87bad3c948f4d605d)
Start importing Packages/com.unity.render-pipelines.core/Editor/Icons/MipLevels/d_RenderPipelineResources@128.png using Guid(07d524f53c3f0a24b952dad4f0d95192) Importer(2089858483,b0f066a214c2f5e87bad3c948f4d605d) (ScriptedImporter) -> (artifact id: 'e501428cc676401b176e07fea379928d') in 0.0215548 seconds
Number of updated asset objects reloaded before import = 0Number of asset objects unloaded after import = 1

========================================================================
Received Import Request.
  Time since last request: 0.000023 seconds.
  path: Packages/com.unity.render-pipelines.core/ShaderLibrary/API/Validate.hlsl
  artifactKey: Guid(30ba55673585a6e4f9afd796eb8b170e) Importer(2089858483,b0f066a214c2f5e87bad3c948f4d605d)
Start importing Packages/com.unity.render-pipelines.core/ShaderLibrary/API/Validate.hlsl using Guid(30ba55673585a6e4f9afd796eb8b170e) Importer(2089858483,b0f066a214c2f5e87bad3c948f4d605d) (ScriptedImporter) -> (artifact id: '9c169bcb484ba16602a5ab51cd82d963') in 0.0074791 seconds
Number of updated asset objects reloaded before import = 0Number of asset objects unloaded after import = 1

========================================================================
Received Import Request.
  Time since last request: 0.000030 seconds.
  path: Packages/com.unity.render-pipelines.core/Editor/Icons/MipLevels/d_VolumeProfile@256.png
  artifactKey: Guid(e9cd351a12d48ed4caa2d4ed2d8f02b8) Importer(2089858483,b0f066a214c2f5e87bad3c948f4d605d)
Start importing Packages/com.unity.render-pipelines.core/Editor/Icons/MipLevels/d_VolumeProfile@256.png using Guid(e9cd351a12d48ed4caa2d4ed2d8f02b8) Importer(2089858483,b0f066a214c2f5e87bad3c948f4d605d) (ScriptedImporter) -> (artifact id: '72e4e1e59ffcca32e70827928125384f') in 0.0235116 seconds
Number of updated asset objects reloaded before import = 0Number of asset objects unloaded after import = 1

========================================================================
Received Import Request.
  Time since last request: 0.000038 seconds.
  path: Packages/com.unity.render-pipelines.core/Tests/Editor/RenderGraph.ComputeGraphHash.cs
  artifactKey: Guid(42aa68c398a54080bb27754435687636) Importer(2089858483,b0f066a214c2f5e87bad3c948f4d605d)
Start importing Packages/com.unity.render-pipelines.core/Tests/Editor/RenderGraph.ComputeGraphHash.cs using Guid(42aa68c398a54080bb27754435687636) Importer(2089858483,b0f066a214c2f5e87bad3c948f4d605d) (ScriptedImporter) -> (artifact id: '02768cd5fdd511c1adee87dd8ef5e6f4') in 0.0093664 seconds
Number of updated asset objects reloaded before import = 0Number of asset objects unloaded after import = 0

========================================================================
Received Import Request.
  Time since last request: 0.000024 seconds.
  path: Packages/com.unity.render-pipelines.core/Editor/CommandBuffers/CommandBufferGenerator/CommandBufferGenerator.cs
  artifactKey: Guid(8a059bee53a757a408e35c70e82ac2fb) Importer(2089858483,b0f066a214c2f5e87bad3c948f4d605d)
Start importing Packages/com.unity.render-pipelines.core/Editor/CommandBuffers/CommandBufferGenerator/CommandBufferGenerator.cs using Guid(8a059bee53a757a408e35c70e82ac2fb) Importer(2089858483,b0f066a214c2f5e87bad3c948f4d605d) (ScriptedImporter) -> (artifact id: '70030f4957ef78c4343be4b0e1b17719') in 0.0113908 seconds
Number of updated asset objects reloaded before import = 0Number of asset objects unloaded after import = 0

========================================================================
Received Import Request.
  Time since last request: 0.000032 seconds.
  path: Packages/com.unity.render-pipelines.core/ShaderLibrary/Sampling/SampleUVMappingInternal.hlsl
  artifactKey: Guid(01b8f0e33ff01164da19412b5fbdc7d4) Importer(2089858483,b0f066a214c2f5e87bad3c948f4d605d)
Start importing Packages/com.unity.render-pipelines.core/ShaderLibrary/Sampling/SampleUVMappingInternal.hlsl using Guid(01b8f0e33ff01164da19412b5fbdc7d4) Importer(2089858483,b0f066a214c2f5e87bad3c948f4d605d) (ScriptedImporter) -> (artifact id: 'adfb69c4eb6faa1ee3ac9a5db3df7a42') in 0.0074626 seconds
Number of updated asset objects reloaded before import = 0Number of asset objects unloaded after import = 1

========================================================================
Received Import Request.
  Time since last request: 0.000038 seconds.
  path: Packages/com.unity.render-pipelines.core/Editor/Icons/MipLevels/d_Volume@64.png
  artifactKey: Guid(aca45e74fd5117e499180b8f31d39395) Importer(2089858483,b0f066a214c2f5e87bad3c948f4d605d)
Start importing Packages/com.unity.render-pipelines.core/Editor/Icons/MipLevels/d_Volume@64.png using Guid(aca45e74fd5117e499180b8f31d39395) Importer(2089858483,b0f066a214c2f5e87bad3c948f4d605d) (ScriptedImporter) -> (artifact id: '717077009bff8ecd07e2ea9a0b0337d9') in 0.0196561 seconds
Number of updated asset objects reloaded before import = 0Number of asset objects unloaded after import = 1

========================================================================
Received Import Request.
  Time since last request: 0.000025 seconds.
  path: Packages/com.unity.render-pipelines.core/Runtime/XR/XRBuiltinShaderConstants.cs
  artifactKey: Guid(5686dd9517f0d754da1a4a1a57784781) Importer(2089858483,b0f066a214c2f5e87bad3c948f4d605d)
Start importing Packages/com.unity.render-pipelines.core/Runtime/XR/XRBuiltinShaderConstants.cs using Guid(5686dd9517f0d754da1a4a1a57784781) Importer(2089858483,b0f066a214c2f5e87bad3c948f4d605d) (ScriptedImporter) -> (artifact id: '62a741fdd32270697bb80ac75a61ba0a') in 0.0096496 seconds
Number of updated asset objects reloaded before import = 0Number of asset objects unloaded after import = 0

========================================================================
Received Import Request.
  Time since last request: 0.000027 seconds.
  path: Packages/com.unity.render-pipelines.core/Tests/Runtime/ContextContainerTests.cs
  artifactKey: Guid(ff33f91d01e0f9f4d90c5619e5e2b70e) Importer(2089858483,b0f066a214c2f5e87bad3c948f4d605d)
Start importing Packages/com.unity.render-pipelines.core/Tests/Runtime/ContextContainerTests.cs using Guid(ff33f91d01e0f9f4d90c5619e5e2b70e) Importer(2089858483,b0f066a214c2f5e87bad3c948f4d605d) (ScriptedImporter) -> (artifact id: 'a9f253f51b77497a198e07470b2a816e') in 0.0061968 seconds
Number of updated asset objects reloaded before import = 0Number of asset objects unloaded after import = 0

========================================================================
Received Import Request.
  Time since last request: 0.000043 seconds.
  path: Packages/com.unity.render-pipelines.core/Runtime/XR/XRView.cs
  artifactKey: Guid(c8920a8121c6f154b97d56f966d3c4d1) Importer(2089858483,b0f066a214c2f5e87bad3c948f4d605d)
Start importing Packages/com.unity.render-pipelines.core/Runtime/XR/XRView.cs using Guid(c8920a8121c6f154b97d56f966d3c4d1) Importer(2089858483,b0f066a214c2f5e87bad3c948f4d605d) (ScriptedImporter) -> (artifact id: '57ea192a47e3a672481d682d9fd99ade') in 0.0070603 seconds
Number of updated asset objects reloaded before import = 0Number of asset objects unloaded after import = 0

========================================================================
Received Import Request.
  Time since last request: 0.000027 seconds.
  path: Packages/com.unity.render-pipelines.core/Editor/Icons/MipLevels/RenderPipelineResources@32.png
  artifactKey: Guid(39013bef60270164e94ccd21c1edb486) Importer(2089858483,b0f066a214c2f5e87bad3c948f4d605d)
Start importing Packages/com.unity.render-pipelines.core/Editor/Icons/MipLevels/RenderPipelineResources@32.png using Guid(39013bef60270164e94ccd21c1edb486) Importer(2089858483,b0f066a214c2f5e87bad3c948f4d605d) (ScriptedImporter) -> (artifact id: 'f8775dc993507f14a84a6c9a63edba41') in 0.0188178 seconds
Number of updated asset objects reloaded before import = 0Number of asset objects unloaded after import = 1

========================================================================
Received Import Request.
  Time since last request: 0.000030 seconds.
  path: Packages/com.unity.render-pipelines.core/Editor/Icons/MipLevels/VolumeProfile@128.png
  artifactKey: Guid(13d6273ce5597af4f841001aa751c423) Importer(2089858483,b0f066a214c2f5e87bad3c948f4d605d)
Start importing Packages/com.unity.render-pipelines.core/Editor/Icons/MipLevels/VolumeProfile@128.png using Guid(13d6273ce5597af4f841001aa751c423) Importer(2089858483,b0f066a214c2f5e87bad3c948f4d605d) (ScriptedImporter) -> (artifact id: 'eca9db186c3bd8e7ebd57ccadbe24b49') in 0.0221919 seconds
Number of updated asset objects reloaded before import = 0Number of asset objects unloaded after import = 1

========================================================================
Received Import Request.
  Time since last request: 0.000043 seconds.
  path: Packages/com.unity.render-pipelines.core/ShaderLibrary/API/WebGPU.hlsl
  artifactKey: Guid(e0badbba7ccb42748817520dc250e720) Importer(2089858483,b0f066a214c2f5e87bad3c948f4d605d)
Start importing Packages/com.unity.render-pipelines.core/ShaderLibrary/API/WebGPU.hlsl using Guid(e0badbba7ccb42748817520dc250e720) Importer(2089858483,b0f066a214c2f5e87bad3c948f4d605d) (ScriptedImporter) -> (artifact id: 'b9ce10d9e2ee55fd616800e4a05543b2') in 0.0082986 seconds
Number of updated asset objects reloaded before import = 0Number of asset objects unloaded after import = 1

========================================================================
Received Import Request.
  Time since last request: 0.000026 seconds.
  path: Packages/com.unity.render-pipelines.core/Tests/Editor/InputRegisteringTests.cs
  artifactKey: Guid(dd586e92a1d94555961c28634174b450) Importer(2089858483,b0f066a214c2f5e87bad3c948f4d605d)
Start importing Packages/com.unity.render-pipelines.core/Tests/Editor/InputRegisteringTests.cs using Guid(dd586e92a1d94555961c28634174b450) Importer(2089858483,b0f066a214c2f5e87bad3c948f4d605d) (ScriptedImporter) -> (artifact id: '53fc776ab1b4a38878d9118d62c38087') in 0.0074952 seconds
Number of updated asset objects reloaded before import = 0Number of asset objects unloaded after import = 0

========================================================================
Received Import Request.
  Time since last request: 0.000061 seconds.
  path: Packages/com.unity.render-pipelines.core/Editor/RenderGraph/RenderGraphViewer.cs
  artifactKey: Guid(84ea5d606d0d22a488a9047cff058078) Importer(2089858483,b0f066a214c2f5e87bad3c948f4d605d)
Start importing Packages/com.unity.render-pipelines.core/Editor/RenderGraph/RenderGraphViewer.cs using Guid(84ea5d606d0d22a488a9047cff058078) Importer(2089858483,b0f066a214c2f5e87bad3c948f4d605d) (ScriptedImporter) -> (artifact id: '9588ae49c7c1a1b4410e59f0226f47ae') in 0.0061909 seconds
Number of updated asset objects reloaded before import = 0Number of asset objects unloaded after import = 0

========================================================================
Received Import Request.
  Time since last request: 0.000032 seconds.
  path: Packages/com.unity.2d.common/Path/Editor/IMGUI/GUIFramework/GenericControl.cs
  artifactKey: Guid(b0aedd6e13d9547d8a6466871d50e22e) Importer(2089858483,b0f066a214c2f5e87bad3c948f4d605d)
Start importing Packages/com.unity.2d.common/Path/Editor/IMGUI/GUIFramework/GenericControl.cs using Guid(b0aedd6e13d9547d8a6466871d50e22e) Importer(2089858483,b0f066a214c2f5e87bad3c948f4d605d) (ScriptedImporter) -> (artifact id: '9c49ed00c97b76929299fccd7216616a') in 0.0107827 seconds
Number of updated asset objects reloaded before import = 0Number of asset objects unloaded after import = 0

========================================================================
Received Import Request.
  Time since last request: 0.000027 seconds.
  path: Packages/com.unity.2d.common/Editor/ImagePacker/ImagePackerDebugEditor.cs
  artifactKey: Guid(13c5c1934f6f927419763b01ff95ed74) Importer(2089858483,b0f066a214c2f5e87bad3c948f4d605d)
Start importing Packages/com.unity.2d.common/Editor/ImagePacker/ImagePackerDebugEditor.cs using Guid(13c5c1934f6f927419763b01ff95ed74) Importer(2089858483,b0f066a214c2f5e87bad3c948f4d605d) (ScriptedImporter) -> (artifact id: '4d1303fde2d427eff5e66a0f007bd33f') in 0.0084217 seconds
Number of updated asset objects reloaded before import = 0Number of asset objects unloaded after import = 0

========================================================================
Received Import Request.
  Time since last request: 0.000037 seconds.
  path: Packages/com.unity.render-pipelines.core/Editor/Volume/VolumeComponentListEditor.cs
  artifactKey: Guid(f3ec0801d05bcb24c8a404d62f357d9c) Importer(2089858483,b0f066a214c2f5e87bad3c948f4d605d)
Start importing Packages/com.unity.render-pipelines.core/Editor/Volume/VolumeComponentListEditor.cs using Guid(f3ec0801d05bcb24c8a404d62f357d9c) Importer(2089858483,b0f066a214c2f5e87bad3c948f4d605d) (ScriptedImporter) -> (artifact id: '7ab4b50223ad02a53c08e30a9941c839') in 0.0090796 seconds
Number of updated asset objects reloaded before import = 0Number of asset objects unloaded after import = 0

========================================================================
Received Import Request.
  Time since last request: 0.000029 seconds.
  path: Packages/com.unity.render-pipelines.core/Editor/Lighting/LightUnit/TemperatureSlider.cs
  artifactKey: Guid(ebbff026076216245a6e728a10c98c66) Importer(2089858483,b0f066a214c2f5e87bad3c948f4d605d)
Start importing Packages/com.unity.render-pipelines.core/Editor/Lighting/LightUnit/TemperatureSlider.cs using Guid(ebbff026076216245a6e728a10c98c66) Importer(2089858483,b0f066a214c2f5e87bad3c948f4d605d) (ScriptedImporter) -> (artifact id: 'aabf827e740c17b6f556be755baa89cf') in 0.0100435 seconds
Number of updated asset objects reloaded before import = 0Number of asset objects unloaded after import = 0

========================================================================
Received Import Request.
  Time since last request: 0.000031 seconds.
  path: Packages/com.unity.render-pipelines.core/Editor/Icons/RenderGraphViewer/Texture@2x.png
  artifactKey: Guid(38d7c20ac7a9de246a75479d66d518fd) Importer(2089858483,b0f066a214c2f5e87bad3c948f4d605d)
Start importing Packages/com.unity.render-pipelines.core/Editor/Icons/RenderGraphViewer/Texture@2x.png using Guid(38d7c20ac7a9de246a75479d66d518fd) Importer(2089858483,b0f066a214c2f5e87bad3c948f4d605d) (ScriptedImporter) -> (artifact id: '9c6ede680a168c4d800bd23d7d011e76') in 0.0206104 seconds
Number of updated asset objects reloaded before import = 0Number of asset objects unloaded after import = 1

========================================================================
Received Import Request.
  Time since last request: 0.000040 seconds.
  path: Packages/com.unity.render-pipelines.core/Editor/Lighting/ProbeVolume/ProbePlacement.cs
  artifactKey: Guid(5f0be4761e2343d4eaf51e4c6821776d) Importer(2089858483,b0f066a214c2f5e87bad3c948f4d605d)
Start importing Packages/com.unity.render-pipelines.core/Editor/Lighting/ProbeVolume/ProbePlacement.cs using Guid(5f0be4761e2343d4eaf51e4c6821776d) Importer(2089858483,b0f066a214c2f5e87bad3c948f4d605d) (ScriptedImporter) -> (artifact id: '16e679273fa4a8bd838cbbc1015a3b58') in 0.0150725 seconds
Number of updated asset objects reloaded before import = 0Number of asset objects unloaded after import = 0

========================================================================
Received Import Request.
  Time since last request: 0.000027 seconds.
  path: Packages/com.unity.render-pipelines.core/Editor/Lighting/Icons/d_LightPlacement_Icon.png
  artifactKey: Guid(518057398db7dd043928f01f4fbad1b9) Importer(2089858483,b0f066a214c2f5e87bad3c948f4d605d)
Start importing Packages/com.unity.render-pipelines.core/Editor/Lighting/Icons/d_LightPlacement_Icon.png using Guid(518057398db7dd043928f01f4fbad1b9) Importer(2089858483,b0f066a214c2f5e87bad3c948f4d605d) (ScriptedImporter) -> (artifact id: '809cf848034183ee85529ffafe5bea3a') in 0.0162825 seconds
Number of updated asset objects reloaded before import = 0Number of asset objects unloaded after import = 1

========================================================================
Received Import Request.
  Time since last request: 0.000030 seconds.
  path: Packages/com.unity.render-pipelines.core/Editor/Icons/Processed/RenderPipelineResources Icon.asset
  artifactKey: Guid(9577fdc34c3b03242bf439342d37043b) Importer(2089858483,b0f066a214c2f5e87bad3c948f4d605d)
Start importing Packages/com.unity.render-pipelines.core/Editor/Icons/Processed/RenderPipelineResources Icon.asset using Guid(9577fdc34c3b03242bf439342d37043b) Importer(2089858483,b0f066a214c2f5e87bad3c948f4d605d) (ScriptedImporter) -> (artifact id: '2f4ddaa8656b51d647dd200461f31189') in 0.0286576 seconds
Number of updated asset objects reloaded before import = 0Number of asset objects unloaded after import = 1

========================================================================
Received Import Request.
  Time since last request: 0.000041 seconds.
  path: Packages/com.unity.render-pipelines.core/Editor/Icons/RenderGraphViewer/MemorylessTexture@2x.png
  artifactKey: Guid(ec3a3173916c141d8962a4466c366be6) Importer(2089858483,b0f066a214c2f5e87bad3c948f4d605d)
Start importing Packages/com.unity.render-pipelines.core/Editor/Icons/RenderGraphViewer/MemorylessTexture@2x.png using Guid(ec3a3173916c141d8962a4466c366be6) Importer(2089858483,b0f066a214c2f5e87bad3c948f4d605d) (ScriptedImporter) -> (artifact id: 'afe3633fb1e8b6031e2f80a26da0d8a5') in 0.0185523 seconds
Number of updated asset objects reloaded before import = 0Number of asset objects unloaded after import = 1

========================================================================
Received Import Request.
  Time since last request: 0.000032 seconds.
  path: Packages/com.unity.render-pipelines.core/Editor/Lighting/Icons/LightPlacement_Icon@32.png
  artifactKey: Guid(396033515c05b1441a3451ea18bb8e27) Importer(2089858483,b0f066a214c2f5e87bad3c948f4d605d)
Start importing Packages/com.unity.render-pipelines.core/Editor/Lighting/Icons/LightPlacement_Icon@32.png using Guid(396033515c05b1441a3451ea18bb8e27) Importer(2089858483,b0f066a214c2f5e87bad3c948f4d605d) (ScriptedImporter) -> (artifact id: '0d2353227a73a4b073ec2cb771f45037') in 0.0230988 seconds
Number of updated asset objects reloaded before import = 0Number of asset objects unloaded after import = 1

========================================================================
Received Import Request.
  Time since last request: 0.000041 seconds.
  path: Packages/com.unity.render-pipelines.core/Editor/Icons/RenderGraphViewer/d_MemorylessTexture@2x.png
  artifactKey: Guid(e813aef83a70543b79d435ef65ec86ee) Importer(2089858483,b0f066a214c2f5e87bad3c948f4d605d)
Start importing Packages/com.unity.render-pipelines.core/Editor/Icons/RenderGraphViewer/d_MemorylessTexture@2x.png using Guid(e813aef83a70543b79d435ef65ec86ee) Importer(2089858483,b0f066a214c2f5e87bad3c948f4d605d) (ScriptedImporter) -> (artifact id: 'b1a614836aed08aa80980009f8f907df') in 0.0190588 seconds
Number of updated asset objects reloaded before import = 0Number of asset objects unloaded after import = 1

========================================================================
Received Import Request.
  Time since last request: 0.000027 seconds.
  path: Packages/com.unity.render-pipelines.core/Editor/Icons/RenderGraphViewer/d_AccelerationStructure@2x.png
  artifactKey: Guid(ed7bb161ec84da2458e0b8730958a76a) Importer(2089858483,b0f066a214c2f5e87bad3c948f4d605d)
Start importing Packages/com.unity.render-pipelines.core/Editor/Icons/RenderGraphViewer/d_AccelerationStructure@2x.png using Guid(ed7bb161ec84da2458e0b8730958a76a) Importer(2089858483,b0f066a214c2f5e87bad3c948f4d605d) (ScriptedImporter) -> (artifact id: '9c1208f3db344c74976269ce11dcf2dd') in 0.0165012 seconds
Number of updated asset objects reloaded before import = 0Number of asset objects unloaded after import = 1

========================================================================
Received Import Request.
  Time since last request: 0.000148 seconds.
  path: Packages/com.unity.render-pipelines.core/Editor/Lighting/Icons/d_LightPlacement_Icon On.png
  artifactKey: Guid(1d70e8f2a6df91f46a8e5b4f2378c8bc) Importer(2089858483,b0f066a214c2f5e87bad3c948f4d605d)
Start importing Packages/com.unity.render-pipelines.core/Editor/Lighting/Icons/d_LightPlacement_Icon On.png using Guid(1d70e8f2a6df91f46a8e5b4f2378c8bc) Importer(2089858483,b0f066a214c2f5e87bad3c948f4d605d) (ScriptedImporter) -> (artifact id: '0a6e69a181ed3b88c882d5d354397404') in 0.0178072 seconds
Number of updated asset objects reloaded before import = 0Number of asset objects unloaded after import = 1

========================================================================
Received Import Request.
  Time since last request: 0.000042 seconds.
  path: Packages/com.unity.render-pipelines.core/Editor/Lighting/Icons/d_LightPlacement_Icon On@64.png
  artifactKey: Guid(304e9d79c27b32144a95e43dc6da80a2) Importer(2089858483,b0f066a214c2f5e87bad3c948f4d605d)
Start importing Packages/com.unity.render-pipelines.core/Editor/Lighting/Icons/d_LightPlacement_Icon On@64.png using Guid(304e9d79c27b32144a95e43dc6da80a2) Importer(2089858483,b0f066a214c2f5e87bad3c948f4d605d) (ScriptedImporter) -> (artifact id: '7844a8742abd478f261edd59957bd9d9') in 0.0267025 seconds
Number of updated asset objects reloaded before import = 0Number of asset objects unloaded after import = 1

========================================================================
Received Import Request.
  Time since last request: 0.000029 seconds.
  path: Packages/com.unity.render-pipelines.core/Editor/Icons/RenderGraphViewer/PassInspector@2x.png
  artifactKey: Guid(881eb9c95b9a018479a89b9218d61928) Importer(2089858483,b0f066a214c2f5e87bad3c948f4d605d)
Start importing Packages/com.unity.render-pipelines.core/Editor/Icons/RenderGraphViewer/PassInspector@2x.png using Guid(881eb9c95b9a018479a89b9218d61928) Importer(2089858483,b0f066a214c2f5e87bad3c948f4d605d) (ScriptedImporter) -> (artifact id: '29483b3d65bc140bace97d199355e9a4') in 0.0263256 seconds
Number of updated asset objects reloaded before import = 0Number of asset objects unloaded after import = 1

========================================================================
Received Import Request.
  Time since last request: 0.000041 seconds.
  path: Packages/com.unity.render-pipelines.core/Editor/Lighting/ProbeVolume/ProbeGIBaking.VirtualOffset.cs
  artifactKey: Guid(8b021bb2627b0d14789d013709bc3d15) Importer(2089858483,b0f066a214c2f5e87bad3c948f4d605d)
Start importing Packages/com.unity.render-pipelines.core/Editor/Lighting/ProbeVolume/ProbeGIBaking.VirtualOffset.cs using Guid(8b021bb2627b0d14789d013709bc3d15) Importer(2089858483,b0f066a214c2f5e87bad3c948f4d605d) (ScriptedImporter) -> (artifact id: 'ee4fd931d0d01cc857b00af099d2969a') in 0.0070674 seconds
Number of updated asset objects reloaded before import = 0Number of asset objects unloaded after import = 0

========================================================================
Received Import Request.
  Time since last request: 0.000028 seconds.
  path: Packages/com.unity.render-pipelines.core/Editor/Lighting/Icons/PresetRim_Right.png
  artifactKey: Guid(1deb07c84dc414b4388bf2970d0c9aef) Importer(2089858483,b0f066a214c2f5e87bad3c948f4d605d)
Start importing Packages/com.unity.render-pipelines.core/Editor/Lighting/Icons/PresetRim_Right.png using Guid(1deb07c84dc414b4388bf2970d0c9aef) Importer(2089858483,b0f066a214c2f5e87bad3c948f4d605d) (ScriptedImporter) -> (artifact id: 'a4d727dc31fbeba35aa95f31b06587b4') in 0.0179969 seconds
Number of updated asset objects reloaded before import = 0Number of asset objects unloaded after import = 1

========================================================================
Received Import Request.
  Time since last request: 0.000026 seconds.
  path: Packages/com.unity.render-pipelines.core/Editor/Icons/RenderGraphViewer/d_Buffer@2x.png
  artifactKey: Guid(5b418afba2ea4e542bbc80b91d784d20) Importer(2089858483,b0f066a214c2f5e87bad3c948f4d605d)
Start importing Packages/com.unity.render-pipelines.core/Editor/Icons/RenderGraphViewer/d_Buffer@2x.png using Guid(5b418afba2ea4e542bbc80b91d784d20) Importer(2089858483,b0f066a214c2f5e87bad3c948f4d605d) (ScriptedImporter) -> (artifact id: 'bb06b1cb8fa3ad39a392005bd5c099ae') in 0.0173606 seconds
Number of updated asset objects reloaded before import = 0Number of asset objects unloaded after import = 1

========================================================================
Received Import Request.
  Time since last request: 0.000043 seconds.
  path: Packages/com.unity.render-pipelines.core/Editor/LookDev/Icons/Layout1@2x.png
  artifactKey: Guid(8263f1f26524404498d51bfe0b819925) Importer(2089858483,b0f066a214c2f5e87bad3c948f4d605d)
Start importing Packages/com.unity.render-pipelines.core/Editor/LookDev/Icons/Layout1@2x.png using Guid(8263f1f26524404498d51bfe0b819925) Importer(2089858483,b0f066a214c2f5e87bad3c948f4d605d) (ScriptedImporter) -> (artifact id: 'e79ae65ae16d7d8b5a6007ab9a4bd188') in 0.0192835 seconds
Number of updated asset objects reloaded before import = 0Number of asset objects unloaded after import = 3

========================================================================
Received Import Request.
  Time since last request: 0.000055 seconds.
  path: Packages/com.unity.render-pipelines.core/Editor/LookDev/Icons/Camera2@2x.png
  artifactKey: Guid(28f2917353630ce4fa307eeceadcd26d) Importer(2089858483,b0f066a214c2f5e87bad3c948f4d605d)
Start importing Packages/com.unity.render-pipelines.core/Editor/LookDev/Icons/Camera2@2x.png using Guid(28f2917353630ce4fa307eeceadcd26d) Importer(2089858483,b0f066a214c2f5e87bad3c948f4d605d) (ScriptedImporter) -> (artifact id: 'd2c5031c80bc44ca0b3dc44466d121e2') in 0.0206259 seconds
Number of updated asset objects reloaded before import = 0Number of asset objects unloaded after import = 3

========================================================================
Received Import Request.
  Time since last request: 0.000029 seconds.
  path: Packages/com.unity.render-pipelines.core/Editor/LookDev/Icons/Camera1.png
  artifactKey: Guid(2384eb5de05269b44a58f8dd1d83d725) Importer(2089858483,b0f066a214c2f5e87bad3c948f4d605d)
Start importing Packages/com.unity.render-pipelines.core/Editor/LookDev/Icons/Camera1.png using Guid(2384eb5de05269b44a58f8dd1d83d725) Importer(2089858483,b0f066a214c2f5e87bad3c948f4d605d) (ScriptedImporter) -> (artifact id: '894641d75c2a311e089adbddcc4df5ea') in 0.0223255 seconds
Number of updated asset objects reloaded before import = 0Number of asset objects unloaded after import = 3

========================================================================
Received Import Request.
  Time since last request: 0.000042 seconds.
  path: Packages/com.unity.render-pipelines.core/Editor/LookDev/Icons/LayoutHorizontal@2x.png
  artifactKey: Guid(f3fe1e478135ed34db9a1f6707f52c6a) Importer(2089858483,b0f066a214c2f5e87bad3c948f4d605d)
Start importing Packages/com.unity.render-pipelines.core/Editor/LookDev/Icons/LayoutHorizontal@2x.png using Guid(f3fe1e478135ed34db9a1f6707f52c6a) Importer(2089858483,b0f066a214c2f5e87bad3c948f4d605d) (ScriptedImporter) -> (artifact id: 'a3f3a340e49922bde63690a7e49aa3e2') in 0.0202816 seconds
Number of updated asset objects reloaded before import = 0Number of asset objects unloaded after import = 3

========================================================================
Received Import Request.
  Time since last request: 0.000026 seconds.
  path: Packages/com.unity.render-pipelines.core/Editor/LookDev/Icons/d_SunPosition.png
  artifactKey: Guid(cc99218b39d91f84e9a26fac406c07e7) Importer(2089858483,b0f066a214c2f5e87bad3c948f4d605d)
Start importing Packages/com.unity.render-pipelines.core/Editor/LookDev/Icons/d_SunPosition.png using Guid(cc99218b39d91f84e9a26fac406c07e7) Importer(2089858483,b0f066a214c2f5e87bad3c948f4d605d) (ScriptedImporter) -> (artifact id: '3e2c5718a6c7f5bd41decbe3afd427fe') in 0.018041 seconds
Number of updated asset objects reloaded before import = 0Number of asset objects unloaded after import = 3

========================================================================
Received Import Request.
  Time since last request: 0.000024 seconds.
  path: Packages/com.unity.render-pipelines.core/Editor/LookDev/Icons/d_renderdoc.png
  artifactKey: Guid(cbe929948d88af7409a05054bc8187c7) Importer(2089858483,b0f066a214c2f5e87bad3c948f4d605d)
Start importing Packages/com.unity.render-pipelines.core/Editor/LookDev/Icons/d_renderdoc.png using Guid(cbe929948d88af7409a05054bc8187c7) Importer(2089858483,b0f066a214c2f5e87bad3c948f4d605d) (ScriptedImporter) -> (artifact id: '9ea6d5e74e7409328a9bbead9d2a6b1c') in 0.018961 seconds
Number of updated asset objects reloaded before import = 0Number of asset objects unloaded after import = 3

========================================================================
Received Import Request.
  Time since last request: 0.000044 seconds.
  path: Packages/com.unity.render-pipelines.core/Editor/LookDev/Icons/LayoutCustom.png
  artifactKey: Guid(1cc4a70085896c04bbfbf60669963fc8) Importer(2089858483,b0f066a214c2f5e87bad3c948f4d605d)
Start importing Packages/com.unity.render-pipelines.core/Editor/LookDev/Icons/LayoutCustom.png using Guid(1cc4a70085896c04bbfbf60669963fc8) Importer(2089858483,b0f066a214c2f5e87bad3c948f4d605d) (ScriptedImporter) -> (artifact id: 'd700a724d0f64940d1620bf3e81f293f') in 0.0287843 seconds
Number of updated asset objects reloaded before import = 0Number of asset objects unloaded after import = 3

========================================================================
Received Import Request.
  Time since last request: 0.000026 seconds.
  path: Packages/com.unity.render-pipelines.core/Editor/LookDev/Icons/Add@2x.png
  artifactKey: Guid(79aba0b290c471c4ba3d3f818d4e9b15) Importer(2089858483,b0f066a214c2f5e87bad3c948f4d605d)
Start importing Packages/com.unity.render-pipelines.core/Editor/LookDev/Icons/Add@2x.png using Guid(79aba0b290c471c4ba3d3f818d4e9b15) Importer(2089858483,b0f066a214c2f5e87bad3c948f4d605d) (ScriptedImporter) -> (artifact id: 'ec575737e848a66ce81b28b4e5dc47dd') in 0.0305466 seconds
Number of updated asset objects reloaded before import = 0Number of asset objects unloaded after import = 3

========================================================================
Received Import Request.
  Time since last request: 0.000048 seconds.
  path: Packages/com.unity.render-pipelines.core/Editor/LookDev/Icons/d_Duplicate.png
  artifactKey: Guid(0d692588b1d40e9429620400bd5efe63) Importer(2089858483,b0f066a214c2f5e87bad3c948f4d605d)
Start importing Packages/com.unity.render-pipelines.core/Editor/LookDev/Icons/d_Duplicate.png using Guid(0d692588b1d40e9429620400bd5efe63) Importer(2089858483,b0f066a214c2f5e87bad3c948f4d605d) (ScriptedImporter) -> (artifact id: '7429be60e8f7b0bf78731ce7f007785f') in 0.0198495 seconds
Number of updated asset objects reloaded before import = 0Number of asset objects unloaded after import = 3

========================================================================
Received Import Request.
  Time since last request: 0.000028 seconds.
  path: Packages/com.unity.render-pipelines.core/Editor/LookDev/Icons/d_Remove@2x.png
  artifactKey: Guid(cc27e95868ab32345b74b8338c01ebed) Importer(2089858483,b0f066a214c2f5e87bad3c948f4d605d)
Start importing Packages/com.unity.render-pipelines.core/Editor/LookDev/Icons/d_Remove@2x.png using Guid(cc27e95868ab32345b74b8338c01ebed) Importer(2089858483,b0f066a214c2f5e87bad3c948f4d605d) (ScriptedImporter) -> (artifact id: '7b2ce1a1b1471a3a50f5dae2bb10f55e') in 0.0246272 seconds
Number of updated asset objects reloaded before import = 0Number of asset objects unloaded after import = 3

========================================================================
Received Import Request.
  Time since last request: 0.000029 seconds.
  path: Packages/com.unity.render-pipelines.core/Editor/LookDev/Icons/d_Rotation@2x.png
  artifactKey: Guid(db7aaa162a1a5a54b826d15b5b20fb06) Importer(2089858483,b0f066a214c2f5e87bad3c948f4d605d)
Start importing Packages/com.unity.render-pipelines.core/Editor/LookDev/Icons/d_Rotation@2x.png using Guid(db7aaa162a1a5a54b826d15b5b20fb06) Importer(2089858483,b0f066a214c2f5e87bad3c948f4d605d) (ScriptedImporter) -> (artifact id: '02ca905d71a45d8bd26b774f8f07eeb6') in 0.0191189 seconds
Number of updated asset objects reloaded before import = 0Number of asset objects unloaded after import = 3

========================================================================
Received Import Request.
  Time since last request: 0.000037 seconds.
  path: Packages/com.unity.render-pipelines.core/Editor/LookDev/Icons/d_SunPosition@2x.png
  artifactKey: Guid(ba2d3d7d05fd3e046b6d413365e9b11e) Importer(2089858483,b0f066a214c2f5e87bad3c948f4d605d)
Start importing Packages/com.unity.render-pipelines.core/Editor/LookDev/Icons/d_SunPosition@2x.png using Guid(ba2d3d7d05fd3e046b6d413365e9b11e) Importer(2089858483,b0f066a214c2f5e87bad3c948f4d605d) (ScriptedImporter) -> (artifact id: '56da43464684c3b7f29bd204018aa1d2') in 0.0230084 seconds
Number of updated asset objects reloaded before import = 0Number of asset objects unloaded after import = 3

========================================================================
Received Import Request.
  Time since last request: 0.000033 seconds.
  path: Packages/com.unity.render-pipelines.core/Editor/Icons/Processed/d_Resources Icon.asset
  artifactKey: Guid(5f91283c363fa3943844c7b87c3ce64d) Importer(2089858483,b0f066a214c2f5e87bad3c948f4d605d)
Start importing Packages/com.unity.render-pipelines.core/Editor/Icons/Processed/d_Resources Icon.asset using Guid(5f91283c363fa3943844c7b87c3ce64d) Importer(2089858483,b0f066a214c2f5e87bad3c948f4d605d) (ScriptedImporter) -> (artifact id: 'a03c1de85695f216de813f70adbfd1c4') in 0.012788 seconds
Number of updated asset objects reloaded before import = 0Number of asset objects unloaded after import = 1

========================================================================
Received Import Request.
  Time since last request: 0.000032 seconds.
  path: Packages/com.unity.render-pipelines.core/Editor/LookDev/Icons/LeftArrow@2x.png
  artifactKey: Guid(f0106cef986be534181a8582cffd29da) Importer(2089858483,b0f066a214c2f5e87bad3c948f4d605d)
Start importing Packages/com.unity.render-pipelines.core/Editor/LookDev/Icons/LeftArrow@2x.png using Guid(f0106cef986be534181a8582cffd29da) Importer(2089858483,b0f066a214c2f5e87bad3c948f4d605d) (ScriptedImporter) -> (artifact id: 'f0d3ff7ee656f03beaa527f4c59753f2') in 0.0275216 seconds
Number of updated asset objects reloaded before import = 0Number of asset objects unloaded after import = 3

========================================================================
Received Import Request.
  Time since last request: 0.000036 seconds.
  path: Packages/com.unity.render-pipelines.core/Editor/LookDev/Icons/d_LayoutVertical@2x.png
  artifactKey: Guid(472b4042959bbd844b8fd760bddd7a47) Importer(2089858483,b0f066a214c2f5e87bad3c948f4d605d)
Start importing Packages/com.unity.render-pipelines.core/Editor/LookDev/Icons/d_LayoutVertical@2x.png using Guid(472b4042959bbd844b8fd760bddd7a47) Importer(2089858483,b0f066a214c2f5e87bad3c948f4d605d) (ScriptedImporter) -> (artifact id: '95124afc120c5753a0f2db963bb106fd') in 0.0256219 seconds
Number of updated asset objects reloaded before import = 0Number of asset objects unloaded after import = 3

========================================================================
Received Import Request.
  Time since last request: 0.000028 seconds.
  path: Packages/com.unity.render-pipelines.core/Runtime/Volume/Volume.cs
  artifactKey: Guid(172515602e62fb746b5d573b38a5fe58) Importer(2089858483,b0f066a214c2f5e87bad3c948f4d605d)
Start importing Packages/com.unity.render-pipelines.core/Runtime/Volume/Volume.cs using Guid(172515602e62fb746b5d573b38a5fe58) Importer(2089858483,b0f066a214c2f5e87bad3c948f4d605d) (ScriptedImporter) -> (artifact id: 'ca33194374601267404c6e1d00b816f1') in 0.0193273 seconds
Number of updated asset objects reloaded before import = 0Number of asset objects unloaded after import = 1

========================================================================
Received Import Request.
  Time since last request: 0.000155 seconds.
  path: Packages/com.unity.render-pipelines.core/Editor/Settings/RenderPipelineResourcesEditor.cs
  artifactKey: Guid(f5ff1027825046c46884c3ad73d26610) Importer(2089858483,b0f066a214c2f5e87bad3c948f4d605d)
Start importing Packages/com.unity.render-pipelines.core/Editor/Settings/RenderPipelineResourcesEditor.cs using Guid(f5ff1027825046c46884c3ad73d26610) Importer(2089858483,b0f066a214c2f5e87bad3c948f4d605d) (ScriptedImporter) -> (artifact id: '59eaf319b69bf2ad59b54396561b861e') in 0.0077544 seconds
Number of updated asset objects reloaded before import = 0Number of asset objects unloaded after import = 0

========================================================================
Received Import Request.
  Time since last request: 0.000041 seconds.
  path: Packages/com.unity.render-pipelines.core/Editor/Icons/Processed/d_RenderPipelineResources Icon.asset
  artifactKey: Guid(f6437d4e6a2f10345a40803d33f489bf) Importer(2089858483,b0f066a214c2f5e87bad3c948f4d605d)
Start importing Packages/com.unity.render-pipelines.core/Editor/Icons/Processed/d_RenderPipelineResources Icon.asset using Guid(f6437d4e6a2f10345a40803d33f489bf) Importer(2089858483,b0f066a214c2f5e87bad3c948f4d605d) (ScriptedImporter) -> (artifact id: 'd54b67bd213c9a268132159fb6797677') in 0.0219284 seconds
Number of updated asset objects reloaded before import = 0Number of asset objects unloaded after import = 1

========================================================================
Received Import Request.
  Time since last request: 0.000023 seconds.
  path: Packages/com.unity.render-pipelines.core/Editor/Tools/MaterialUpgrader/MaterialUpgrader.Utils.cs
  artifactKey: Guid(91bd3583117bf334eb9150fbfd3b22b3) Importer(2089858483,b0f066a214c2f5e87bad3c948f4d605d)
Start importing Packages/com.unity.render-pipelines.core/Editor/Tools/MaterialUpgrader/MaterialUpgrader.Utils.cs using Guid(91bd3583117bf334eb9150fbfd3b22b3) Importer(2089858483,b0f066a214c2f5e87bad3c948f4d605d) (ScriptedImporter) -> (artifact id: '5599de2248e3b4a224458dc965e24adf') in 0.0089778 seconds
Number of updated asset objects reloaded before import = 0Number of asset objects unloaded after import = 0

========================================================================
Received Import Request.
  Time since last request: 0.000031 seconds.
  path: Packages/com.unity.render-pipelines.core/Runtime/Lighting/ProbeVolume/ProbeVolumeBakingSet.Editor.cs
  artifactKey: Guid(c74704f1b85e9e94fbc165484fbf7985) Importer(2089858483,b0f066a214c2f5e87bad3c948f4d605d)
Start importing Packages/com.unity.render-pipelines.core/Runtime/Lighting/ProbeVolume/ProbeVolumeBakingSet.Editor.cs using Guid(c74704f1b85e9e94fbc165484fbf7985) Importer(2089858483,b0f066a214c2f5e87bad3c948f4d605d) (ScriptedImporter) -> (artifact id: '746b2929731696afa9faa888050de9f5') in 0.0076685 seconds
Number of updated asset objects reloaded before import = 0Number of asset objects unloaded after import = 0

========================================================================
Received Import Request.
  Time since last request: 0.000033 seconds.
  path: Packages/com.unity.render-pipelines.core/Editor/PostProcessing/LensFlareResource/LensFlareDataDrivenPreview.shader
  artifactKey: Guid(19dfbb09098c9584a83c956fbd6c5d79) Importer(2089858483,b0f066a214c2f5e87bad3c948f4d605d)
Start importing Packages/com.unity.render-pipelines.core/Editor/PostProcessing/LensFlareResource/LensFlareDataDrivenPreview.shader using Guid(19dfbb09098c9584a83c956fbd6c5d79) Importer(2089858483,b0f066a214c2f5e87bad3c948f4d605d) (ScriptedImporter) -> (artifact id: '016e7aaefbf75d3ade4fc7347f308b02') in 0.005966 seconds
Number of updated asset objects reloaded before import = 0Number of asset objects unloaded after import = 1

========================================================================
Received Import Request.
  Time since last request: 0.000018 seconds.
  path: Packages/com.unity.render-pipelines.core/Runtime/Lighting/ProbeVolume/ProbeAdjustmentVolume.deprecated.cs
  artifactKey: Guid(a91edae7e71f48b9880e1bda95128cfd) Importer(2089858483,b0f066a214c2f5e87bad3c948f4d605d)
Start importing Packages/com.unity.render-pipelines.core/Runtime/Lighting/ProbeVolume/ProbeAdjustmentVolume.deprecated.cs using Guid(a91edae7e71f48b9880e1bda95128cfd) Importer(2089858483,b0f066a214c2f5e87bad3c948f4d605d) (ScriptedImporter) -> (artifact id: 'ca12ab784e8e4c65ce9fa816ce9b76d6') in 0.0038657 seconds
Number of updated asset objects reloaded before import = 0Number of asset objects unloaded after import = 0

========================================================================
Received Import Request.
  Time since last request: 0.000022 seconds.
  path: Packages/com.unity.render-pipelines.core/Runtime/Lighting/ProbeVolume/ProbeAdjustmentVolume.cs
  artifactKey: Guid(55f90731af2ebc94fb7fdaebe2a9a409) Importer(2089858483,b0f066a214c2f5e87bad3c948f4d605d)
Start importing Packages/com.unity.render-pipelines.core/Runtime/Lighting/ProbeVolume/ProbeAdjustmentVolume.cs using Guid(55f90731af2ebc94fb7fdaebe2a9a409) Importer(2089858483,b0f066a214c2f5e87bad3c948f4d605d) (ScriptedImporter) -> (artifact id: '7239a92bd9c0937cac542f524a71df39') in 0.0048377 seconds
Number of updated asset objects reloaded before import = 0Number of asset objects unloaded after import = 0

========================================================================
Received Import Request.
  Time since last request: 0.000018 seconds.
  path: Packages/com.unity.render-pipelines.core/Runtime/GPUDriven/InstanceData/InstanceData.cs
  artifactKey: Guid(3d4a5f192498160488916c4e31a73a29) Importer(2089858483,b0f066a214c2f5e87bad3c948f4d605d)
Start importing Packages/com.unity.render-pipelines.core/Runtime/GPUDriven/InstanceData/InstanceData.cs using Guid(3d4a5f192498160488916c4e31a73a29) Importer(2089858483,b0f066a214c2f5e87bad3c948f4d605d) (ScriptedImporter) -> (artifact id: '905f54f54994518fb80ff656ea556335') in 0.0046269 seconds
Number of updated asset objects reloaded before import = 0Number of asset objects unloaded after import = 0

========================================================================
Received Import Request.
  Time since last request: 0.000018 seconds.
  path: Packages/com.unity.render-pipelines.core/Runtime/Lighting/ProbeVolume/ProbeVolumeStreamableAsset.cs
  artifactKey: Guid(e49517d863f9f844b9f192be299100c5) Importer(2089858483,b0f066a214c2f5e87bad3c948f4d605d)
Start importing Packages/com.unity.render-pipelines.core/Runtime/Lighting/ProbeVolume/ProbeVolumeStreamableAsset.cs using Guid(e49517d863f9f844b9f192be299100c5) Importer(2089858483,b0f066a214c2f5e87bad3c948f4d605d) (ScriptedImporter) -> (artifact id: '4d39eddbb595f1e365b93f82121f3ad7') in 0.0046538 seconds
Number of updated asset objects reloaded before import = 0Number of asset objects unloaded after import = 0

========================================================================
Received Import Request.
  Time since last request: 0.000032 seconds.
  path: Packages/com.unity.render-pipelines.core/Runtime/Lighting/ProbeVolume/ProbeReferenceVolume.Binding.cs
  artifactKey: Guid(c4a7a8f9379dbb4489b78bae7d001713) Importer(2089858483,b0f066a214c2f5e87bad3c948f4d605d)
Start importing Packages/com.unity.render-pipelines.core/Runtime/Lighting/ProbeVolume/ProbeReferenceVolume.Binding.cs using Guid(c4a7a8f9379dbb4489b78bae7d001713) Importer(2089858483,b0f066a214c2f5e87bad3c948f4d605d) (ScriptedImporter) -> (artifact id: '764040cf74069e1c99db2441e4ed17fa') in 0.0040215 seconds
Number of updated asset objects reloaded before import = 0Number of asset objects unloaded after import = 0

========================================================================
Received Import Request.
  Time since last request: 0.000017 seconds.
  path: Packages/com.unity.render-pipelines.core/Runtime/GPUDriven/InstanceData/InstanceWindDataUpdateDefs.cs
  artifactKey: Guid(e2393c2c53c02d24b9313fde572f87af) Importer(2089858483,b0f066a214c2f5e87bad3c948f4d605d)
Start importing Packages/com.unity.render-pipelines.core/Runtime/GPUDriven/InstanceData/InstanceWindDataUpdateDefs.cs using Guid(e2393c2c53c02d24b9313fde572f87af) Importer(2089858483,b0f066a214c2f5e87bad3c948f4d605d) (ScriptedImporter) -> (artifact id: 'd0b8a042a845aaf90f9d382bb4397345') in 0.0038849 seconds
Number of updated asset objects reloaded before import = 0Number of asset objects unloaded after import = 0

========================================================================
Received Import Request.
  Time since last request: 0.000017 seconds.
  path: Packages/com.unity.render-pipelines.core/Editor/Volume/Drawers/FloatParameterDrawer.cs
  artifactKey: Guid(f9816364c4bdf314db38db52fc67a3f2) Importer(2089858483,b0f066a214c2f5e87bad3c948f4d605d)
Start importing Packages/com.unity.render-pipelines.core/Editor/Volume/Drawers/FloatParameterDrawer.cs using Guid(f9816364c4bdf314db38db52fc67a3f2) Importer(2089858483,b0f066a214c2f5e87bad3c948f4d605d) (ScriptedImporter) -> (artifact id: 'd9be640fff4e2f21878333246b40b9d2') in 0.0036177 seconds
Number of updated asset objects reloaded before import = 0Number of asset objects unloaded after import = 0

========================================================================
Received Import Request.
  Time since last request: 0.000019 seconds.
  path: Packages/com.unity.render-pipelines.core/Runtime/Lighting/ProbeVolume/ProbeVolume.Migration.cs
  artifactKey: Guid(66d9341ed4713be40a82b8eac8efe939) Importer(2089858483,b0f066a214c2f5e87bad3c948f4d605d)
Start importing Packages/com.unity.render-pipelines.core/Runtime/Lighting/ProbeVolume/ProbeVolume.Migration.cs using Guid(66d9341ed4713be40a82b8eac8efe939) Importer(2089858483,b0f066a214c2f5e87bad3c948f4d605d) (ScriptedImporter) -> (artifact id: 'e2e881842430e7a1ce00f702b5938d2b') in 0.0039386 seconds
Number of updated asset objects reloaded before import = 0Number of asset objects unloaded after import = 0

========================================================================
Received Import Request.
  Time since last request: 0.000018 seconds.
  path: Packages/com.unity.render-pipelines.core/Runtime/GPUDriven/Utilities/ParallelSortExtensions.cs
  artifactKey: Guid(08852b5d707b78442bda3ca091091ce8) Importer(2089858483,b0f066a214c2f5e87bad3c948f4d605d)
Start importing Packages/com.unity.render-pipelines.core/Runtime/GPUDriven/Utilities/ParallelSortExtensions.cs using Guid(08852b5d707b78442bda3ca091091ce8) Importer(2089858483,b0f066a214c2f5e87bad3c948f4d605d) (ScriptedImporter) -> (artifact id: 'df8dc9fdc34de289e38053d48d6ba9f1') in 0.0037545 seconds
Number of updated asset objects reloaded before import = 0Number of asset objects unloaded after import = 0

========================================================================
Received Import Request.
  Time since last request: 0.000030 seconds.
  path: Packages/com.unity.render-pipelines.core/Editor/Tools/MaterialUpgrader/MaterialUpgrader.cs
  artifactKey: Guid(67b996d0727a74b029aff1545143be17) Importer(2089858483,b0f066a214c2f5e87bad3c948f4d605d)
Start importing Packages/com.unity.render-pipelines.core/Editor/Tools/MaterialUpgrader/MaterialUpgrader.cs using Guid(67b996d0727a74b029aff1545143be17) Importer(2089858483,b0f066a214c2f5e87bad3c948f4d605d) (ScriptedImporter) -> (artifact id: '582b7b31bde8bc0fe657f470e44edd70') in 0.0044881 seconds
Number of updated asset objects reloaded before import = 0Number of asset objects unloaded after import = 0

========================================================================
Received Import Request.
  Time since last request: 0.000078 seconds.
  path: Packages/com.unity.render-pipelines.core/Editor/LookDev/Icons/Rotation@2x.png
  artifactKey: Guid(e9af78578671a3345b8cbf82f1f030b5) Importer(2089858483,b0f066a214c2f5e87bad3c948f4d605d)
Start importing Packages/com.unity.render-pipelines.core/Editor/LookDev/Icons/Rotation@2x.png using Guid(e9af78578671a3345b8cbf82f1f030b5) Importer(2089858483,b0f066a214c2f5e87bad3c948f4d605d) (ScriptedImporter) -> (artifact id: '09b51acd1fd2b49d14795088f27bd1f2') in 0.0086 seconds
Number of updated asset objects reloaded before import = 0Number of asset objects unloaded after import = 3

========================================================================
Received Import Request.
  Time since last request: 0.000019 seconds.
  path: Packages/com.unity.render-pipelines.core/Runtime/Lighting/ProbeVolume/ProbeVolumeBakingProcessSettings.cs
  artifactKey: Guid(2ca179cc72ecf4f4fa7d4ed3bb83ffd2) Importer(2089858483,b0f066a214c2f5e87bad3c948f4d605d)
Start importing Packages/com.unity.render-pipelines.core/Runtime/Lighting/ProbeVolume/ProbeVolumeBakingProcessSettings.cs using Guid(2ca179cc72ecf4f4fa7d4ed3bb83ffd2) Importer(2089858483,b0f066a214c2f5e87bad3c948f4d605d) (ScriptedImporter) -> (artifact id: '9b0b76108e95f26a73cc330899e557fc') in 0.0037419 seconds
Number of updated asset objects reloaded before import = 0Number of asset objects unloaded after import = 0

========================================================================
Received Import Request.
  Time since last request: 0.000017 seconds.
  path: Packages/com.unity.render-pipelines.core/Runtime/Lighting/ProbeVolume/ProbeVolume.hlsl
  artifactKey: Guid(688129ab15b222340a2c7fa427269889) Importer(2089858483,b0f066a214c2f5e87bad3c948f4d605d)
Start importing Packages/com.unity.render-pipelines.core/Runtime/Lighting/ProbeVolume/ProbeVolume.hlsl using Guid(688129ab15b222340a2c7fa427269889) Importer(2089858483,b0f066a214c2f5e87bad3c948f4d605d) (ScriptedImporter) -> (artifact id: 'ec08f95468ed16e27c3091593fbffbb8') in 0.0039772 seconds
Number of updated asset objects reloaded before import = 0Number of asset objects unloaded after import = 1

========================================================================
Received Import Request.
  Time since last request: 0.000020 seconds.
  path: Packages/com.unity.render-pipelines.core/Runtime/GPUDriven/InstanceData/InstanceDataSystemBurst.cs
  artifactKey: Guid(302f596d55264be4ba359e52ec407766) Importer(2089858483,b0f066a214c2f5e87bad3c948f4d605d)
Start importing Packages/com.unity.render-pipelines.core/Runtime/GPUDriven/InstanceData/InstanceDataSystemBurst.cs using Guid(302f596d55264be4ba359e52ec407766) Importer(2089858483,b0f066a214c2f5e87bad3c948f4d605d) (ScriptedImporter) -> (artifact id: '8a1145a73b454f85bd7bddd549c5ac33') in 0.0037198 seconds
Number of updated asset objects reloaded before import = 0Number of asset objects unloaded after import = 0

========================================================================
Received Import Request.
  Time since last request: 0.000029 seconds.
  path: Packages/com.unity.render-pipelines.core/Editor/Lighting/Icons/HorizontalGradient.png
  artifactKey: Guid(c56daa0c35d8542449aea902efda87ce) Importer(2089858483,b0f066a214c2f5e87bad3c948f4d605d)
Start importing Packages/com.unity.render-pipelines.core/Editor/Lighting/Icons/HorizontalGradient.png using Guid(c56daa0c35d8542449aea902efda87ce) Importer(2089858483,b0f066a214c2f5e87bad3c948f4d605d) (ScriptedImporter) -> (artifact id: '4c1d5a86d820b8907336e59dafbb5ee6') in 0.0072913 seconds
Number of updated asset objects reloaded before import = 0Number of asset objects unloaded after import = 1

========================================================================
Received Import Request.
  Time since last request: 0.000017 seconds.
  path: Packages/com.unity.render-pipelines.core/Runtime/Debug/ProbeVolumeDebugBase.hlsl
  artifactKey: Guid(0c0fc89bf58dc6d4590d0db55a62679e) Importer(2089858483,b0f066a214c2f5e87bad3c948f4d605d)
Start importing Packages/com.unity.render-pipelines.core/Runtime/Debug/ProbeVolumeDebugBase.hlsl using Guid(0c0fc89bf58dc6d4590d0db55a62679e) Importer(2089858483,b0f066a214c2f5e87bad3c948f4d605d) (ScriptedImporter) -> (artifact id: 'cd755bb2ff039942219619b6d56d6998') in 0.0038944 seconds
Number of updated asset objects reloaded before import = 0Number of asset objects unloaded after import = 1

========================================================================
Received Import Request.
  Time since last request: 0.000017 seconds.
  path: Packages/com.unity.collections/Unity.Collections.Tests/UnsafeAtomicCounterTests.cs
  artifactKey: Guid(586151f33b0f56d4e982fc9661d27323) Importer(2089858483,b0f066a214c2f5e87bad3c948f4d605d)
Start importing Packages/com.unity.collections/Unity.Collections.Tests/UnsafeAtomicCounterTests.cs using Guid(586151f33b0f56d4e982fc9661d27323) Importer(2089858483,b0f066a214c2f5e87bad3c948f4d605d) (ScriptedImporter) -> (artifact id: '582bc580cee8286c78028ef7e627bebb') in 0.0034334 seconds
Number of updated asset objects reloaded before import = 0Number of asset objects unloaded after import = 0

========================================================================
Received Import Request.
  Time since last request: 0.000020 seconds.
  path: Packages/com.unity.render-pipelines.core/Runtime/Textures/RTHandleSystem.cs
  artifactKey: Guid(ee2d997a8a7c5de408c0a4194b1a8b4d) Importer(2089858483,b0f066a214c2f5e87bad3c948f4d605d)
Start importing Packages/com.unity.render-pipelines.core/Runtime/Textures/RTHandleSystem.cs using Guid(ee2d997a8a7c5de408c0a4194b1a8b4d) Importer(2089858483,b0f066a214c2f5e87bad3c948f4d605d) (ScriptedImporter) -> (artifact id: 'e64e1606c8fbb98077523ff13a327584') in 0.0050481 seconds
Number of updated asset objects reloaded before import = 0Number of asset objects unloaded after import = 0

========================================================================
Received Import Request.
  Time since last request: 0.000019 seconds.
  path: Packages/com.unity.render-pipelines.core/Runtime/RenderPipelineResources/FallbackShader.shader
  artifactKey: Guid(36e335017ad71d54fbb10842863188ae) Importer(2089858483,b0f066a214c2f5e87bad3c948f4d605d)
Start importing Packages/com.unity.render-pipelines.core/Runtime/RenderPipelineResources/FallbackShader.shader using Guid(36e335017ad71d54fbb10842863188ae) Importer(2089858483,b0f066a214c2f5e87bad3c948f4d605d) (ScriptedImporter) -> (artifact id: 'd6488c8056ba7cee4255ddecbfafc44f') in 0.0044527 seconds
Number of updated asset objects reloaded before import = 0Number of asset objects unloaded after import = 1

========================================================================
Received Import Request.
  Time since last request: 0.000032 seconds.
  path: Packages/com.unity.render-pipelines.core/Editor/Lighting/ProbeVolume/ProbeVolumeBuildProcessor.cs
  artifactKey: Guid(78125114017c76b418c950af7a56971d) Importer(2089858483,b0f066a214c2f5e87bad3c948f4d605d)
Start importing Packages/com.unity.render-pipelines.core/Editor/Lighting/ProbeVolume/ProbeVolumeBuildProcessor.cs using Guid(78125114017c76b418c950af7a56971d) Importer(2089858483,b0f066a214c2f5e87bad3c948f4d605d) (ScriptedImporter) -> (artifact id: 'dd024adcac6ab63a3477794a229097a7') in 0.0035033 seconds
Number of updated asset objects reloaded before import = 0Number of asset objects unloaded after import = 0

========================================================================
Received Import Request.
  Time since last request: 0.000016 seconds.
  path: Packages/com.unity.render-pipelines.core/Editor/Lighting/Icons/LightAnchor_Icon.png
  artifactKey: Guid(df491817340312f439c32f95902ddee7) Importer(2089858483,b0f066a214c2f5e87bad3c948f4d605d)
Start importing Packages/com.unity.render-pipelines.core/Editor/Lighting/Icons/LightAnchor_Icon.png using Guid(df491817340312f439c32f95902ddee7) Importer(2089858483,b0f066a214c2f5e87bad3c948f4d605d) (ScriptedImporter) -> (artifact id: '81233136ce6c4eb0bbeb5967ea4022ad') in 0.0074079 seconds
Number of updated asset objects reloaded before import = 0Number of asset objects unloaded after import = 1

========================================================================
Received Import Request.
  Time since last request: 0.000016 seconds.
  path: Packages/com.unity.render-pipelines.core/ShaderLibrary/ParallaxMapping.hlsl
  artifactKey: Guid(c6976b17260ed7d4ca3810ae8488f67f) Importer(2089858483,b0f066a214c2f5e87bad3c948f4d605d)
Start importing Packages/com.unity.render-pipelines.core/ShaderLibrary/ParallaxMapping.hlsl using Guid(c6976b17260ed7d4ca3810ae8488f67f) Importer(2089858483,b0f066a214c2f5e87bad3c948f4d605d) (ScriptedImporter) -> (artifact id: 'c8f9cf594eb0ab55fe4cc915d1a149ca') in 0.00363 seconds
Number of updated asset objects reloaded before import = 0Number of asset objects unloaded after import = 1

========================================================================
Received Import Request.
  Time since last request: 0.000018 seconds.
  path: Packages/com.unity.collections/Unity.Collections/UIntFloat.cs
  artifactKey: Guid(6b56ef4acca0448596282b536b461f22) Importer(2089858483,b0f066a214c2f5e87bad3c948f4d605d)
Start importing Packages/com.unity.collections/Unity.Collections/UIntFloat.cs using Guid(6b56ef4acca0448596282b536b461f22) Importer(2089858483,b0f066a214c2f5e87bad3c948f4d605d) (ScriptedImporter) -> (artifact id: 'b5cd16c6955cd566d664fd759ba0daec') in 0.0036311 seconds
Number of updated asset objects reloaded before import = 0Number of asset objects unloaded after import = 0

========================================================================
Received Import Request.
  Time since last request: 0.000017 seconds.
  path: Packages/com.unity.render-pipelines.core/ShaderLibrary/Random.hlsl
  artifactKey: Guid(11914c30949383848ab39385375eff34) Importer(2089858483,b0f066a214c2f5e87bad3c948f4d605d)
Start importing Packages/com.unity.render-pipelines.core/ShaderLibrary/Random.hlsl using Guid(11914c30949383848ab39385375eff34) Importer(2089858483,b0f066a214c2f5e87bad3c948f4d605d) (ScriptedImporter) -> (artifact id: '8bc934259552fd34679f4a34b41eed1c') in 0.0038479 seconds
Number of updated asset objects reloaded before import = 0Number of asset objects unloaded after import = 1

========================================================================
Received Import Request.
  Time since last request: 0.000026 seconds.
  path: Packages/com.unity.ugui/Editor/TMP/TMP_BitmapShaderGUI.cs
  artifactKey: Guid(806de5a9211448c8b65c8435ebb48dd4) Importer(2089858483,b0f066a214c2f5e87bad3c948f4d605d)
Start importing Packages/com.unity.ugui/Editor/TMP/TMP_BitmapShaderGUI.cs using Guid(806de5a9211448c8b65c8435ebb48dd4) Importer(2089858483,b0f066a214c2f5e87bad3c948f4d605d) (ScriptedImporter) -> (artifact id: 'f28f05b7b312851579f278928a03b7ad') in 0.0039742 seconds
Number of updated asset objects reloaded before import = 0Number of asset objects unloaded after import = 0

========================================================================
Received Import Request.
  Time since last request: 0.000014 seconds.
  path: Packages/com.unity.searcher/Editor/Resources/FlatSkin/Font/Roboto-ThinItalic.ttf
  artifactKey: Guid(b2ea3b3f1765e544b9eb5bd1a93a91ce) Importer(2089858483,b0f066a214c2f5e87bad3c948f4d605d)
Start importing Packages/com.unity.searcher/Editor/Resources/FlatSkin/Font/Roboto-ThinItalic.ttf using Guid(b2ea3b3f1765e544b9eb5bd1a93a91ce) Importer(2089858483,b0f066a214c2f5e87bad3c948f4d605d) (ScriptedImporter) -> (artifact id: '39451ff8c50b957f17489dc759a8ff21') in 0.0067739 seconds
Number of updated asset objects reloaded before import = 0Number of asset objects unloaded after import = 3

========================================================================
Received Import Request.
  Time since last request: 0.000015 seconds.
  path: Packages/com.unity.modules.jsonserialize/package.json
  artifactKey: Guid(40bf3cec17fa0b49fe04443c8332d638) Importer(2089858483,b0f066a214c2f5e87bad3c948f4d605d)
Start importing Packages/com.unity.modules.jsonserialize/package.json using Guid(40bf3cec17fa0b49fe04443c8332d638) Importer(2089858483,b0f066a214c2f5e87bad3c948f4d605d) (ScriptedImporter) -> (artifact id: 'c847fb17bf169fad5e25062ddf58dfea') in 0.0040187 seconds
Number of updated asset objects reloaded before import = 0Number of asset objects unloaded after import = 1

========================================================================
Received Import Request.
  Time since last request: 0.000022 seconds.
  path: Packages/com.unity.2d.tilemap/Editor/UI/TilePaletteWhiteboxPaletteDropdownMenu.cs
  artifactKey: Guid(979425d925f745e4a93aff5f4bfa9236) Importer(2089858483,b0f066a214c2f5e87bad3c948f4d605d)
Start importing Packages/com.unity.2d.tilemap/Editor/UI/TilePaletteWhiteboxPaletteDropdownMenu.cs using Guid(979425d925f745e4a93aff5f4bfa9236) Importer(2089858483,b0f066a214c2f5e87bad3c948f4d605d) (ScriptedImporter) -> (artifact id: '2c4bf53dc6bd43053186aaaee1ded80c') in 0.0050426 seconds
Number of updated asset objects reloaded before import = 0Number of asset objects unloaded after import = 0

========================================================================
Received Import Request.
  Time since last request: 0.000019 seconds.
  path: Packages/com.unity.collections/Unity.Collections/AssemblyInfo.cs
  artifactKey: Guid(63bc65d8d2fe144e1b071aeb3b624536) Importer(2089858483,b0f066a214c2f5e87bad3c948f4d605d)
Start importing Packages/com.unity.collections/Unity.Collections/AssemblyInfo.cs using Guid(63bc65d8d2fe144e1b071aeb3b624536) Importer(2089858483,b0f066a214c2f5e87bad3c948f4d605d) (ScriptedImporter) -> (artifact id: '201a6557f3acefa859f8ecdabdb0f102') in 0.0049394 seconds
Number of updated asset objects reloaded before import = 0Number of asset objects unloaded after import = 0

