[Licensing::Module] Trying to connect to existing licensing client channel...
Built from '6000.3/staging' branch; Version is '6000.3.25f1 (e1dba0a9aba4) revision 14801824'; Using compiler version '194234433'; Build Type 'Release'
[Licensing::IpcConnector] Successfully connected to: "LicenseClient-bowen" at "2026-10-09T00:00:29.2414722Z"
OS: 'Windows 11  (10.0.26200) Core' Language: 'en' Physical Memory: 32395 MB
BatchMode: 1, IsHumanControllingUs: 0, StartBugReporterOnCrash: 0, Is64bit: 1
System  architecture: x64
Process architecture: x64
Date: 2026-10-09T00:00:29Z
[Licensing::Client] Code 10 while verifying Licensing Client signature (process Id: 17140, path: "C:/Program Files/Unity Hub/UnityLicensingClient_V1/Unity.Licensing.Client.exe")
[Licensing::Module] LicensingClient has failed validation; ignoring
[Licensing::Client] Handshaking with LicensingClient:
  Version:                 1.18.3+d7ffd15
  Session Id:              15189b7c3a834209b833b10afd01c86c
  Correlation Id:          910f2feb85166636423a1df2025bd538
  External correlation Id: 3045617473093063451
  Machine Id:              VgyFkk/2N6GTWhy3WcmQ6e0jfgs=
[Licensing::Module] Successfully connected to LicensingClient on channel: "LicenseClient-bowen" (connect: 0.02s, validation: 0.00s, handshake: 0.06s)
[Licensing::IpcConnector] Successfully connected to: "LicenseClient-bowen-notifications" at "2026-10-09T00:00:29.320564Z"
[Licensing::Module] Licensing Background thread has ended after 0.08s

COMMAND LINE ARGUMENTS:
C:\Program Files\Unity\Hub\Editor\6000.3.25f1\Editor\Unity.exe
-adb2
-batchMode
-noUpm
-name
AssetImportWorker4
-projectPath
C:/Users/bowen/Documents/GitHub/Game Engine Midterm/GE_Midterm_Practical
-logFile
Logs/AssetImportWorker4.log
-srvPort
58344
-parentPid
14328
-analyticsCloudUserId
3574218014200
-analyticsLocalProjectId
146b15d2e6c716d478a5219d058b0abf
-editorAnalyticsEnabled
1
-cbmEditorLicense
55872bfbf28a5426668f29d01860f78d3d858c8f
-cbmMachineId
VgyFkk/2N6GTWhy3WcmQ6e0jfgs=
-licensingIpc
LicenseClient-bowen
-job-worker-count
9
-background-job-worker-count
8
-gc-helper-count
1
-name
AssetImport
Successfully changed project path to: C:/Users/bowen/Documents/GitHub/Game Engine Midterm/GE_Midterm_Practical
C:/Users/bowen/Documents/GitHub/Game Engine Midterm/GE_Midterm_Practical
[UnityMemory] Configuration Parameters - Can be set up in boot.config
    "memorysetup-temp-allocator-size-nav-mesh-worker=65536"
    "memorysetup-temp-allocator-size-audio-worker=65536"
    "memorysetup-temp-allocator-size-gfx=262144"
    "memorysetup-allocator-temp-initial-block-size-main=262144"
    "memorysetup-allocator-temp-initial-block-size-worker=262144"
    "memorysetup-temp-allocator-size-background-worker=32768"
    "memorysetup-temp-allocator-size-job-worker=262144"
    "memorysetup-temp-allocator-size-preload-manager=33554432"
    "memorysetup-remapper-allocator-initial-capacity=32768"
    "memorysetup-temp-allocator-size-gi-baking-worker=262144"
    "memorysetup-temp-allocator-size-gi-baking-worker=262144"
    "memorysetup-temp-allocator-size-gi-baking-worker=262144"
    "memorysetup-temp-allocator-size-gi-baking-worker=262144"
    "memorysetup-temp-allocator-size-gi-baking-worker=262144"
    "memorysetup-bucket-allocator-granularity=16"
    "memorysetup-bucket-allocator-bucket-count=8"
    "memorysetup-bucket-allocator-block-size=33554432"
    "memorysetup-bucket-allocator-block-count=8"
    "memorysetup-main-allocator-block-size=16777216"
    "memorysetup-thread-allocator-block-size=16777216"
    "memorysetup-gfx-main-allocator-block-size=16777216"
    "memorysetup-gfx-thread-allocator-block-size=16777216"
    "memorysetup-cache-allocator-block-size=4194304"
    "memorysetup-typetree-allocator-block-size=2097152"
    "memorysetup-profiler-bucket-allocator-granularity=16"
    "memorysetup-profiler-bucket-allocator-bucket-count=8"
    "memorysetup-profiler-bucket-allocator-block-size=33554432"
    "memorysetup-profiler-bucket-allocator-block-count=8"
    "memorysetup-profiler-allocator-block-size=16777216"
    "memorysetup-profiler-editor-allocator-block-size=1048576"
    "memorysetup-temp-allocator-size-main=16777216"
    "memorysetup-job-temp-allocator-block-size=2097152"
    "memorysetup-job-temp-allocator-block-size-background=1048576"
    "memorysetup-job-temp-allocator-reduction-small-platforms=262144"
    "memorysetup-temp-allocator-size-cloud-worker=32768"
Player connection [10180]  Target information:

Player connection [10180]  * "[IP] 10.190.48.140 [Port] 0 [Flags] 2 [Guid] 287292833 [EditorId] 287292833 [Version] 1048832 [Id] WindowsEditor(7,LAPTOP-S16E9DIN) [Debug] 1 [PackageName] WindowsEditor [ProjectName] Editor" 

Player connection [10180] Host joined multi-casting on [225.0.0.222:54997]...
Player connection [10180] Host joined alternative multi-casting on [225.0.0.222:34997]...
JobSystem: Creating JobQueue using job-worker-count value 9
Input System module state changed to: Initialized.
[Physics::Module] Initialized fallback backend.
[Physics::Module] Id: 0xdecafbad
Library Redirect Path: Library/
[Physics::Module] Selected backend.
[Physics::Module] Name: PhysX
[Physics::Module] Id: 0xf2b8ea05
[Physics::Module] SDK Version: 4.1.2
[Physics::Module] Integration Version: 1.0.0
[Physics::Module] Threading Mode: Multi-Threaded
Refreshing native plugins compatible for Editor in 4.46 ms, found 5 plugins.
Preloading 0 native plugins for Editor in 0.00 ms.
Initialize engine version: 6000.3.25f1 (e1dba0a9aba4)
[Subsystems] Discovering subsystems at path C:/Program Files/Unity/Hub/Editor/6000.3.25f1/Editor/Data/Resources/UnitySubsystems
[Subsystems] Discovering subsystems at path C:/Users/bowen/Documents/GitHub/Game Engine Midterm/GE_Midterm_Practical/Assets
GfxDevice: creating device client; kGfxThreadingModeNonThreaded
d3d12: failed to query info queue interface (0x80004002).
Direct3D:
    Version:         Direct3D 12 [level 12.2]
    Renderer:        NVIDIA GeForce RTX 4060 Laptop GPU (ID=0x28e0)
    Vendor:          NVIDIA
    VRAM:            7956 MB
    App VRAM Budget: 7188 MB
    Driver:          32.0.15.9144
Initialize mono
Mono path[0] = 'C:/Program Files/Unity/Hub/Editor/6000.3.25f1/Editor/Data/Managed'
Mono path[1] = 'C:/Program Files/Unity/Hub/Editor/6000.3.25f1/Editor/Data/MonoBleedingEdge/lib/mono/unityjit-win32'
Mono config path = 'C:/Program Files/Unity/Hub/Editor/6000.3.25f1/Editor/Data/MonoBleedingEdge/etc'
Using monoOptions --debugger-agent=transport=dt_socket,embedding=1,server=y,suspend=n,address=127.0.0.1:56408
Begin MonoManager ReloadAssembly
Registering precompiled unity dll's ...
Register platform support module: C:/Program Files/Unity/Hub/Editor/6000.3.25f1/Editor/Data/PlaybackEngines/WebGLSupport/UnityEditor.WebGL.Extensions.dll
Register platform support module: C:/Program Files/Unity/Hub/Editor/6000.3.25f1/Editor/Data/PlaybackEngines/WindowsStandaloneSupport/UnityEditor.WindowsStandalone.Extensions.dll
[Licensing::Client] Successfully resolved entitlement details
[Licensing::Module] License group:
  Id: 3574218014200-UnityPersXXXX
  Product: Unity Personal
  Type: Assigned
  Expiration: Unlimited
Register platform support module: C:/Program Files/Unity/Hub/Editor/6000.3.25f1/Editor/Data/PlaybackEngines/AndroidPlayer/UnityEditor.Android.Extensions.dll
Registered in 0.010080 seconds.
- Loaded All Assemblies, in  0.708 seconds
Native extension for Android target not found
Native extension for WindowsStandalone target not found
Native extension for WebGL target not found
Package Manager log level set to [2]
[Package Manager] Failed to launch server process. Reason: Unity was launched with the -noUpm command-line argument
[Package Manager] Unable to send message (not connected to server process).
[Package Manager] Cannot connect to Unity Package Manager local server
ScheduleIndexationOnStartup MainProcess:False IndexOnStartup:True
Mono: successfully reloaded assembly
- Finished resetting the current domain, in  0.595 seconds
Domain Reload Profiling: 1299ms
	BeginReloadAssembly (253ms)
		ExecutionOrderSort (0ms)
		DisableScriptedObjects (0ms)
		BackupInstance (0ms)
		ReleaseScriptingObjects (0ms)
		CreateAndSetChildDomain (1ms)
	RebuildCommonClasses (61ms)
	RebuildNativeTypeToScriptingClass (15ms)
	initialDomainReloadingComplete (92ms)
	LoadAllAssembliesAndSetupDomain (282ms)
		LoadAssemblies (250ms)
		RebuildTransferFunctionScriptingTraits (0ms)
		AnalyzeDomain (275ms)
			TypeCache.Refresh (273ms)
				TypeCache.ScanAssembly (252ms)
			BuildScriptInfoCaches (0ms)
			ResolveRequiredComponents (1ms)
	FinalizeReload (596ms)
		ReleaseScriptCaches (0ms)
		RebuildScriptCaches (0ms)
		SetupLoadedEditorAssemblies (525ms)
			LogAssemblyErrors (0ms)
			InitializePlatformSupportModulesInManaged (89ms)
			SetLoadedEditorAssemblies (6ms)
			BeforeProcessingInitializeOnLoad (133ms)
			ProcessInitializeOnLoadAttributes (196ms)
			ProcessInitializeOnLoadMethodAttributes (101ms)
			AfterProcessingInitializeOnLoad (0ms)
			EditorAssembliesLoaded (0ms)
		ExecutionOrderSort2 (0ms)
		AwakeInstancesAfterBackupRestoration (0ms)
[Licensing::Client] Successfully resolved entitlement details
========================================================================
Worker process is ready to serve import requests
Import Worker Mode flag is 0x00
Begin MonoManager ReloadAssembly
- Loaded All Assemblies, in  1.180 seconds
Refreshing native plugins compatible for Editor in 3.01 ms, found 5 plugins.
Native extension for Android target not found
Native extension for WindowsStandalone target not found
Native extension for WebGL target not found
[Package Manager] Failed to launch server process. Reason: Unity was launched with the -noUpm command-line argument
[Package Manager] Unable to send message (not connected to server process).
[Package Manager] Cannot connect to Unity Package Manager local server
Refreshing native plugins compatible for Editor in 2.71 ms, found 5 plugins.
[Package Manager] Failed to launch server process. Reason: Unity was launched with the -noUpm command-line argument
[Package Manager] Unable to send message (not connected to server process).
[Package Manager] Cannot connect to Unity Package Manager local server
ScheduleIndexationOnStartup MainProcess:False IndexOnStartup:True
Mono: successfully reloaded assembly
- Finished resetting the current domain, in  1.051 seconds
Domain Reload Profiling: 2219ms
	BeginReloadAssembly (224ms)
		ExecutionOrderSort (0ms)
		DisableScriptedObjects (8ms)
		BackupInstance (0ms)
		ReleaseScriptingObjects (0ms)
		CreateAndSetChildDomain (31ms)
	RebuildCommonClasses (56ms)
	RebuildNativeTypeToScriptingClass (17ms)
	initialDomainReloadingComplete (63ms)
	LoadAllAssembliesAndSetupDomain (808ms)
		LoadAssemblies (510ms)
		RebuildTransferFunctionScriptingTraits (0ms)
		AnalyzeDomain (423ms)
			TypeCache.Refresh (286ms)
				TypeCache.ScanAssembly (264ms)
			BuildScriptInfoCaches (122ms)
			ResolveRequiredComponents (10ms)
	FinalizeReload (1052ms)
		ReleaseScriptCaches (0ms)
		RebuildScriptCaches (0ms)
		SetupLoadedEditorAssemblies (856ms)
			LogAssemblyErrors (0ms)
			InitializePlatformSupportModulesInManaged (13ms)
			SetLoadedEditorAssemblies (6ms)
			BeforeProcessingInitializeOnLoad (196ms)
			ProcessInitializeOnLoadAttributes (471ms)
			ProcessInitializeOnLoadMethodAttributes (161ms)
			AfterProcessingInitializeOnLoad (9ms)
			EditorAssembliesLoaded (1ms)
		ExecutionOrderSort2 (0ms)
		AwakeInstancesAfterBackupRestoration (10ms)
Launched and connected shader compiler UnityShaderCompiler.exe after 0.02 seconds
Refreshing native plugins compatible for Editor in 4.46 ms, found 5 plugins.
Preloading 0 native plugins for Editor in 0.00 ms.
Unloading 16 Unused Serialized files (Serialized files now loaded: 0)
Curl error 3: URL rejected: Malformed input to a URL function
Unloading 7387 unused Assets / (4.4 MB). Loaded Objects now: 8201.
Memory consumption went from 170.6 MB to 166.2 MB.
Total: 12.856200 ms (FindLiveObjects: 0.969800 ms CreateObjectMapping: 1.318000 ms MarkObjects: 7.871200 ms  DeleteObjects: 2.693100 ms)

========================================================================
Received Import Request.
  Time since last request: 6505.538421 seconds.
  path: Packages/com.unity.collab-proxy/Editor/AssetMenu/HierarchyViewAssetSelection.cs
  artifactKey: Guid(19397b4b199145c5bd9ee8c1c7d5938d) Importer(2089858483,b0f066a214c2f5e87bad3c948f4d605d)
Start importing Packages/com.unity.collab-proxy/Editor/AssetMenu/HierarchyViewAssetSelection.cs using Guid(19397b4b199145c5bd9ee8c1c7d5938d) Importer(2089858483,b0f066a214c2f5e87bad3c948f4d605d) (ScriptedImporter) -> (artifact id: 'e2ee081859df5d64f581d99cd8009448') in 0.1184056 seconds
Number of updated asset objects reloaded before import = 0Number of asset objects unloaded after import = 0

========================================================================
Received Import Request.
  Time since last request: 0.000018 seconds.
  path: Packages/com.unity.collab-proxy/Editor/CodeEditor/ICodeEditorSettingsChangeListener.cs
  artifactKey: Guid(7f1a149716724cc38b048572976de769) Importer(2089858483,b0f066a214c2f5e87bad3c948f4d605d)
Start importing Packages/com.unity.collab-proxy/Editor/CodeEditor/ICodeEditorSettingsChangeListener.cs using Guid(7f1a149716724cc38b048572976de769) Importer(2089858483,b0f066a214c2f5e87bad3c948f4d605d) (ScriptedImporter) -> (artifact id: 'b3f714818e083d9f9ac36b3b0a81a1af') in 0.0052328 seconds
Number of updated asset objects reloaded before import = 0Number of asset objects unloaded after import = 0

========================================================================
Received Import Request.
  Time since last request: 0.000025 seconds.
  path: Packages/com.unity.collab-proxy/Editor/AssetOverlays/DrawProjectOverlay.cs
  artifactKey: Guid(d30dfeb72257204458e1e8e1576b84ba) Importer(2089858483,b0f066a214c2f5e87bad3c948f4d605d)
Start importing Packages/com.unity.collab-proxy/Editor/AssetOverlays/DrawProjectOverlay.cs using Guid(d30dfeb72257204458e1e8e1576b84ba) Importer(2089858483,b0f066a214c2f5e87bad3c948f4d605d) (ScriptedImporter) -> (artifact id: 'cc5decd240549239dd83c78fc9f88bc8') in 0.0047324 seconds
Number of updated asset objects reloaded before import = 0Number of asset objects unloaded after import = 0

========================================================================
Received Import Request.
  Time since last request: 0.000063 seconds.
  path: Packages/com.unity.collab-proxy/Editor/AppDomainHandler.cs
  artifactKey: Guid(d34814c3809c4b6a9d1514a2ec97f38b) Importer(2089858483,b0f066a214c2f5e87bad3c948f4d605d)
Start importing Packages/com.unity.collab-proxy/Editor/AppDomainHandler.cs using Guid(d34814c3809c4b6a9d1514a2ec97f38b) Importer(2089858483,b0f066a214c2f5e87bad3c948f4d605d) (ScriptedImporter) -> (artifact id: '7a5c48013c6575c919d6417525302889') in 0.0038195 seconds
Number of updated asset objects reloaded before import = 0Number of asset objects unloaded after import = 0

========================================================================
Received Import Request.
  Time since last request: 0.000018 seconds.
  path: Packages/com.unity.collab-proxy/Editor/UnityObjectInstance.cs
  artifactKey: Guid(0871efd99e5c46ed90fdb02d5e69df2d) Importer(2089858483,b0f066a214c2f5e87bad3c948f4d605d)
Start importing Packages/com.unity.collab-proxy/Editor/UnityObjectInstance.cs using Guid(0871efd99e5c46ed90fdb02d5e69df2d) Importer(2089858483,b0f066a214c2f5e87bad3c948f4d605d) (ScriptedImporter) -> (artifact id: '976692cd640019a8562cabcefc0e15de') in 0.0044882 seconds
Number of updated asset objects reloaded before import = 0Number of asset objects unloaded after import = 0

========================================================================
Received Import Request.
  Time since last request: 0.000017 seconds.
  path: Assets/Settings/Renderer2D.asset
  artifactKey: Guid(424799608f7334c24bf367e4bbfa7f9a) Importer(2089858483,b0f066a214c2f5e87bad3c948f4d605d)
Start importing Assets/Settings/Renderer2D.asset using Guid(424799608f7334c24bf367e4bbfa7f9a) Importer(2089858483,b0f066a214c2f5e87bad3c948f4d605d) (ScriptedImporter) -> (artifact id: '3961405435e0e49bcb8891b2cd34a3df') in 0.062193 seconds
Number of updated asset objects reloaded before import = 0Number of asset objects unloaded after import = 1

========================================================================
Received Import Request.
  Time since last request: 0.000021 seconds.
  path: Packages/com.unity.collab-proxy/Editor/AssetsUtils/AssetsPath.cs
  artifactKey: Guid(a077a49d9db9de74f827f0568f6e65c2) Importer(2089858483,b0f066a214c2f5e87bad3c948f4d605d)
Start importing Packages/com.unity.collab-proxy/Editor/AssetsUtils/AssetsPath.cs using Guid(a077a49d9db9de74f827f0568f6e65c2) Importer(2089858483,b0f066a214c2f5e87bad3c948f4d605d) (ScriptedImporter) -> (artifact id: '0e221d1c85e121bc9d014945c0a16ba0') in 0.0049324 seconds
Number of updated asset objects reloaded before import = 0Number of asset objects unloaded after import = 0

========================================================================
Received Import Request.
  Time since last request: 0.000029 seconds.
  path: Packages/com.unity.collab-proxy/Editor/TestingPreference.cs
  artifactKey: Guid(0314dccd274f6d14b9aed2d661164330) Importer(2089858483,b0f066a214c2f5e87bad3c948f4d605d)
Start importing Packages/com.unity.collab-proxy/Editor/TestingPreference.cs using Guid(0314dccd274f6d14b9aed2d661164330) Importer(2089858483,b0f066a214c2f5e87bad3c948f4d605d) (ScriptedImporter) -> (artifact id: '055fbf1bb38f6658d0907b9dc47ed8cb') in 0.0039212 seconds
Number of updated asset objects reloaded before import = 0Number of asset objects unloaded after import = 0

========================================================================
Received Import Request.
  Time since last request: 0.000017 seconds.
  path: Packages/com.unity.collab-proxy/Editor/CloudDrive/CloudDriveWindow.cs
  artifactKey: Guid(4064021de8c73d44f9d4a0f99d80d5b0) Importer(2089858483,b0f066a214c2f5e87bad3c948f4d605d)
Start importing Packages/com.unity.collab-proxy/Editor/CloudDrive/CloudDriveWindow.cs using Guid(4064021de8c73d44f9d4a0f99d80d5b0) Importer(2089858483,b0f066a214c2f5e87bad3c948f4d605d) (ScriptedImporter) -> (artifact id: '77a3acfac407d1044cdfb19d6e338b0f') in 0.0040355 seconds
Number of updated asset objects reloaded before import = 0Number of asset objects unloaded after import = 0

========================================================================
Received Import Request.
  Time since last request: 0.000018 seconds.
  path: Packages/com.unity.collab-proxy/Editor/AutoRefresh.cs
  artifactKey: Guid(a840d4787ba856c4dbaf61207189b00c) Importer(2089858483,b0f066a214c2f5e87bad3c948f4d605d)
Start importing Packages/com.unity.collab-proxy/Editor/AutoRefresh.cs using Guid(a840d4787ba856c4dbaf61207189b00c) Importer(2089858483,b0f066a214c2f5e87bad3c948f4d605d) (ScriptedImporter) -> (artifact id: 'c03ad7214aaf6bc5fe1752a400f024f7') in 0.0050357 seconds
Number of updated asset objects reloaded before import = 0Number of asset objects unloaded after import = 0

========================================================================
Received Import Request.
  Time since last request: 0.000018 seconds.
  path: Packages/com.unity.collab-proxy/Editor/UVCSPluginIsEnabledPreference.cs
  artifactKey: Guid(12c73b1c758dc2d43adb107dadd988da) Importer(2089858483,b0f066a214c2f5e87bad3c948f4d605d)
Start importing Packages/com.unity.collab-proxy/Editor/UVCSPluginIsEnabledPreference.cs using Guid(12c73b1c758dc2d43adb107dadd988da) Importer(2089858483,b0f066a214c2f5e87bad3c948f4d605d) (ScriptedImporter) -> (artifact id: 'cffe171cc888bef5aecfd137e773766e') in 0.0294256 seconds
Number of updated asset objects reloaded before import = 0Number of asset objects unloaded after import = 0

========================================================================
Received Import Request.
  Time since last request: 0.000018 seconds.
  path: Packages/com.unity.collab-proxy/Editor/AssetsUtils/GetSelectedPaths.cs
  artifactKey: Guid(d9369fa547ca81b4fafa42a3e74c1b7a) Importer(2089858483,b0f066a214c2f5e87bad3c948f4d605d)
Start importing Packages/com.unity.collab-proxy/Editor/AssetsUtils/GetSelectedPaths.cs using Guid(d9369fa547ca81b4fafa42a3e74c1b7a) Importer(2089858483,b0f066a214c2f5e87bad3c948f4d605d) (ScriptedImporter) -> (artifact id: '62699c796850520ba0e1fc1200c3d888') in 0.0045808 seconds
Number of updated asset objects reloaded before import = 0Number of asset objects unloaded after import = 0

========================================================================
Received Import Request.
  Time since last request: 0.000034 seconds.
  path: Assets/Scripts/Singleton/GameManager.cs
  artifactKey: Guid(64814e85e562e714cba36f16c31aedc7) Importer(2089858483,b0f066a214c2f5e87bad3c948f4d605d)
Start importing Assets/Scripts/Singleton/GameManager.cs using Guid(64814e85e562e714cba36f16c31aedc7) Importer(2089858483,b0f066a214c2f5e87bad3c948f4d605d) (ScriptedImporter) -> (artifact id: 'b13f2407f7bcf7d1a4b57e19850457b6') in 0.0042427 seconds
Number of updated asset objects reloaded before import = 0Number of asset objects unloaded after import = 0

========================================================================
Received Import Request.
  Time since last request: 0.000021 seconds.
  path: Packages/com.unity.collab-proxy/ValidationConfig.json
  artifactKey: Guid(cb3c9f5ba9ced5e4b99de1b3dbd68d09) Importer(2089858483,b0f066a214c2f5e87bad3c948f4d605d)
Start importing Packages/com.unity.collab-proxy/ValidationConfig.json using Guid(cb3c9f5ba9ced5e4b99de1b3dbd68d09) Importer(2089858483,b0f066a214c2f5e87bad3c948f4d605d) (ScriptedImporter) -> (artifact id: 'f2212090252df6ff192854d4a64de015') in 0.007031 seconds
Number of updated asset objects reloaded before import = 0Number of asset objects unloaded after import = 1

========================================================================
Received Import Request.
  Time since last request: 0.000016 seconds.
  path: Assets/Settings/InputSystem_Actions.inputactions
  artifactKey: Guid(2bcd2660ca9b64942af0de543d8d7100) Importer(2089858483,b0f066a214c2f5e87bad3c948f4d605d)
Start importing Assets/Settings/InputSystem_Actions.inputactions using Guid(2bcd2660ca9b64942af0de543d8d7100) Importer(2089858483,b0f066a214c2f5e87bad3c948f4d605d) (ScriptedImporter) -> (artifact id: 'c7a4975ca7548cb55452672c4c6d42a9') in 0.1742478 seconds
Number of updated asset objects reloaded before import = 0Number of asset objects unloaded after import = 21

========================================================================
Received Import Request.
  Time since last request: 0.000024 seconds.
  path: Packages/com.unity.collab-proxy/Editor/AssetsUtils/RefreshAsset.cs
  artifactKey: Guid(7495e44f1cb132745a310485807e68f6) Importer(2089858483,b0f066a214c2f5e87bad3c948f4d605d)
Start importing Packages/com.unity.collab-proxy/Editor/AssetsUtils/RefreshAsset.cs using Guid(7495e44f1cb132745a310485807e68f6) Importer(2089858483,b0f066a214c2f5e87bad3c948f4d605d) (ScriptedImporter) -> (artifact id: 'd05e8c8cc86f52b584da0f632877d0e3') in 0.0040718 seconds
Number of updated asset objects reloaded before import = 0Number of asset objects unloaded after import = 0

========================================================================
Received Import Request.
  Time since last request: 0.000028 seconds.
  path: Packages/com.unity.collab-proxy/Editor/CloudDrive/RefreshAsset.cs
  artifactKey: Guid(14df2a8f74d04d89a24fbbad8cf2037b) Importer(2089858483,b0f066a214c2f5e87bad3c948f4d605d)
Start importing Packages/com.unity.collab-proxy/Editor/CloudDrive/RefreshAsset.cs using Guid(14df2a8f74d04d89a24fbbad8cf2037b) Importer(2089858483,b0f066a214c2f5e87bad3c948f4d605d) (ScriptedImporter) -> (artifact id: '852585a8b55ddf97a6343cd332ee133c') in 0.0036763 seconds
Number of updated asset objects reloaded before import = 0Number of asset objects unloaded after import = 0

========================================================================
Received Import Request.
  Time since last request: 0.000019 seconds.
  path: Packages/com.unity.collab-proxy/Editor/AssetsUtils/RepaintEditor.cs
  artifactKey: Guid(9203e3f44c0ecfd42953709384a56c4d) Importer(2089858483,b0f066a214c2f5e87bad3c948f4d605d)
Start importing Packages/com.unity.collab-proxy/Editor/AssetsUtils/RepaintEditor.cs using Guid(9203e3f44c0ecfd42953709384a56c4d) Importer(2089858483,b0f066a214c2f5e87bad3c948f4d605d) (ScriptedImporter) -> (artifact id: '634f09a16f4b3e391f98d98371cdd6eb') in 0.0038433 seconds
Number of updated asset objects reloaded before import = 0Number of asset objects unloaded after import = 0

========================================================================
Received Import Request.
  Time since last request: 0.000016 seconds.
  path: Packages/com.unity.modules.unitywebrequest/package.ModuleCompilationTrigger
  artifactKey: Guid(d2ec2d1228c8e67cdd913cb5609176a2) Importer(2089858483,b0f066a214c2f5e87bad3c948f4d605d)
Start importing Packages/com.unity.modules.unitywebrequest/package.ModuleCompilationTrigger using Guid(d2ec2d1228c8e67cdd913cb5609176a2) Importer(2089858483,b0f066a214c2f5e87bad3c948f4d605d) (ScriptedImporter) -> (artifact id: '58aa4e8c879d1199f9bf6f591405609a') in 0.0037459 seconds
Number of updated asset objects reloaded before import = 0Number of asset objects unloaded after import = 1

========================================================================
Received Import Request.
  Time since last request: 0.000018 seconds.
  path: Packages/com.unity.collab-proxy/Editor/FindWorkspace.cs
  artifactKey: Guid(699b33b09648b5641b12384ac691546d) Importer(2089858483,b0f066a214c2f5e87bad3c948f4d605d)
Start importing Packages/com.unity.collab-proxy/Editor/FindWorkspace.cs using Guid(699b33b09648b5641b12384ac691546d) Importer(2089858483,b0f066a214c2f5e87bad3c948f4d605d) (ScriptedImporter) -> (artifact id: '47836e5f097605c8c5492240ecbfb5b7') in 0.0036392 seconds
Number of updated asset objects reloaded before import = 0Number of asset objects unloaded after import = 0

========================================================================
Received Import Request.
  Time since last request: 1.476820 seconds.
  path: Packages/com.unity.collab-proxy/Editor/CodeEditor/Keyboard.cs
  artifactKey: Guid(7d9221bc32738c5498b01916d61a39b9) Importer(2089858483,b0f066a214c2f5e87bad3c948f4d605d)
Start importing Packages/com.unity.collab-proxy/Editor/CodeEditor/Keyboard.cs using Guid(7d9221bc32738c5498b01916d61a39b9) Importer(2089858483,b0f066a214c2f5e87bad3c948f4d605d) (ScriptedImporter) -> (artifact id: 'd6afa10f05635ed22751fb6d4af71a33') in 0.0689083 seconds
Number of updated asset objects reloaded before import = 0Number of asset objects unloaded after import = 0

========================================================================
Received Import Request.
  Time since last request: 0.000018 seconds.
  path: Packages/com.unity.collab-proxy/Editor/Inspector/InspectorAssetSelection.cs
  artifactKey: Guid(9bef80072d106be4ea36de88adc0e985) Importer(2089858483,b0f066a214c2f5e87bad3c948f4d605d)
Start importing Packages/com.unity.collab-proxy/Editor/Inspector/InspectorAssetSelection.cs using Guid(9bef80072d106be4ea36de88adc0e985) Importer(2089858483,b0f066a214c2f5e87bad3c948f4d605d) (ScriptedImporter) -> (artifact id: '416c2288841f45d50ffdf20da092bf8a') in 0.004911 seconds
Number of updated asset objects reloaded before import = 0Number of asset objects unloaded after import = 0

========================================================================
Received Import Request.
  Time since last request: 0.000019 seconds.
  path: Packages/com.unity.collab-proxy/Editor/Configuration/EncryptionConfigurationDialog.cs
  artifactKey: Guid(68d5bb402c52edc48b494a59b8971758) Importer(2089858483,b0f066a214c2f5e87bad3c948f4d605d)
Start importing Packages/com.unity.collab-proxy/Editor/Configuration/EncryptionConfigurationDialog.cs using Guid(68d5bb402c52edc48b494a59b8971758) Importer(2089858483,b0f066a214c2f5e87bad3c948f4d605d) (ScriptedImporter) -> (artifact id: '58ab1d426a2cfbaedfad2337d31fc23b') in 0.0284836 seconds
Number of updated asset objects reloaded before import = 0Number of asset objects unloaded after import = 0

========================================================================
Received Import Request.
  Time since last request: 0.000029 seconds.
  path: Packages/com.unity.collab-proxy/Editor/Headless/HeadlessGluonViewHost.cs
  artifactKey: Guid(a863d083557069b458628045916c1724) Importer(2089858483,b0f066a214c2f5e87bad3c948f4d605d)
Start importing Packages/com.unity.collab-proxy/Editor/Headless/HeadlessGluonViewHost.cs using Guid(a863d083557069b458628045916c1724) Importer(2089858483,b0f066a214c2f5e87bad3c948f4d605d) (ScriptedImporter) -> (artifact id: '31fd19db192258ff0d9c2a98a2752e98') in 0.0054264 seconds
Number of updated asset objects reloaded before import = 0Number of asset objects unloaded after import = 0

========================================================================
Received Import Request.
  Time since last request: 0.000017 seconds.
  path: Packages/com.unity.collab-proxy/Editor/UI/DrawActionHelpBox.cs
  artifactKey: Guid(30c4cfa3209d4a44480017a19ec5b3b8) Importer(2089858483,b0f066a214c2f5e87bad3c948f4d605d)
Start importing Packages/com.unity.collab-proxy/Editor/UI/DrawActionHelpBox.cs using Guid(30c4cfa3209d4a44480017a19ec5b3b8) Importer(2089858483,b0f066a214c2f5e87bad3c948f4d605d) (ScriptedImporter) -> (artifact id: '39f29cfc3a4136f301e81d8d2f085c34') in 0.0049986 seconds
Number of updated asset objects reloaded before import = 0Number of asset objects unloaded after import = 0

========================================================================
Received Import Request.
  Time since last request: 0.000017 seconds.
  path: Packages/com.unity.collab-proxy/Editor/Topbar/NotificationsArea.cs
  artifactKey: Guid(9c41da65bf0c4ef2bcf303f406d8e2c8) Importer(2089858483,b0f066a214c2f5e87bad3c948f4d605d)
Start importing Packages/com.unity.collab-proxy/Editor/Topbar/NotificationsArea.cs using Guid(9c41da65bf0c4ef2bcf303f406d8e2c8) Importer(2089858483,b0f066a214c2f5e87bad3c948f4d605d) (ScriptedImporter) -> (artifact id: '3fedc241c28100028d0d0866fbd9582b') in 0.0366536 seconds
Number of updated asset objects reloaded before import = 0Number of asset objects unloaded after import = 0

========================================================================
Received Import Request.
  Time since last request: 0.000023 seconds.
  path: Packages/com.unity.collab-proxy/Editor/Headless/HeadlessViewSwitcher.cs
  artifactKey: Guid(e5854d1a1c573e040afdbb54103decf3) Importer(2089858483,b0f066a214c2f5e87bad3c948f4d605d)
Start importing Packages/com.unity.collab-proxy/Editor/Headless/HeadlessViewSwitcher.cs using Guid(e5854d1a1c573e040afdbb54103decf3) Importer(2089858483,b0f066a214c2f5e87bad3c948f4d605d) (ScriptedImporter) -> (artifact id: '22cefbddb89c3563965ca82232a86edf') in 0.005261 seconds
Number of updated asset objects reloaded before import = 0Number of asset objects unloaded after import = 0

========================================================================
Received Import Request.
  Time since last request: 0.000030 seconds.
  path: Packages/com.unity.collab-proxy/Editor/Configuration/MissingEncryptionPasswordPromptHandler.cs
  artifactKey: Guid(4f6e4f3809c687045b21461609e2f78b) Importer(2089858483,b0f066a214c2f5e87bad3c948f4d605d)
Start importing Packages/com.unity.collab-proxy/Editor/Configuration/MissingEncryptionPasswordPromptHandler.cs using Guid(4f6e4f3809c687045b21461609e2f78b) Importer(2089858483,b0f066a214c2f5e87bad3c948f4d605d) (ScriptedImporter) -> (artifact id: '33cd2faf20aebfe4465200e8df5a5a79') in 0.0049605 seconds
Number of updated asset objects reloaded before import = 0Number of asset objects unloaded after import = 0

========================================================================
Received Import Request.
  Time since last request: 0.000018 seconds.
  path: Packages/com.unity.collab-proxy/Editor/Settings/UVCSProjectSettingsProvider.cs
  artifactKey: Guid(d097a5d507694ba7ac97bc9a9f2942e3) Importer(2089858483,b0f066a214c2f5e87bad3c948f4d605d)
Start importing Packages/com.unity.collab-proxy/Editor/Settings/UVCSProjectSettingsProvider.cs using Guid(d097a5d507694ba7ac97bc9a9f2942e3) Importer(2089858483,b0f066a214c2f5e87bad3c948f4d605d) (ScriptedImporter) -> (artifact id: 'c897d31351e953b6ea19c7b8994a60e9') in 0.0079394 seconds
Number of updated asset objects reloaded before import = 0Number of asset objects unloaded after import = 0

========================================================================
Received Import Request.
  Time since last request: 0.000020 seconds.
  path: Packages/com.unity.collab-proxy/Editor/Topbar/TopbarButtons.cs
  artifactKey: Guid(a4431274b9694af98cec7d089835c6a4) Importer(2089858483,b0f066a214c2f5e87bad3c948f4d605d)
Start importing Packages/com.unity.collab-proxy/Editor/Topbar/TopbarButtons.cs using Guid(a4431274b9694af98cec7d089835c6a4) Importer(2089858483,b0f066a214c2f5e87bad3c948f4d605d) (ScriptedImporter) -> (artifact id: 'cc0c71d547918c66fd3cf808afe871af') in 0.0668658 seconds
Number of updated asset objects reloaded before import = 0Number of asset objects unloaded after import = 0

========================================================================
Received Import Request.
  Time since last request: 0.000020 seconds.
  path: Packages/com.unity.collab-proxy/Editor/SceneView/DrawSceneOperations.cs
  artifactKey: Guid(204b6e52ab6164e478f852a359e0c0c0) Importer(2089858483,b0f066a214c2f5e87bad3c948f4d605d)
Start importing Packages/com.unity.collab-proxy/Editor/SceneView/DrawSceneOperations.cs using Guid(204b6e52ab6164e478f852a359e0c0c0) Importer(2089858483,b0f066a214c2f5e87bad3c948f4d605d) (ScriptedImporter) -> (artifact id: 'd9dee8d8cac8df883d979e5b8f152dd5') in 0.0053308 seconds
Number of updated asset objects reloaded before import = 0Number of asset objects unloaded after import = 0

========================================================================
Received Import Request.
  Time since last request: 0.000029 seconds.
  path: Packages/com.unity.collab-proxy/Editor/UI/AvatarColor.cs
  artifactKey: Guid(a2fdee6cdf66471f83f828b59955ed70) Importer(2089858483,b0f066a214c2f5e87bad3c948f4d605d)
Start importing Packages/com.unity.collab-proxy/Editor/UI/AvatarColor.cs using Guid(a2fdee6cdf66471f83f828b59955ed70) Importer(2089858483,b0f066a214c2f5e87bad3c948f4d605d) (ScriptedImporter) -> (artifact id: '7ef170a059cadf9e9bad5bfabe586333') in 0.0054853 seconds
Number of updated asset objects reloaded before import = 0Number of asset objects unloaded after import = 0

========================================================================
Received Import Request.
  Time since last request: 0.000017 seconds.
  path: Packages/com.unity.collab-proxy/Editor/UI/DrawActionButton.cs
  artifactKey: Guid(c08cfcfc4c2c46c46940ed103538acae) Importer(2089858483,b0f066a214c2f5e87bad3c948f4d605d)
Start importing Packages/com.unity.collab-proxy/Editor/UI/DrawActionButton.cs using Guid(c08cfcfc4c2c46c46940ed103538acae) Importer(2089858483,b0f066a214c2f5e87bad3c948f4d605d) (ScriptedImporter) -> (artifact id: 'cdf6698bf33907b2a48a1c2291274a7a') in 0.0049841 seconds
Number of updated asset objects reloaded before import = 0Number of asset objects unloaded after import = 0

========================================================================
Received Import Request.
  Time since last request: 0.000017 seconds.
  path: Packages/com.unity.collab-proxy/Editor/Developer/UpdateProgress.cs
  artifactKey: Guid(ce652d891ad5ed540b0d6e474d00130c) Importer(2089858483,b0f066a214c2f5e87bad3c948f4d605d)
Start importing Packages/com.unity.collab-proxy/Editor/Developer/UpdateProgress.cs using Guid(ce652d891ad5ed540b0d6e474d00130c) Importer(2089858483,b0f066a214c2f5e87bad3c948f4d605d) (ScriptedImporter) -> (artifact id: '0f3b896c9af7065ba6645b7729bc02cd') in 0.0103531 seconds
Number of updated asset objects reloaded before import = 0Number of asset objects unloaded after import = 0

========================================================================
Received Import Request.
  Time since last request: 0.000014 seconds.
  path: Packages/com.unity.collab-proxy/Editor/Developer/CheckinProgress.cs
  artifactKey: Guid(7a0528634c1324f47b7e2e59266dfa4c) Importer(2089858483,b0f066a214c2f5e87bad3c948f4d605d)
Start importing Packages/com.unity.collab-proxy/Editor/Developer/CheckinProgress.cs using Guid(7a0528634c1324f47b7e2e59266dfa4c) Importer(2089858483,b0f066a214c2f5e87bad3c948f4d605d) (ScriptedImporter) -> (artifact id: '2ac901e7e3ddd843c95a7527fcfb7da3') in 0.0043305 seconds
Number of updated asset objects reloaded before import = 0Number of asset objects unloaded after import = 0

========================================================================
Received Import Request.
  Time since last request: 0.000019 seconds.
  path: Packages/com.unity.collab-proxy/Editor/Tool/BringWindowToFront.cs
  artifactKey: Guid(bc5c1fa3d4519114cb21f3fedfe6039d) Importer(2089858483,b0f066a214c2f5e87bad3c948f4d605d)
Start importing Packages/com.unity.collab-proxy/Editor/Tool/BringWindowToFront.cs using Guid(bc5c1fa3d4519114cb21f3fedfe6039d) Importer(2089858483,b0f066a214c2f5e87bad3c948f4d605d) (ScriptedImporter) -> (artifact id: '6e5330119899cca29311ac8eac78987f') in 0.0051829 seconds
Number of updated asset objects reloaded before import = 0Number of asset objects unloaded after import = 0

========================================================================
Received Import Request.
  Time since last request: 0.000029 seconds.
  path: Packages/com.unity.collab-proxy/Editor/Gluon/CheckinProgress.cs
  artifactKey: Guid(201d30422af8ea34193a59b4254b8663) Importer(2089858483,b0f066a214c2f5e87bad3c948f4d605d)
Start importing Packages/com.unity.collab-proxy/Editor/Gluon/CheckinProgress.cs using Guid(201d30422af8ea34193a59b4254b8663) Importer(2089858483,b0f066a214c2f5e87bad3c948f4d605d) (ScriptedImporter) -> (artifact id: 'e82783570f1e29a9a796ff64fe7504c9') in 0.0040683 seconds
Number of updated asset objects reloaded before import = 0Number of asset objects unloaded after import = 0

========================================================================
Received Import Request.
  Time since last request: 0.000020 seconds.
  path: Packages/com.unity.collab-proxy/Editor/Hub/ProcessHubCommand.cs
  artifactKey: Guid(94a5d27698bed3d42beabebcedbf1f23) Importer(2089858483,b0f066a214c2f5e87bad3c948f4d605d)
Start importing Packages/com.unity.collab-proxy/Editor/Hub/ProcessHubCommand.cs using Guid(94a5d27698bed3d42beabebcedbf1f23) Importer(2089858483,b0f066a214c2f5e87bad3c948f4d605d) (ScriptedImporter) -> (artifact id: '6bbb9970f2e0239932f959c7d6509f2f') in 0.0053586 seconds
Number of updated asset objects reloaded before import = 0Number of asset objects unloaded after import = 0

========================================================================
Received Import Request.
  Time since last request: 0.000018 seconds.
  path: Packages/com.unity.collab-proxy/Editor/Diff/DiffMessagePanel.cs
  artifactKey: Guid(26e3da9604f1418d8da4a0b39108d6e7) Importer(2089858483,b0f066a214c2f5e87bad3c948f4d605d)
Start importing Packages/com.unity.collab-proxy/Editor/Diff/DiffMessagePanel.cs using Guid(26e3da9604f1418d8da4a0b39108d6e7) Importer(2089858483,b0f066a214c2f5e87bad3c948f4d605d) (ScriptedImporter) -> (artifact id: 'b6cb78ef1d2f8205d7e2973b3e4d8098') in 0.0037343 seconds
Number of updated asset objects reloaded before import = 0Number of asset objects unloaded after import = 0

========================================================================
Received Import Request.
  Time since last request: 0.000018 seconds.
  path: Packages/com.unity.collab-proxy/Editor/Diff/UnityBigFileChecker.cs
  artifactKey: Guid(82c390af6cf64e9aaa35f2cfe24178a7) Importer(2089858483,b0f066a214c2f5e87bad3c948f4d605d)
Start importing Packages/com.unity.collab-proxy/Editor/Diff/UnityBigFileChecker.cs using Guid(82c390af6cf64e9aaa35f2cfe24178a7) Importer(2089858483,b0f066a214c2f5e87bad3c948f4d605d) (ScriptedImporter) -> (artifact id: 'c8f3b11fad868b07ba99619a68ec8221') in 0.0036717 seconds
Number of updated asset objects reloaded before import = 0Number of asset objects unloaded after import = 0

========================================================================
Received Import Request.
  Time since last request: 0.000022 seconds.
  path: Packages/com.unity.collab-proxy/Editor/UI/CloseWindowIfOpened.cs
  artifactKey: Guid(25e3b426e5be4f64db3f9184fd625379) Importer(2089858483,b0f066a214c2f5e87bad3c948f4d605d)
Start importing Packages/com.unity.collab-proxy/Editor/UI/CloseWindowIfOpened.cs using Guid(25e3b426e5be4f64db3f9184fd625379) Importer(2089858483,b0f066a214c2f5e87bad3c948f4d605d) (ScriptedImporter) -> (artifact id: 'e2aec1111bc740b38f69f431b565eeb6') in 0.0050118 seconds
Number of updated asset objects reloaded before import = 0Number of asset objects unloaded after import = 0

========================================================================
Received Import Request.
  Time since last request: 1.474919 seconds.
  path: Packages/com.unity.collab-proxy/Editor/UI/DrawCopyableLabel.cs
  artifactKey: Guid(eda42d85846dab04a81db79ea2ab5e12) Importer(2089858483,b0f066a214c2f5e87bad3c948f4d605d)
Start importing Packages/com.unity.collab-proxy/Editor/UI/DrawCopyableLabel.cs using Guid(eda42d85846dab04a81db79ea2ab5e12) Importer(2089858483,b0f066a214c2f5e87bad3c948f4d605d) (ScriptedImporter) -> (artifact id: 'bef1237bda44c203948d35e27ca457b7') in 0.0100561 seconds
Number of updated asset objects reloaded before import = 0Number of asset objects unloaded after import = 0

========================================================================
Received Import Request.
  Time since last request: 0.000015 seconds.
  path: Packages/com.unity.collab-proxy/Editor/UI/UnityEvents.cs
  artifactKey: Guid(023009af66be2da4d84bf23700528308) Importer(2089858483,b0f066a214c2f5e87bad3c948f4d605d)
Start importing Packages/com.unity.collab-proxy/Editor/UI/UnityEvents.cs using Guid(023009af66be2da4d84bf23700528308) Importer(2089858483,b0f066a214c2f5e87bad3c948f4d605d) (ScriptedImporter) -> (artifact id: '9799a05034a0cc135d6d924386857084') in 0.0375853 seconds
Number of updated asset objects reloaded before import = 0Number of asset objects unloaded after import = 0

========================================================================
Received Import Request.
  Time since last request: 0.000018 seconds.
  path: Packages/com.unity.collab-proxy/Editor/Assets/Images/d_iconadd.png
  artifactKey: Guid(864f64164beae6141b39879e1b6f4031) Importer(2089858483,b0f066a214c2f5e87bad3c948f4d605d)
Start importing Packages/com.unity.collab-proxy/Editor/Assets/Images/d_iconadd.png using Guid(864f64164beae6141b39879e1b6f4031) Importer(2089858483,b0f066a214c2f5e87bad3c948f4d605d) (ScriptedImporter) -> (artifact id: 'bb153ee9b650fcb44e085dd14910bbe3') in 0.0575118 seconds
Number of updated asset objects reloaded before import = 0Number of asset objects unloaded after import = 3

========================================================================
Received Import Request.
  Time since last request: 0.000019 seconds.
  path: Packages/com.unity.collab-proxy/Editor/Assets/Images/d_buttonhome.png
  artifactKey: Guid(09fca212d621e844a8a0f11a9ac6c1bc) Importer(2089858483,b0f066a214c2f5e87bad3c948f4d605d)
Start importing Packages/com.unity.collab-proxy/Editor/Assets/Images/d_buttonhome.png using Guid(09fca212d621e844a8a0f11a9ac6c1bc) Importer(2089858483,b0f066a214c2f5e87bad3c948f4d605d) (ScriptedImporter) -> (artifact id: 'ac3eb2fa58efcb2c09d905bd083e2fea') in 0.0101287 seconds
Number of updated asset objects reloaded before import = 0Number of asset objects unloaded after import = 3

========================================================================
Received Import Request.
  Time since last request: 0.000029 seconds.
  path: Packages/com.unity.collab-proxy/Editor/Views/ApplyShelveWithConflictsQuestionerBuilder.cs
  artifactKey: Guid(da54c27b153842f8b52711ef467ad986) Importer(2089858483,b0f066a214c2f5e87bad3c948f4d605d)
Start importing Packages/com.unity.collab-proxy/Editor/Views/ApplyShelveWithConflictsQuestionerBuilder.cs using Guid(da54c27b153842f8b52711ef467ad986) Importer(2089858483,b0f066a214c2f5e87bad3c948f4d605d) (ScriptedImporter) -> (artifact id: 'cdb1aa116002c5333e0ab3493bbf5c2a') in 0.0055929 seconds
Number of updated asset objects reloaded before import = 0Number of asset objects unloaded after import = 0

========================================================================
Received Import Request.
  Time since last request: 0.000020 seconds.
  path: Packages/com.unity.collab-proxy/Editor/Assets/Images/d_iconclipboard.png
  artifactKey: Guid(3f65802f2a170a145bd30ab3801b8d80) Importer(2089858483,b0f066a214c2f5e87bad3c948f4d605d)
Start importing Packages/com.unity.collab-proxy/Editor/Assets/Images/d_iconclipboard.png using Guid(3f65802f2a170a145bd30ab3801b8d80) Importer(2089858483,b0f066a214c2f5e87bad3c948f4d605d) (ScriptedImporter) -> (artifact id: 'fc624792ac782f24f52ecaa7713bfe37') in 0.011455 seconds
Number of updated asset objects reloaded before import = 0Number of asset objects unloaded after import = 3

========================================================================
Received Import Request.
  Time since last request: 0.000018 seconds.
  path: Packages/com.unity.collab-proxy/Editor/UI/FindEditorWindow.cs
  artifactKey: Guid(0f5401cd5ff8fc4409bf9540072b14bc) Importer(2089858483,b0f066a214c2f5e87bad3c948f4d605d)
Start importing Packages/com.unity.collab-proxy/Editor/UI/FindEditorWindow.cs using Guid(0f5401cd5ff8fc4409bf9540072b14bc) Importer(2089858483,b0f066a214c2f5e87bad3c948f4d605d) (ScriptedImporter) -> (artifact id: '8c887e1bd1957db0d9d3d76944e6efc0') in 0.0053463 seconds
Number of updated asset objects reloaded before import = 0Number of asset objects unloaded after import = 0

========================================================================
Received Import Request.
  Time since last request: 0.000020 seconds.
  path: Packages/com.unity.collab-proxy/Lib/Editor/zlib64Plastic.dll
  artifactKey: Guid(2f0909bef14cc58438d6fcea85ba8555) Importer(2089858483,b0f066a214c2f5e87bad3c948f4d605d)
Start importing Packages/com.unity.collab-proxy/Lib/Editor/zlib64Plastic.dll using Guid(2f0909bef14cc58438d6fcea85ba8555) Importer(2089858483,b0f066a214c2f5e87bad3c948f4d605d) (ScriptedImporter) -> (artifact id: 'ffc9dacaa5330b8d0f99f3524ad8bbbd') in 0.0060927 seconds
Number of updated asset objects reloaded before import = 0Number of asset objects unloaded after import = 0

========================================================================
Received Import Request.
  Time since last request: 0.000041 seconds.
  path: Packages/com.unity.collab-proxy/Editor/UnityInternals/Unity.CollabProxy.Editor.asmdef
  artifactKey: Guid(17b36165d09634a48bf5a0e4bb27f4bd) Importer(2089858483,b0f066a214c2f5e87bad3c948f4d605d)
Start importing Packages/com.unity.collab-proxy/Editor/UnityInternals/Unity.CollabProxy.Editor.asmdef using Guid(17b36165d09634a48bf5a0e4bb27f4bd) Importer(2089858483,b0f066a214c2f5e87bad3c948f4d605d) (ScriptedImporter) -> (artifact id: '95f866445c0fcd20c91bb3ad828b650f') in 0.0054122 seconds
Number of updated asset objects reloaded before import = 0Number of asset objects unloaded after import = 1

========================================================================
Received Import Request.
  Time since last request: 0.000018 seconds.
  path: Packages/com.unity.collab-proxy/Editor/AssetOverlays/Cache/BuildPathDictionary.cs
  artifactKey: Guid(9c963b5d17c74314eb7105e71377cdb8) Importer(2089858483,b0f066a214c2f5e87bad3c948f4d605d)
Start importing Packages/com.unity.collab-proxy/Editor/AssetOverlays/Cache/BuildPathDictionary.cs using Guid(9c963b5d17c74314eb7105e71377cdb8) Importer(2089858483,b0f066a214c2f5e87bad3c948f4d605d) (ScriptedImporter) -> (artifact id: 'c794fc2632c38e1aabf1c1072833f6d9') in 0.0060029 seconds
Number of updated asset objects reloaded before import = 0Number of asset objects unloaded after import = 0

========================================================================
Received Import Request.
  Time since last request: 0.000017 seconds.
  path: Packages/com.unity.collab-proxy/Editor/Assets/Images/d_ArrowCaretLeft@2x.png
  artifactKey: Guid(b3e01e80c420d4ac9a425a6abf8c99ec) Importer(2089858483,b0f066a214c2f5e87bad3c948f4d605d)
Start importing Packages/com.unity.collab-proxy/Editor/Assets/Images/d_ArrowCaretLeft@2x.png using Guid(b3e01e80c420d4ac9a425a6abf8c99ec) Importer(2089858483,b0f066a214c2f5e87bad3c948f4d605d) (ScriptedImporter) -> (artifact id: 'd14dfba168a74e8226d0f7cec3359505') in 0.0091704 seconds
Number of updated asset objects reloaded before import = 0Number of asset objects unloaded after import = 3

========================================================================
Received Import Request.
  Time since last request: 0.000023 seconds.
  path: Packages/com.unity.collab-proxy/Editor/Assets/Images/d_iconbranches@2x.png
  artifactKey: Guid(874d8401331ede14087e8d8d486ddda6) Importer(2089858483,b0f066a214c2f5e87bad3c948f4d605d)
Start importing Packages/com.unity.collab-proxy/Editor/Assets/Images/d_iconbranches@2x.png using Guid(874d8401331ede14087e8d8d486ddda6) Importer(2089858483,b0f066a214c2f5e87bad3c948f4d605d) (ScriptedImporter) -> (artifact id: 'b0855c382f75745fb009366af47c763f') in 0.0103404 seconds
Number of updated asset objects reloaded before import = 0Number of asset objects unloaded after import = 1

========================================================================
Received Import Request.
  Time since last request: 0.000028 seconds.
  path: Packages/com.unity.collab-proxy/Editor/Assets/Images/d_iconclouddriveview@2x.png
  artifactKey: Guid(59eedc7f076ac5749993ec0e94b87af3) Importer(2089858483,b0f066a214c2f5e87bad3c948f4d605d)
Start importing Packages/com.unity.collab-proxy/Editor/Assets/Images/d_iconclouddriveview@2x.png using Guid(59eedc7f076ac5749993ec0e94b87af3) Importer(2089858483,b0f066a214c2f5e87bad3c948f4d605d) (ScriptedImporter) -> (artifact id: 'f7cfbd4281d06348201543dc15135859') in 0.0096236 seconds
Number of updated asset objects reloaded before import = 0Number of asset objects unloaded after import = 3

========================================================================
Received Import Request.
  Time since last request: 0.000029 seconds.
  path: Packages/com.unity.collab-proxy/Editor/Assets/Fonts/Cascadia.ttf
  artifactKey: Guid(9229ae5dbc38f488d921156ff75869e9) Importer(2089858483,b0f066a214c2f5e87bad3c948f4d605d)
Start importing Packages/com.unity.collab-proxy/Editor/Assets/Fonts/Cascadia.ttf using Guid(9229ae5dbc38f488d921156ff75869e9) Importer(2089858483,b0f066a214c2f5e87bad3c948f4d605d) (ScriptedImporter) -> (artifact id: '9367c6b3f864ed821bc83f35d4389433') in 0.0160672 seconds
Number of updated asset objects reloaded before import = 0Number of asset objects unloaded after import = 3

========================================================================
Received Import Request.
  Time since last request: 0.000015 seconds.
  path: Packages/com.unity.collab-proxy/Editor/WebApi/TokenExchangeResponse.cs
  artifactKey: Guid(4932f8b3d8c26804bb16dc5cb5b766ce) Importer(2089858483,b0f066a214c2f5e87bad3c948f4d605d)
Start importing Packages/com.unity.collab-proxy/Editor/WebApi/TokenExchangeResponse.cs using Guid(4932f8b3d8c26804bb16dc5cb5b766ce) Importer(2089858483,b0f066a214c2f5e87bad3c948f4d605d) (ScriptedImporter) -> (artifact id: '2e9544a1b7c1e72203b9bb6b572ab959') in 0.0040883 seconds
Number of updated asset objects reloaded before import = 0Number of asset objects unloaded after import = 0

========================================================================
Received Import Request.
  Time since last request: 0.000016 seconds.
  path: Packages/com.unity.collab-proxy/Editor/UI/UnityPlasticGuiMessage.cs
  artifactKey: Guid(ee61022c90cce0b49bb0e459b11ec2ee) Importer(2089858483,b0f066a214c2f5e87bad3c948f4d605d)
Start importing Packages/com.unity.collab-proxy/Editor/UI/UnityPlasticGuiMessage.cs using Guid(ee61022c90cce0b49bb0e459b11ec2ee) Importer(2089858483,b0f066a214c2f5e87bad3c948f4d605d) (ScriptedImporter) -> (artifact id: 'dff5c498e6f9b85936e9299482b383da') in 0.0039295 seconds
Number of updated asset objects reloaded before import = 0Number of asset objects unloaded after import = 0

========================================================================
Received Import Request.
  Time since last request: 0.000026 seconds.
  path: Packages/com.unity.collab-proxy/Lib/Editor/unityplastic.dll
  artifactKey: Guid(a4362cb806af7495c834c5267b90e574) Importer(2089858483,b0f066a214c2f5e87bad3c948f4d605d)
Start importing Packages/com.unity.collab-proxy/Lib/Editor/unityplastic.dll using Guid(a4362cb806af7495c834c5267b90e574) Importer(2089858483,b0f066a214c2f5e87bad3c948f4d605d) (ScriptedImporter) -> (artifact id: 'dd199a077561ef4d1bcd8e325f0776a3') in 0.005468 seconds
Number of updated asset objects reloaded before import = 0Number of asset objects unloaded after import = 0

========================================================================
Received Import Request.
  Time since last request: 0.000015 seconds.
  path: Packages/com.unity.collab-proxy/Editor/UI/INotificationContent.cs
  artifactKey: Guid(2bd4f044bfa05a14ebd7f4e6dcd0fb74) Importer(2089858483,b0f066a214c2f5e87bad3c948f4d605d)
Start importing Packages/com.unity.collab-proxy/Editor/UI/INotificationContent.cs using Guid(2bd4f044bfa05a14ebd7f4e6dcd0fb74) Importer(2089858483,b0f066a214c2f5e87bad3c948f4d605d) (ScriptedImporter) -> (artifact id: 'a6295825a5386a0a69922d86ae446c8c') in 0.0053519 seconds
Number of updated asset objects reloaded before import = 0Number of asset objects unloaded after import = 0

========================================================================
Received Import Request.
  Time since last request: 0.000015 seconds.
  path: Packages/com.unity.collab-proxy/Lib/Editor/log4netPlastic.dll
  artifactKey: Guid(e60bdd1e4f6314d2382f323172110798) Importer(2089858483,b0f066a214c2f5e87bad3c948f4d605d)
Start importing Packages/com.unity.collab-proxy/Lib/Editor/log4netPlastic.dll using Guid(e60bdd1e4f6314d2382f323172110798) Importer(2089858483,b0f066a214c2f5e87bad3c948f4d605d) (ScriptedImporter) -> (artifact id: 'b5bbefbdb473a53e0ec34422b41f7a18') in 0.0048956 seconds
Number of updated asset objects reloaded before import = 0Number of asset objects unloaded after import = 0

========================================================================
Received Import Request.
  Time since last request: 0.000019 seconds.
  path: Packages/com.unity.collab-proxy/Editor/UI/EntryBuilder.cs
  artifactKey: Guid(97b51e80cfabfe341958267f3d6c2ed6) Importer(2089858483,b0f066a214c2f5e87bad3c948f4d605d)
Start importing Packages/com.unity.collab-proxy/Editor/UI/EntryBuilder.cs using Guid(97b51e80cfabfe341958267f3d6c2ed6) Importer(2089858483,b0f066a214c2f5e87bad3c948f4d605d) (ScriptedImporter) -> (artifact id: '9df163d55a4e74a52ec07e045af3dba5') in 0.0038771 seconds
Number of updated asset objects reloaded before import = 0Number of asset objects unloaded after import = 0

========================================================================
Received Import Request.
  Time since last request: 0.000019 seconds.
  path: Packages/com.unity.collab-proxy/Editor/Views/DownloadPlasticExeDialog.cs
  artifactKey: Guid(08dbb8d51633f2f4bab9912fbce3e247) Importer(2089858483,b0f066a214c2f5e87bad3c948f4d605d)
Start importing Packages/com.unity.collab-proxy/Editor/Views/DownloadPlasticExeDialog.cs using Guid(08dbb8d51633f2f4bab9912fbce3e247) Importer(2089858483,b0f066a214c2f5e87bad3c948f4d605d) (ScriptedImporter) -> (artifact id: '1c252bd1d0ebce5cb952b8e59d4196de') in 0.0054719 seconds
Number of updated asset objects reloaded before import = 0Number of asset objects unloaded after import = 0

========================================================================
Received Import Request.
  Time since last request: 0.000028 seconds.
  path: Packages/com.unity.collab-proxy/Editor/Assets/Images/d_iconbrex.png
  artifactKey: Guid(d44f9c7a4044e1845b5b3627ba32fb10) Importer(2089858483,b0f066a214c2f5e87bad3c948f4d605d)
Start importing Packages/com.unity.collab-proxy/Editor/Assets/Images/d_iconbrex.png using Guid(d44f9c7a4044e1845b5b3627ba32fb10) Importer(2089858483,b0f066a214c2f5e87bad3c948f4d605d) (ScriptedImporter) -> (artifact id: 'e6dfca4508c65d918fd94d7a0b32298e') in 0.0077333 seconds
Number of updated asset objects reloaded before import = 0Number of asset objects unloaded after import = 3

========================================================================
Received Import Request.
  Time since last request: 0.000017 seconds.
  path: Packages/com.unity.collab-proxy/Editor/UI/GuiEnabled.cs
  artifactKey: Guid(3a4d828da4d125740924da08b5fbe1cb) Importer(2089858483,b0f066a214c2f5e87bad3c948f4d605d)
Start importing Packages/com.unity.collab-proxy/Editor/UI/GuiEnabled.cs using Guid(3a4d828da4d125740924da08b5fbe1cb) Importer(2089858483,b0f066a214c2f5e87bad3c948f4d605d) (ScriptedImporter) -> (artifact id: 'd4c97dc31886731e24af4602a82cfe6a') in 0.0046915 seconds
Number of updated asset objects reloaded before import = 0Number of asset objects unloaded after import = 0

========================================================================
Received Import Request.
  Time since last request: 0.000017 seconds.
  path: Packages/com.unity.collab-proxy/Editor/UI/EnumPopupSetting.cs
  artifactKey: Guid(de396a7891b8b7f4f9649c3ccee67421) Importer(2089858483,b0f066a214c2f5e87bad3c948f4d605d)
Start importing Packages/com.unity.collab-proxy/Editor/UI/EnumPopupSetting.cs using Guid(de396a7891b8b7f4f9649c3ccee67421) Importer(2089858483,b0f066a214c2f5e87bad3c948f4d605d) (ScriptedImporter) -> (artifact id: '1f783bbeba9b28002c4bd702a3111dd7') in 0.003469 seconds
Number of updated asset objects reloaded before import = 0Number of asset objects unloaded after import = 0

========================================================================
Received Import Request.
  Time since last request: 0.000017 seconds.
  path: Packages/com.unity.collab-proxy/Editor/AssetMenu/Dialogs/CheckinDialogOperations.cs
  artifactKey: Guid(c44a2ac668da0a04d9e567739215b2eb) Importer(2089858483,b0f066a214c2f5e87bad3c948f4d605d)
Start importing Packages/com.unity.collab-proxy/Editor/AssetMenu/Dialogs/CheckinDialogOperations.cs using Guid(c44a2ac668da0a04d9e567739215b2eb) Importer(2089858483,b0f066a214c2f5e87bad3c948f4d605d) (ScriptedImporter) -> (artifact id: 'a8d5473bd0eec3c0ca1bc14495bfb373') in 0.0038156 seconds
Number of updated asset objects reloaded before import = 0Number of asset objects unloaded after import = 0

========================================================================
Received Import Request.
  Time since last request: 0.000023 seconds.
  path: Packages/com.unity.collab-proxy/Editor/UI/UnityMenuItem.cs
  artifactKey: Guid(ad0c4895dbf7aeb459c1d136884a7998) Importer(2089858483,b0f066a214c2f5e87bad3c948f4d605d)
Start importing Packages/com.unity.collab-proxy/Editor/UI/UnityMenuItem.cs using Guid(ad0c4895dbf7aeb459c1d136884a7998) Importer(2089858483,b0f066a214c2f5e87bad3c948f4d605d) (ScriptedImporter) -> (artifact id: '3757687805473462dc59f9ea2ce697b0') in 0.0037776 seconds
Number of updated asset objects reloaded before import = 0Number of asset objects unloaded after import = 0

========================================================================
Received Import Request.
  Time since last request: 0.000030 seconds.
  path: Packages/com.unity.collab-proxy/Editor/UI/SplitterSettings.cs
  artifactKey: Guid(b3b18600c13f447a90bf04fc2a6dc2d5) Importer(2089858483,b0f066a214c2f5e87bad3c948f4d605d)
Start importing Packages/com.unity.collab-proxy/Editor/UI/SplitterSettings.cs using Guid(b3b18600c13f447a90bf04fc2a6dc2d5) Importer(2089858483,b0f066a214c2f5e87bad3c948f4d605d) (ScriptedImporter) -> (artifact id: '37b34fd6df0c18f2749fed8dc385eba7') in 0.004325 seconds
Number of updated asset objects reloaded before import = 0Number of asset objects unloaded after import = 0

========================================================================
Received Import Request.
  Time since last request: 0.000018 seconds.
  path: Packages/com.unity.collab-proxy/Editor/UI/InputTextDialog.cs
  artifactKey: Guid(e269ac752b6af4e40bc8fbf471ece79b) Importer(2089858483,b0f066a214c2f5e87bad3c948f4d605d)
Start importing Packages/com.unity.collab-proxy/Editor/UI/InputTextDialog.cs using Guid(e269ac752b6af4e40bc8fbf471ece79b) Importer(2089858483,b0f066a214c2f5e87bad3c948f4d605d) (ScriptedImporter) -> (artifact id: '743ae8c996ee9d5c6e8dc2d27336f788') in 0.0054104 seconds
Number of updated asset objects reloaded before import = 0Number of asset objects unloaded after import = 0

========================================================================
Received Import Request.
  Time since last request: 0.000018 seconds.
  path: Packages/com.unity.collab-proxy/Editor/UI/UnityThreadWaiter.cs
  artifactKey: Guid(83e946775d0516c4aba77860a60ed6e6) Importer(2089858483,b0f066a214c2f5e87bad3c948f4d605d)
Start importing Packages/com.unity.collab-proxy/Editor/UI/UnityThreadWaiter.cs using Guid(83e946775d0516c4aba77860a60ed6e6) Importer(2089858483,b0f066a214c2f5e87bad3c948f4d605d) (ScriptedImporter) -> (artifact id: '11dec2b6f5f3199418da23f8fd826440') in 0.0041266 seconds
Number of updated asset objects reloaded before import = 0Number of asset objects unloaded after import = 0

========================================================================
Received Import Request.
  Time since last request: 0.000021 seconds.
  path: Packages/com.unity.collab-proxy/Editor/Assets/Images/d_iconcheckedoutlocaloverlay@2x.png
  artifactKey: Guid(8d98ab6168c3e91439339f1908b8fe97) Importer(2089858483,b0f066a214c2f5e87bad3c948f4d605d)
Start importing Packages/com.unity.collab-proxy/Editor/Assets/Images/d_iconcheckedoutlocaloverlay@2x.png using Guid(8d98ab6168c3e91439339f1908b8fe97) Importer(2089858483,b0f066a214c2f5e87bad3c948f4d605d) (ScriptedImporter) -> (artifact id: 'b64a20bb776c8cf52d6b42b5f417262e') in 0.0095908 seconds
Number of updated asset objects reloaded before import = 0Number of asset objects unloaded after import = 1

========================================================================
Received Import Request.
  Time since last request: 0.972534 seconds.
  path: Packages/com.unity.collab-proxy/Editor/Assets/Images/d_icondeletedremoteoverlay.png
  artifactKey: Guid(3de8a0634e55df8499c88204001cb0dd) Importer(2089858483,b0f066a214c2f5e87bad3c948f4d605d)
Start importing Packages/com.unity.collab-proxy/Editor/Assets/Images/d_icondeletedremoteoverlay.png using Guid(3de8a0634e55df8499c88204001cb0dd) Importer(2089858483,b0f066a214c2f5e87bad3c948f4d605d) (ScriptedImporter) -> (artifact id: 'b6d653c900b6cea6211835fc5748fc58') in 0.0178489 seconds
Number of updated asset objects reloaded before import = 0Number of asset objects unloaded after import = 1

========================================================================
Received Import Request.
  Time since last request: 0.000016 seconds.
  path: Packages/com.unity.collab-proxy/Editor/Assets/Images/iconbranches@2x.png
  artifactKey: Guid(e45389a8a97044d4caf408f252370632) Importer(2089858483,b0f066a214c2f5e87bad3c948f4d605d)
Start importing Packages/com.unity.collab-proxy/Editor/Assets/Images/iconbranches@2x.png using Guid(e45389a8a97044d4caf408f252370632) Importer(2089858483,b0f066a214c2f5e87bad3c948f4d605d) (ScriptedImporter) -> (artifact id: '4f6c5d8d32d6403656bb1dbf6c81969f') in 0.0110156 seconds
Number of updated asset objects reloaded before import = 0Number of asset objects unloaded after import = 1

========================================================================
Received Import Request.
  Time since last request: 0.000024 seconds.
  path: Packages/com.unity.collab-proxy/Editor/Assets/Images/d_inclusionrule@2x.png
  artifactKey: Guid(bcc1ec3ffeb1c46f7abd19daa3e05f49) Importer(2089858483,b0f066a214c2f5e87bad3c948f4d605d)
Start importing Packages/com.unity.collab-proxy/Editor/Assets/Images/d_inclusionrule@2x.png using Guid(bcc1ec3ffeb1c46f7abd19daa3e05f49) Importer(2089858483,b0f066a214c2f5e87bad3c948f4d605d) (ScriptedImporter) -> (artifact id: '4b43e0803b447190ea2308c21df7b920') in 0.0255865 seconds
Number of updated asset objects reloaded before import = 0Number of asset objects unloaded after import = 3

========================================================================
Received Import Request.
  Time since last request: 0.000020 seconds.
  path: Packages/com.unity.collab-proxy/Editor/Assets/Images/d_iconoutofsyncoverlay@2x.png
  artifactKey: Guid(4d7e6e570e9d65a4c9a994783a0652e2) Importer(2089858483,b0f066a214c2f5e87bad3c948f4d605d)
Start importing Packages/com.unity.collab-proxy/Editor/Assets/Images/d_iconoutofsyncoverlay@2x.png using Guid(4d7e6e570e9d65a4c9a994783a0652e2) Importer(2089858483,b0f066a214c2f5e87bad3c948f4d605d) (ScriptedImporter) -> (artifact id: 'fa5bafa00ab8e9a98ac6ef6c64464b9a') in 0.0081747 seconds
Number of updated asset objects reloaded before import = 0Number of asset objects unloaded after import = 1

========================================================================
Received Import Request.
  Time since last request: 0.000014 seconds.
  path: Packages/com.unity.collab-proxy/Editor/Assets/Images/iconcheckedoutlocaloverlay.png
  artifactKey: Guid(eb591dd22aae343468cc4dd017c550d0) Importer(2089858483,b0f066a214c2f5e87bad3c948f4d605d)
Start importing Packages/com.unity.collab-proxy/Editor/Assets/Images/iconcheckedoutlocaloverlay.png using Guid(eb591dd22aae343468cc4dd017c550d0) Importer(2089858483,b0f066a214c2f5e87bad3c948f4d605d) (ScriptedImporter) -> (artifact id: 'a0e4552b448f2dabb1a72181aa2d580d') in 0.0096993 seconds
Number of updated asset objects reloaded before import = 0Number of asset objects unloaded after import = 3

========================================================================
Received Import Request.
  Time since last request: 0.000016 seconds.
  path: Packages/com.unity.collab-proxy/Editor/Assets/Images/d_iconrepository.png
  artifactKey: Guid(4a4dfcc81b0e1214fbbd0003c8ab4070) Importer(2089858483,b0f066a214c2f5e87bad3c948f4d605d)
Start importing Packages/com.unity.collab-proxy/Editor/Assets/Images/d_iconrepository.png using Guid(4a4dfcc81b0e1214fbbd0003c8ab4070) Importer(2089858483,b0f066a214c2f5e87bad3c948f4d605d) (ScriptedImporter) -> (artifact id: 'c2b50ea04711b901e734588d780ba876') in 0.0097677 seconds
Number of updated asset objects reloaded before import = 0Number of asset objects unloaded after import = 3

========================================================================
Received Import Request.
  Time since last request: 0.000029 seconds.
  path: Packages/com.unity.collab-proxy/Editor/Assets/Images/d_step3@2x.png
  artifactKey: Guid(c9ed6d6ea2f9657409bfa068d4846139) Importer(2089858483,b0f066a214c2f5e87bad3c948f4d605d)
Start importing Packages/com.unity.collab-proxy/Editor/Assets/Images/d_step3@2x.png using Guid(c9ed6d6ea2f9657409bfa068d4846139) Importer(2089858483,b0f066a214c2f5e87bad3c948f4d605d) (ScriptedImporter) -> (artifact id: '0e702f628db5b672ece846530948d938') in 0.0096934 seconds
Number of updated asset objects reloaded before import = 0Number of asset objects unloaded after import = 1

========================================================================
Received Import Request.
  Time since last request: 0.000016 seconds.
  path: Packages/com.unity.collab-proxy/Editor/Assets/Images/d_iconmergeview.png
  artifactKey: Guid(998e4aae0494244578bee3771d57801c) Importer(2089858483,b0f066a214c2f5e87bad3c948f4d605d)
Start importing Packages/com.unity.collab-proxy/Editor/Assets/Images/d_iconmergeview.png using Guid(998e4aae0494244578bee3771d57801c) Importer(2089858483,b0f066a214c2f5e87bad3c948f4d605d) (ScriptedImporter) -> (artifact id: 'd116ce8036d9329bfa4731eccc6d1002') in 0.0121671 seconds
Number of updated asset objects reloaded before import = 0Number of asset objects unloaded after import = 3

========================================================================
Received Import Request.
  Time since last request: 0.000015 seconds.
  path: Packages/com.unity.collab-proxy/Editor/Assets/Images/d_iconfirst.png
  artifactKey: Guid(4aa6f152b3bc842a6b793662d8374cf1) Importer(2089858483,b0f066a214c2f5e87bad3c948f4d605d)
Start importing Packages/com.unity.collab-proxy/Editor/Assets/Images/d_iconfirst.png using Guid(4aa6f152b3bc842a6b793662d8374cf1) Importer(2089858483,b0f066a214c2f5e87bad3c948f4d605d) (ScriptedImporter) -> (artifact id: 'e8c652fb851e973c99fec9fc27fc0103') in 0.0102759 seconds
Number of updated asset objects reloaded before import = 0Number of asset objects unloaded after import = 3

========================================================================
Received Import Request.
  Time since last request: 0.000017 seconds.
  path: Packages/com.unity.collab-proxy/Editor/Assets/Images/iconaddedlocal@2x.png
  artifactKey: Guid(a67b58d6cddcd4345b1e001340de5a76) Importer(2089858483,b0f066a214c2f5e87bad3c948f4d605d)
Start importing Packages/com.unity.collab-proxy/Editor/Assets/Images/iconaddedlocal@2x.png using Guid(a67b58d6cddcd4345b1e001340de5a76) Importer(2089858483,b0f066a214c2f5e87bad3c948f4d605d) (ScriptedImporter) -> (artifact id: 'd2271ddc28993d62d3742b264edad720') in 0.0081027 seconds
Number of updated asset objects reloaded before import = 0Number of asset objects unloaded after import = 1

========================================================================
Received Import Request.
  Time since last request: 0.000016 seconds.
  path: Packages/com.unity.collab-proxy/Editor/Assets/Images/d_iconoriginalsize.png
  artifactKey: Guid(5787fe7d2b4da4b75a337e07cb5e1062) Importer(2089858483,b0f066a214c2f5e87bad3c948f4d605d)
Start importing Packages/com.unity.collab-proxy/Editor/Assets/Images/d_iconoriginalsize.png using Guid(5787fe7d2b4da4b75a337e07cb5e1062) Importer(2089858483,b0f066a214c2f5e87bad3c948f4d605d) (ScriptedImporter) -> (artifact id: '7a06d9a1f24337c19de06215309ed0d4') in 0.0095586 seconds
Number of updated asset objects reloaded before import = 0Number of asset objects unloaded after import = 3

========================================================================
Received Import Request.
  Time since last request: 0.000023 seconds.
  path: Packages/com.unity.collab-proxy/Editor/Assets/Images/d_iconoutofsync.png
  artifactKey: Guid(0e80bd0b4a8196f46acf73711b9505ec) Importer(2089858483,b0f066a214c2f5e87bad3c948f4d605d)
Start importing Packages/com.unity.collab-proxy/Editor/Assets/Images/d_iconoutofsync.png using Guid(0e80bd0b4a8196f46acf73711b9505ec) Importer(2089858483,b0f066a214c2f5e87bad3c948f4d605d) (ScriptedImporter) -> (artifact id: 'dcb2733c2a28054e0ca595b3e7aa6656') in 0.0103881 seconds
Number of updated asset objects reloaded before import = 0Number of asset objects unloaded after import = 1

========================================================================
Received Import Request.
  Time since last request: 0.000014 seconds.
  path: Packages/com.unity.collab-proxy/Editor/Assets/Images/d_RGBABlue@2x.png
  artifactKey: Guid(d452c24a7410847ddac09d8ef2fbad23) Importer(2089858483,b0f066a214c2f5e87bad3c948f4d605d)
Start importing Packages/com.unity.collab-proxy/Editor/Assets/Images/d_RGBABlue@2x.png using Guid(d452c24a7410847ddac09d8ef2fbad23) Importer(2089858483,b0f066a214c2f5e87bad3c948f4d605d) (ScriptedImporter) -> (artifact id: '01b3ff33a722490f6ed44b45ec440a84') in 0.0081578 seconds
Number of updated asset objects reloaded before import = 0Number of asset objects unloaded after import = 3

========================================================================
Received Import Request.
  Time since last request: 0.000018 seconds.
  path: Packages/com.unity.collab-proxy/Editor/Assets/Images/d_refresh@2x.png
  artifactKey: Guid(602b72d4617c3694aa94419fc1b68e04) Importer(2089858483,b0f066a214c2f5e87bad3c948f4d605d)
Start importing Packages/com.unity.collab-proxy/Editor/Assets/Images/d_refresh@2x.png using Guid(602b72d4617c3694aa94419fc1b68e04) Importer(2089858483,b0f066a214c2f5e87bad3c948f4d605d) (ScriptedImporter) -> (artifact id: '396533e0825e114af884632b5e161704') in 0.0080268 seconds
Number of updated asset objects reloaded before import = 0Number of asset objects unloaded after import = 1

========================================================================
Received Import Request.
  Time since last request: 0.000017 seconds.
  path: Packages/com.unity.collab-proxy/Editor/Assets/Images/d_stepok@2x.png
  artifactKey: Guid(3494dc956dfd7174abc07060940a2848) Importer(2089858483,b0f066a214c2f5e87bad3c948f4d605d)
Start importing Packages/com.unity.collab-proxy/Editor/Assets/Images/d_stepok@2x.png using Guid(3494dc956dfd7174abc07060940a2848) Importer(2089858483,b0f066a214c2f5e87bad3c948f4d605d) (ScriptedImporter) -> (artifact id: '209d3ac8ba5d3c09f05b710b0439d584') in 0.0097516 seconds
Number of updated asset objects reloaded before import = 0Number of asset objects unloaded after import = 1

========================================================================
Received Import Request.
  Time since last request: 0.000019 seconds.
  path: Packages/com.unity.collab-proxy/Editor/Assets/Images/d_RGBARed.png
  artifactKey: Guid(cc036907824004dbfa9a0420b439ac67) Importer(2089858483,b0f066a214c2f5e87bad3c948f4d605d)
Start importing Packages/com.unity.collab-proxy/Editor/Assets/Images/d_RGBARed.png using Guid(cc036907824004dbfa9a0420b439ac67) Importer(2089858483,b0f066a214c2f5e87bad3c948f4d605d) (ScriptedImporter) -> (artifact id: '8b0732f9bdb1ad76701aff1102c27fe9') in 0.0107958 seconds
Number of updated asset objects reloaded before import = 0Number of asset objects unloaded after import = 3

========================================================================
Received Import Request.
  Time since last request: 0.000031 seconds.
  path: Packages/com.unity.collab-proxy/Editor/Assets/Images/icondeletedremote.png
  artifactKey: Guid(b85a4b2ec6433d04895612d791edc260) Importer(2089858483,b0f066a214c2f5e87bad3c948f4d605d)
Start importing Packages/com.unity.collab-proxy/Editor/Assets/Images/icondeletedremote.png using Guid(b85a4b2ec6433d04895612d791edc260) Importer(2089858483,b0f066a214c2f5e87bad3c948f4d605d) (ScriptedImporter) -> (artifact id: '97c9c75c3b86b662cbc5e326a3517785') in 0.0300991 seconds
Number of updated asset objects reloaded before import = 0Number of asset objects unloaded after import = 1

========================================================================
Received Import Request.
  Time since last request: 0.000017 seconds.
  path: Packages/com.unity.collab-proxy/Editor/Assets/Images/d_iconheckmark.png
  artifactKey: Guid(7843fb01e5ee34be0a20027af3edab78) Importer(2089858483,b0f066a214c2f5e87bad3c948f4d605d)
Start importing Packages/com.unity.collab-proxy/Editor/Assets/Images/d_iconheckmark.png using Guid(7843fb01e5ee34be0a20027af3edab78) Importer(2089858483,b0f066a214c2f5e87bad3c948f4d605d) (ScriptedImporter) -> (artifact id: '2f8414c7bdec6e12edaba58eb1ac75a8') in 0.0080025 seconds
Number of updated asset objects reloaded before import = 0Number of asset objects unloaded after import = 3

========================================================================
Received Import Request.
  Time since last request: 0.000014 seconds.
  path: Packages/com.unity.collab-proxy/Editor/Assets/Images/d_iconlockedlocaloverlay.png
  artifactKey: Guid(71c45f80bffdb9145ad2c456254c862e) Importer(2089858483,b0f066a214c2f5e87bad3c948f4d605d)
Start importing Packages/com.unity.collab-proxy/Editor/Assets/Images/d_iconlockedlocaloverlay.png using Guid(71c45f80bffdb9145ad2c456254c862e) Importer(2089858483,b0f066a214c2f5e87bad3c948f4d605d) (ScriptedImporter) -> (artifact id: '630421f77aaa9b6e5b4c865551e6fe82') in 0.0076232 seconds
Number of updated asset objects reloaded before import = 0Number of asset objects unloaded after import = 1

========================================================================
Received Import Request.
  Time since last request: 0.000018 seconds.
  path: Packages/com.unity.collab-proxy/Editor/Assets/Images/iconconflicted.png
  artifactKey: Guid(d1c88f142eee55b4eb2b2cfd7b3624ce) Importer(2089858483,b0f066a214c2f5e87bad3c948f4d605d)
Start importing Packages/com.unity.collab-proxy/Editor/Assets/Images/iconconflicted.png using Guid(d1c88f142eee55b4eb2b2cfd7b3624ce) Importer(2089858483,b0f066a214c2f5e87bad3c948f4d605d) (ScriptedImporter) -> (artifact id: '36ae0f181ce67560b4cfab3c8340c517') in 0.0071618 seconds
Number of updated asset objects reloaded before import = 0Number of asset objects unloaded after import = 1

========================================================================
Received Import Request.
  Time since last request: 0.000021 seconds.
  path: Packages/com.unity.collab-proxy/Editor/Assets/Images/d_iconplasticnotifypendingchangesandincoming.png
  artifactKey: Guid(f180c6addffab449cb6897ba994abec5) Importer(2089858483,b0f066a214c2f5e87bad3c948f4d605d)
Start importing Packages/com.unity.collab-proxy/Editor/Assets/Images/d_iconplasticnotifypendingchangesandincoming.png using Guid(f180c6addffab449cb6897ba994abec5) Importer(2089858483,b0f066a214c2f5e87bad3c948f4d605d) (ScriptedImporter) -> (artifact id: 'a6688e1dec4df119348da8d7bb4174b2') in 0.010908 seconds
Number of updated asset objects reloaded before import = 0Number of asset objects unloaded after import = 3

========================================================================
Received Import Request.
  Time since last request: 0.000025 seconds.
  path: Packages/com.unity.collab-proxy/Editor/Assets/Images/exclusionrule.png
  artifactKey: Guid(8ebb93c64d7a141569a153a9d4fe9ae2) Importer(2089858483,b0f066a214c2f5e87bad3c948f4d605d)
Start importing Packages/com.unity.collab-proxy/Editor/Assets/Images/exclusionrule.png using Guid(8ebb93c64d7a141569a153a9d4fe9ae2) Importer(2089858483,b0f066a214c2f5e87bad3c948f4d605d) (ScriptedImporter) -> (artifact id: '20c2360d89376565e46da09022bfea5c') in 0.0104917 seconds
Number of updated asset objects reloaded before import = 0Number of asset objects unloaded after import = 3

========================================================================
Received Import Request.
  Time since last request: 0.000018 seconds.
  path: Packages/com.unity.collab-proxy/Editor/Assets/Images/d_RGBAlpha@2x.png
  artifactKey: Guid(02102e2fc09aa45bf8be0a509170d07f) Importer(2089858483,b0f066a214c2f5e87bad3c948f4d605d)
Start importing Packages/com.unity.collab-proxy/Editor/Assets/Images/d_RGBAlpha@2x.png using Guid(02102e2fc09aa45bf8be0a509170d07f) Importer(2089858483,b0f066a214c2f5e87bad3c948f4d605d) (ScriptedImporter) -> (artifact id: 'cba3596682930c39ed4a3bc46f2653ba') in 0.0110589 seconds
Number of updated asset objects reloaded before import = 0Number of asset objects unloaded after import = 3

========================================================================
Received Import Request.
  Time since last request: 0.000025 seconds.
  path: Packages/com.unity.collab-proxy/Editor/Assets/Images/exclusionrule@2x.png
  artifactKey: Guid(4c635bf514a064e8d9688218d937fe77) Importer(2089858483,b0f066a214c2f5e87bad3c948f4d605d)
Start importing Packages/com.unity.collab-proxy/Editor/Assets/Images/exclusionrule@2x.png using Guid(4c635bf514a064e8d9688218d937fe77) Importer(2089858483,b0f066a214c2f5e87bad3c948f4d605d) (ScriptedImporter) -> (artifact id: '7b354d4ee9fb1c83e229a212664d8f4c') in 0.0085579 seconds
Number of updated asset objects reloaded before import = 0Number of asset objects unloaded after import = 3

========================================================================
Received Import Request.
  Time since last request: 0.000020 seconds.
  path: Packages/com.unity.collab-proxy/Editor/Assets/Images/d_stepok.png
  artifactKey: Guid(be423a54b981d38428de82ad12534629) Importer(2089858483,b0f066a214c2f5e87bad3c948f4d605d)
Start importing Packages/com.unity.collab-proxy/Editor/Assets/Images/d_stepok.png using Guid(be423a54b981d38428de82ad12534629) Importer(2089858483,b0f066a214c2f5e87bad3c948f4d605d) (ScriptedImporter) -> (artifact id: 'e282d2b13cf35e0da4459b9b25cee42a') in 0.0112781 seconds
Number of updated asset objects reloaded before import = 0Number of asset objects unloaded after import = 1

========================================================================
Received Import Request.
  Time since last request: 0.000020 seconds.
  path: Packages/com.unity.collab-proxy/Editor/Assets/Images/iconclouddriveview.png
  artifactKey: Guid(229870d327005574fb840c2dd8050ec6) Importer(2089858483,b0f066a214c2f5e87bad3c948f4d605d)
Start importing Packages/com.unity.collab-proxy/Editor/Assets/Images/iconclouddriveview.png using Guid(229870d327005574fb840c2dd8050ec6) Importer(2089858483,b0f066a214c2f5e87bad3c948f4d605d) (ScriptedImporter) -> (artifact id: '3bd7001c7b6a024c410abc3b53afc072') in 0.0107395 seconds
Number of updated asset objects reloaded before import = 0Number of asset objects unloaded after import = 3

========================================================================
Received Import Request.
  Time since last request: 0.000025 seconds.
  path: Packages/com.unity.collab-proxy/Editor/Assets/Images/d_iconzoomtofit@2x.png
  artifactKey: Guid(fb519413feea947a6a64d10369922196) Importer(2089858483,b0f066a214c2f5e87bad3c948f4d605d)
Start importing Packages/com.unity.collab-proxy/Editor/Assets/Images/d_iconzoomtofit@2x.png using Guid(fb519413feea947a6a64d10369922196) Importer(2089858483,b0f066a214c2f5e87bad3c948f4d605d) (ScriptedImporter) -> (artifact id: '0a5b39350b4dc84de4d8061f92721a4b') in 0.0101803 seconds
Number of updated asset objects reloaded before import = 0Number of asset objects unloaded after import = 3

========================================================================
Received Import Request.
  Time since last request: 0.000019 seconds.
  path: Packages/com.unity.collab-proxy/Editor/Assets/Images/d_iconlast@2x.png
  artifactKey: Guid(229e2995d63f84938880b35fec07c4b2) Importer(2089858483,b0f066a214c2f5e87bad3c948f4d605d)
Start importing Packages/com.unity.collab-proxy/Editor/Assets/Images/d_iconlast@2x.png using Guid(229e2995d63f84938880b35fec07c4b2) Importer(2089858483,b0f066a214c2f5e87bad3c948f4d605d) (ScriptedImporter) -> (artifact id: '685f28d9d1f696563bb4004704105016') in 0.0081881 seconds
Number of updated asset objects reloaded before import = 0Number of asset objects unloaded after import = 3

========================================================================
Received Import Request.
  Time since last request: 0.000017 seconds.
  path: Packages/com.unity.collab-proxy/Editor/Assets/Images/d_iconplasticnotifyincoming@2x.png
  artifactKey: Guid(c5fc116b3271b5947808130b2212cd60) Importer(2089858483,b0f066a214c2f5e87bad3c948f4d605d)
Start importing Packages/com.unity.collab-proxy/Editor/Assets/Images/d_iconplasticnotifyincoming@2x.png using Guid(c5fc116b3271b5947808130b2212cd60) Importer(2089858483,b0f066a214c2f5e87bad3c948f4d605d) (ScriptedImporter) -> (artifact id: '02b91d4a928f51f0c1c3c02a49081757') in 0.0086766 seconds
Number of updated asset objects reloaded before import = 0Number of asset objects unloaded after import = 1

========================================================================
Received Import Request.
  Time since last request: 1.128847 seconds.
  path: Packages/com.unity.collab-proxy/Editor/Assets/Images/icondiff.png
  artifactKey: Guid(ced976fb9a7ad40a59f3e4f458c96080) Importer(2089858483,b0f066a214c2f5e87bad3c948f4d605d)
Start importing Packages/com.unity.collab-proxy/Editor/Assets/Images/icondiff.png using Guid(ced976fb9a7ad40a59f3e4f458c96080) Importer(2089858483,b0f066a214c2f5e87bad3c948f4d605d) (ScriptedImporter) -> (artifact id: '18984a45beb6ae71bcce2a3680217ae9') in 0.0088435 seconds
Number of updated asset objects reloaded before import = 0Number of asset objects unloaded after import = 3

========================================================================
Received Import Request.
  Time since last request: 0.000017 seconds.
  path: Packages/com.unity.collab-proxy/Editor/Assets/Images/RGBARed@2x.png
  artifactKey: Guid(6f7999af133e84dbe85d476522b65612) Importer(2089858483,b0f066a214c2f5e87bad3c948f4d605d)
Start importing Packages/com.unity.collab-proxy/Editor/Assets/Images/RGBARed@2x.png using Guid(6f7999af133e84dbe85d476522b65612) Importer(2089858483,b0f066a214c2f5e87bad3c948f4d605d) (ScriptedImporter) -> (artifact id: 'f383d1e6fff217679ef888ba4795e20d') in 0.0094468 seconds
Number of updated asset objects reloaded before import = 0Number of asset objects unloaded after import = 3

========================================================================
Received Import Request.
  Time since last request: 0.000021 seconds.
  path: Packages/com.unity.collab-proxy/Editor/Assets/Images/iconhistory@2x.png
  artifactKey: Guid(08c1bc2a008284ed6987b801a480e64a) Importer(2089858483,b0f066a214c2f5e87bad3c948f4d605d)
Start importing Packages/com.unity.collab-proxy/Editor/Assets/Images/iconhistory@2x.png using Guid(08c1bc2a008284ed6987b801a480e64a) Importer(2089858483,b0f066a214c2f5e87bad3c948f4d605d) (ScriptedImporter) -> (artifact id: 'aff7773f439c26314395a2030a611b81') in 0.0103138 seconds
Number of updated asset objects reloaded before import = 0Number of asset objects unloaded after import = 3

========================================================================
Received Import Request.
  Time since last request: 0.000023 seconds.
  path: Packages/com.unity.collab-proxy/Editor/Assets/Images/iconplasticnotifypendingchanges@2x.png
  artifactKey: Guid(eb1c900f0d4a3ee42a9a49630bf88a12) Importer(2089858483,b0f066a214c2f5e87bad3c948f4d605d)
Start importing Packages/com.unity.collab-proxy/Editor/Assets/Images/iconplasticnotifypendingchanges@2x.png using Guid(eb1c900f0d4a3ee42a9a49630bf88a12) Importer(2089858483,b0f066a214c2f5e87bad3c948f4d605d) (ScriptedImporter) -> (artifact id: 'af97ea42ff000e20f69a46205bb1519e') in 0.0119805 seconds
Number of updated asset objects reloaded before import = 0Number of asset objects unloaded after import = 3

========================================================================
Received Import Request.
  Time since last request: 0.000015 seconds.
  path: Packages/com.unity.collab-proxy/Editor/Assets/Images/iconzoomtofit@2x.png
  artifactKey: Guid(4ade4c197fc154817b0958bbe4e5dbcc) Importer(2089858483,b0f066a214c2f5e87bad3c948f4d605d)
Start importing Packages/com.unity.collab-proxy/Editor/Assets/Images/iconzoomtofit@2x.png using Guid(4ade4c197fc154817b0958bbe4e5dbcc) Importer(2089858483,b0f066a214c2f5e87bad3c948f4d605d) (ScriptedImporter) -> (artifact id: 'd49297902800ee3ca0267cdfe2061e38') in 0.0103889 seconds
Number of updated asset objects reloaded before import = 0Number of asset objects unloaded after import = 3

========================================================================
Received Import Request.
  Time since last request: 0.000014 seconds.
  path: Packages/com.unity.collab-proxy/Editor/Assets/Images/step1.png
  artifactKey: Guid(9ce84ff0fdeb13d4a83f077d075dd9a5) Importer(2089858483,b0f066a214c2f5e87bad3c948f4d605d)
Start importing Packages/com.unity.collab-proxy/Editor/Assets/Images/step1.png using Guid(9ce84ff0fdeb13d4a83f077d075dd9a5) Importer(2089858483,b0f066a214c2f5e87bad3c948f4d605d) (ScriptedImporter) -> (artifact id: '211d1fa8d0c69b58ca183732857f2f0e') in 0.0219679 seconds
Number of updated asset objects reloaded before import = 0Number of asset objects unloaded after import = 1

========================================================================
Received Import Request.
  Time since last request: 0.000014 seconds.
  path: Packages/com.unity.collab-proxy/Editor/CodeEditor/Rendering/CollapsedLineSection.cs
  artifactKey: Guid(57aabb9a9c3b4759aa549ef5e8bf7f07) Importer(2089858483,b0f066a214c2f5e87bad3c948f4d605d)
Start importing Packages/com.unity.collab-proxy/Editor/CodeEditor/Rendering/CollapsedLineSection.cs using Guid(57aabb9a9c3b4759aa549ef5e8bf7f07) Importer(2089858483,b0f066a214c2f5e87bad3c948f4d605d) (ScriptedImporter) -> (artifact id: '2e3cca6683624c21fedc9ee0cb34b3d8') in 0.0046097 seconds
Number of updated asset objects reloaded before import = 0Number of asset objects unloaded after import = 0

========================================================================
Received Import Request.
  Time since last request: 0.000016 seconds.
  path: Packages/com.unity.collab-proxy/Editor/CodeEditor/Editing/TextSegmentReadOnlySectionProvider.cs
  artifactKey: Guid(c70164c20e48fc7478fd88c1613ac05a) Importer(2089858483,b0f066a214c2f5e87bad3c948f4d605d)
Start importing Packages/com.unity.collab-proxy/Editor/CodeEditor/Editing/TextSegmentReadOnlySectionProvider.cs using Guid(c70164c20e48fc7478fd88c1613ac05a) Importer(2089858483,b0f066a214c2f5e87bad3c948f4d605d) (ScriptedImporter) -> (artifact id: 'f0c9af3180488934b7cf2933f8824bd4') in 0.0035706 seconds
Number of updated asset objects reloaded before import = 0Number of asset objects unloaded after import = 0

========================================================================
Received Import Request.
  Time since last request: 0.000024 seconds.
  path: Packages/com.unity.collab-proxy/Editor/Assets/Images/RGBAlpha@2x.png
  artifactKey: Guid(9a15ddcc5fd3d46d3b97dd236d6d9720) Importer(2089858483,b0f066a214c2f5e87bad3c948f4d605d)
Start importing Packages/com.unity.collab-proxy/Editor/Assets/Images/RGBAlpha@2x.png using Guid(9a15ddcc5fd3d46d3b97dd236d6d9720) Importer(2089858483,b0f066a214c2f5e87bad3c948f4d605d) (ScriptedImporter) -> (artifact id: '728acaa9d5d0a302812920a65107bcc6') in 0.0113624 seconds
Number of updated asset objects reloaded before import = 0Number of asset objects unloaded after import = 3

========================================================================
Received Import Request.
  Time since last request: 0.000013 seconds.
  path: Packages/com.unity.collab-proxy/Editor/CloudDrive/CreateWorkspace/CreateWorkspaceView.cs
  artifactKey: Guid(a4dab1ebc3086c245ad199490a29637f) Importer(2089858483,b0f066a214c2f5e87bad3c948f4d605d)
Start importing Packages/com.unity.collab-proxy/Editor/CloudDrive/CreateWorkspace/CreateWorkspaceView.cs using Guid(a4dab1ebc3086c245ad199490a29637f) Importer(2089858483,b0f066a214c2f5e87bad3c948f4d605d) (ScriptedImporter) -> (artifact id: 'f53c95016146569ad3943ea9dd0673d9') in 0.0043567 seconds
Number of updated asset objects reloaded before import = 0Number of asset objects unloaded after import = 0

========================================================================
Received Import Request.
  Time since last request: 0.000018 seconds.
  path: Packages/com.unity.collab-proxy/Editor/Assets/Images/iconoriginalsize.png
  artifactKey: Guid(1463dc66197dc49609f516a8540465f0) Importer(2089858483,b0f066a214c2f5e87bad3c948f4d605d)
Start importing Packages/com.unity.collab-proxy/Editor/Assets/Images/iconoriginalsize.png using Guid(1463dc66197dc49609f516a8540465f0) Importer(2089858483,b0f066a214c2f5e87bad3c948f4d605d) (ScriptedImporter) -> (artifact id: 'fe20bc93b7e1b27abd5ba35737eadda4') in 0.0105962 seconds
Number of updated asset objects reloaded before import = 0Number of asset objects unloaded after import = 3

========================================================================
Received Import Request.
  Time since last request: 0.000014 seconds.
  path: Packages/com.unity.collab-proxy/Editor/CodeEditor/Editing/TextArea.cs
  artifactKey: Guid(76f83e4befc84169b2dab9ee2cc3545f) Importer(2089858483,b0f066a214c2f5e87bad3c948f4d605d)
Start importing Packages/com.unity.collab-proxy/Editor/CodeEditor/Editing/TextArea.cs using Guid(76f83e4befc84169b2dab9ee2cc3545f) Importer(2089858483,b0f066a214c2f5e87bad3c948f4d605d) (ScriptedImporter) -> (artifact id: '5acc05f0f1169dfa34c7604e0a3f27ff') in 0.005672 seconds
Number of updated asset objects reloaded before import = 0Number of asset objects unloaded after import = 0

========================================================================
Received Import Request.
  Time since last request: 0.000021 seconds.
  path: Packages/com.unity.collab-proxy/Editor/CodeEditor/Document/LineManager.cs
  artifactKey: Guid(a8c19b64eb4ef43a2bdea621c5acaf14) Importer(2089858483,b0f066a214c2f5e87bad3c948f4d605d)
Start importing Packages/com.unity.collab-proxy/Editor/CodeEditor/Document/LineManager.cs using Guid(a8c19b64eb4ef43a2bdea621c5acaf14) Importer(2089858483,b0f066a214c2f5e87bad3c948f4d605d) (ScriptedImporter) -> (artifact id: '55054222031db009493aca858abfa984') in 0.0042468 seconds
Number of updated asset objects reloaded before import = 0Number of asset objects unloaded after import = 0

========================================================================
Received Import Request.
  Time since last request: 0.000028 seconds.
  path: Packages/com.unity.collab-proxy/Editor/Assets/Images/iconfirst.png
  artifactKey: Guid(d80583d4126ca4f74bd2c5e97e49f70d) Importer(2089858483,b0f066a214c2f5e87bad3c948f4d605d)
Start importing Packages/com.unity.collab-proxy/Editor/Assets/Images/iconfirst.png using Guid(d80583d4126ca4f74bd2c5e97e49f70d) Importer(2089858483,b0f066a214c2f5e87bad3c948f4d605d) (ScriptedImporter) -> (artifact id: 'e10bdc3fbbe49ad86733bf80799387be') in 0.0090907 seconds
Number of updated asset objects reloaded before import = 0Number of asset objects unloaded after import = 3

========================================================================
Received Import Request.
  Time since last request: 0.000020 seconds.
  path: Packages/com.unity.collab-proxy/Editor/Assets/Images/iconundo.png
  artifactKey: Guid(98773313eabe35543bfdbf542ccea271) Importer(2089858483,b0f066a214c2f5e87bad3c948f4d605d)
Start importing Packages/com.unity.collab-proxy/Editor/Assets/Images/iconundo.png using Guid(98773313eabe35543bfdbf542ccea271) Importer(2089858483,b0f066a214c2f5e87bad3c948f4d605d) (ScriptedImporter) -> (artifact id: 'a90bb1626dfc49d966e1546ebb1560d4') in 0.0077363 seconds
Number of updated asset objects reloaded before import = 0Number of asset objects unloaded after import = 1

========================================================================
Received Import Request.
  Time since last request: 0.000022 seconds.
  path: Packages/com.unity.collab-proxy/Editor/Assets/Styles/ProgressControlsForDialogs.uss
  artifactKey: Guid(e05b9be8556f5ae41aa78140b83146d5) Importer(2089858483,b0f066a214c2f5e87bad3c948f4d605d)
Start importing Packages/com.unity.collab-proxy/Editor/Assets/Styles/ProgressControlsForDialogs.uss using Guid(e05b9be8556f5ae41aa78140b83146d5) Importer(2089858483,b0f066a214c2f5e87bad3c948f4d605d) (ScriptedImporter) -> (artifact id: '4a33c254bb89272547d25a9ca61ca83d') in 0.0158933 seconds
Number of updated asset objects reloaded before import = 0Number of asset objects unloaded after import = 2

========================================================================
Received Import Request.
  Time since last request: 0.000017 seconds.
  path: Packages/com.unity.collab-proxy/Editor/Assistant/Tools/LockTools.cs
  artifactKey: Guid(51f820daaf42148c9a1196a13d81c206) Importer(2089858483,b0f066a214c2f5e87bad3c948f4d605d)
Start importing Packages/com.unity.collab-proxy/Editor/Assistant/Tools/LockTools.cs using Guid(51f820daaf42148c9a1196a13d81c206) Importer(2089858483,b0f066a214c2f5e87bad3c948f4d605d) (ScriptedImporter) -> (artifact id: '256b90d50c825a22d0a9bba5bac64a0c') in 0.0059136 seconds
Number of updated asset objects reloaded before import = 0Number of asset objects unloaded after import = 0

========================================================================
Received Import Request.
  Time since last request: 0.000025 seconds.
  path: Packages/com.unity.collab-proxy/Editor/CodeEditor/Document/DocumentLine.cs
  artifactKey: Guid(add4a8f16bfab4878bb29c08218cad07) Importer(2089858483,b0f066a214c2f5e87bad3c948f4d605d)
Start importing Packages/com.unity.collab-proxy/Editor/CodeEditor/Document/DocumentLine.cs using Guid(add4a8f16bfab4878bb29c08218cad07) Importer(2089858483,b0f066a214c2f5e87bad3c948f4d605d) (ScriptedImporter) -> (artifact id: 'c092e6b834c8a1c4d8b15642b8b15dfe') in 0.0055242 seconds
Number of updated asset objects reloaded before import = 0Number of asset objects unloaded after import = 0

========================================================================
Received Import Request.
  Time since last request: 0.000031 seconds.
  path: Packages/com.unity.collab-proxy/Editor/AssetsUtils/Processor/UnityCloudProjectLinkMonitor.cs
  artifactKey: Guid(b77071fd36e946809b40d79e6ba9fe8a) Importer(2089858483,b0f066a214c2f5e87bad3c948f4d605d)
Start importing Packages/com.unity.collab-proxy/Editor/AssetsUtils/Processor/UnityCloudProjectLinkMonitor.cs using Guid(b77071fd36e946809b40d79e6ba9fe8a) Importer(2089858483,b0f066a214c2f5e87bad3c948f4d605d) (ScriptedImporter) -> (artifact id: 'f41f0b69a1499fa0d552250271bc3899') in 0.0041605 seconds
Number of updated asset objects reloaded before import = 0Number of asset objects unloaded after import = 0

========================================================================
Received Import Request.
  Time since last request: 0.000014 seconds.
  path: Packages/com.unity.collab-proxy/Editor/CodeEditor/Editing/EditingCommands.cs
  artifactKey: Guid(2c0888ba8c8e4b2889752ee1eb9b3e9e) Importer(2089858483,b0f066a214c2f5e87bad3c948f4d605d)
Start importing Packages/com.unity.collab-proxy/Editor/CodeEditor/Editing/EditingCommands.cs using Guid(2c0888ba8c8e4b2889752ee1eb9b3e9e) Importer(2089858483,b0f066a214c2f5e87bad3c948f4d605d) (ScriptedImporter) -> (artifact id: '105c9a0c68aeb675e1324803b098d089') in 0.0034443 seconds
Number of updated asset objects reloaded before import = 0Number of asset objects unloaded after import = 0

========================================================================
Received Import Request.
  Time since last request: 0.000014 seconds.
  path: Packages/com.unity.collab-proxy/Editor/Assets/Images/refresh@2x.png
  artifactKey: Guid(59571f82a0dc1a14da606dc0df6f8ea7) Importer(2089858483,b0f066a214c2f5e87bad3c948f4d605d)
Start importing Packages/com.unity.collab-proxy/Editor/Assets/Images/refresh@2x.png using Guid(59571f82a0dc1a14da606dc0df6f8ea7) Importer(2089858483,b0f066a214c2f5e87bad3c948f4d605d) (ScriptedImporter) -> (artifact id: '4878a7466f21a2e96551286474e699d0') in 0.010727 seconds
Number of updated asset objects reloaded before import = 0Number of asset objects unloaded after import = 1

========================================================================
Received Import Request.
  Time since last request: 0.000019 seconds.
  path: Packages/com.unity.collab-proxy/Editor/Assets/Images/iconzoomtofit.png
  artifactKey: Guid(6d3851656b2e5439e8fe29130782469b) Importer(2089858483,b0f066a214c2f5e87bad3c948f4d605d)
Start importing Packages/com.unity.collab-proxy/Editor/Assets/Images/iconzoomtofit.png using Guid(6d3851656b2e5439e8fe29130782469b) Importer(2089858483,b0f066a214c2f5e87bad3c948f4d605d) (ScriptedImporter) -> (artifact id: '4c193eb9016f84dc960747f83f6dac66') in 0.0092189 seconds
Number of updated asset objects reloaded before import = 0Number of asset objects unloaded after import = 3

========================================================================
Received Import Request.
  Time since last request: 0.000021 seconds.
  path: Packages/com.unity.collab-proxy/Editor/Assistant/Tools/UnityVersionControlApiProvider.cs
  artifactKey: Guid(60ba29b8797e46d7968dd0be1ae27bb0) Importer(2089858483,b0f066a214c2f5e87bad3c948f4d605d)
Start importing Packages/com.unity.collab-proxy/Editor/Assistant/Tools/UnityVersionControlApiProvider.cs using Guid(60ba29b8797e46d7968dd0be1ae27bb0) Importer(2089858483,b0f066a214c2f5e87bad3c948f4d605d) (ScriptedImporter) -> (artifact id: 'd14acdcd2fa598fe2f8d993386481442') in 0.0035842 seconds
Number of updated asset objects reloaded before import = 0Number of asset objects unloaded after import = 0

========================================================================
Received Import Request.
  Time since last request: 0.000029 seconds.
  path: Packages/com.unity.collab-proxy/Editor/CodeEditor/Document/SimpleSegment.cs
  artifactKey: Guid(f3989142b33d44a0ca19788765ba05cc) Importer(2089858483,b0f066a214c2f5e87bad3c948f4d605d)
Start importing Packages/com.unity.collab-proxy/Editor/CodeEditor/Document/SimpleSegment.cs using Guid(f3989142b33d44a0ca19788765ba05cc) Importer(2089858483,b0f066a214c2f5e87bad3c948f4d605d) (ScriptedImporter) -> (artifact id: '389a9196b3bb8336caff1add84138adf') in 0.0041223 seconds
Number of updated asset objects reloaded before import = 0Number of asset objects unloaded after import = 0

========================================================================
Received Import Request.
  Time since last request: 0.000017 seconds.
  path: Packages/com.unity.collab-proxy/Editor/CodeEditor/Editing/IReadOnlySectionProvider.cs
  artifactKey: Guid(bf56682e6df72134b81925661287a663) Importer(2089858483,b0f066a214c2f5e87bad3c948f4d605d)
Start importing Packages/com.unity.collab-proxy/Editor/CodeEditor/Editing/IReadOnlySectionProvider.cs using Guid(bf56682e6df72134b81925661287a663) Importer(2089858483,b0f066a214c2f5e87bad3c948f4d605d) (ScriptedImporter) -> (artifact id: '4c55ee3f7e0d6150683d4221b0a6eeae') in 0.0040777 seconds
Number of updated asset objects reloaded before import = 0Number of asset objects unloaded after import = 0

========================================================================
Received Import Request.
  Time since last request: 0.000018 seconds.
  path: Packages/com.unity.collab-proxy/Editor/Assets/Images/step2@2x.png
  artifactKey: Guid(0029170d14ce6c04c9f45c22cdae5559) Importer(2089858483,b0f066a214c2f5e87bad3c948f4d605d)
Start importing Packages/com.unity.collab-proxy/Editor/Assets/Images/step2@2x.png using Guid(0029170d14ce6c04c9f45c22cdae5559) Importer(2089858483,b0f066a214c2f5e87bad3c948f4d605d) (ScriptedImporter) -> (artifact id: '20f3261ec582956872f4c15dc3c72071') in 0.0100986 seconds
Number of updated asset objects reloaded before import = 0Number of asset objects unloaded after import = 1

========================================================================
Received Import Request.
  Time since last request: 0.000017 seconds.
  path: Packages/com.unity.collab-proxy/Editor/Assets/Images/iconmergeview@2x.png
  artifactKey: Guid(ca92e845b7b4b41da8e081ca8c0ed3b8) Importer(2089858483,b0f066a214c2f5e87bad3c948f4d605d)
Start importing Packages/com.unity.collab-proxy/Editor/Assets/Images/iconmergeview@2x.png using Guid(ca92e845b7b4b41da8e081ca8c0ed3b8) Importer(2089858483,b0f066a214c2f5e87bad3c948f4d605d) (ScriptedImporter) -> (artifact id: 'd1664090b01b68d5dc89d0aaabe3a24c') in 0.0079445 seconds
Number of updated asset objects reloaded before import = 0Number of asset objects unloaded after import = 3

========================================================================
Received Import Request.
  Time since last request: 0.000019 seconds.
  path: Packages/com.unity.collab-proxy/Editor/CodeEditor/Document/TextAnchorNode.cs
  artifactKey: Guid(8d60b8806ad5a453e978d149b4442288) Importer(2089858483,b0f066a214c2f5e87bad3c948f4d605d)
Start importing Packages/com.unity.collab-proxy/Editor/CodeEditor/Document/TextAnchorNode.cs using Guid(8d60b8806ad5a453e978d149b4442288) Importer(2089858483,b0f066a214c2f5e87bad3c948f4d605d) (ScriptedImporter) -> (artifact id: '27f9bda197d3e8cf693cc0910f0cc487') in 0.0036865 seconds
Number of updated asset objects reloaded before import = 0Number of asset objects unloaded after import = 0

========================================================================
Received Import Request.
  Time since last request: 0.000031 seconds.
  path: Packages/com.unity.collab-proxy/Editor/CodeEditor/Indentation/DefaultIndentationStrategy.cs
  artifactKey: Guid(8b0cdc15cea7d4af08eb36490bdb68b4) Importer(2089858483,b0f066a214c2f5e87bad3c948f4d605d)
Start importing Packages/com.unity.collab-proxy/Editor/CodeEditor/Indentation/DefaultIndentationStrategy.cs using Guid(8b0cdc15cea7d4af08eb36490bdb68b4) Importer(2089858483,b0f066a214c2f5e87bad3c948f4d605d) (ScriptedImporter) -> (artifact id: '9355bb491d1df99fcf251f5ea4abd1ad') in 0.0039145 seconds
Number of updated asset objects reloaded before import = 0Number of asset objects unloaded after import = 0

========================================================================
Received Import Request.
  Time since last request: 0.000018 seconds.
  path: Packages/com.unity.collab-proxy/Editor/CodeEditor/Editing/DragDropException.cs
  artifactKey: Guid(4809ab5cb1988e5449f9e1911e77d7ef) Importer(2089858483,b0f066a214c2f5e87bad3c948f4d605d)
Start importing Packages/com.unity.collab-proxy/Editor/CodeEditor/Editing/DragDropException.cs using Guid(4809ab5cb1988e5449f9e1911e77d7ef) Importer(2089858483,b0f066a214c2f5e87bad3c948f4d605d) (ScriptedImporter) -> (artifact id: '4279cca493ff1f2615b42938db0cf78c') in 0.0036814 seconds
Number of updated asset objects reloaded before import = 0Number of asset objects unloaded after import = 0

========================================================================
Received Import Request.
  Time since last request: 0.000018 seconds.
  path: Packages/com.unity.collab-proxy/Editor/Assets/Images/refresh.png
  artifactKey: Guid(6f6a4c6bd7cdc654d9d91f7de72afcb6) Importer(2089858483,b0f066a214c2f5e87bad3c948f4d605d)
Start importing Packages/com.unity.collab-proxy/Editor/Assets/Images/refresh.png using Guid(6f6a4c6bd7cdc654d9d91f7de72afcb6) Importer(2089858483,b0f066a214c2f5e87bad3c948f4d605d) (ScriptedImporter) -> (artifact id: '34379c29e8eb02f00fa4f6c581a1f228') in 0.0089412 seconds
Number of updated asset objects reloaded before import = 0Number of asset objects unloaded after import = 1

========================================================================
Received Import Request.
  Time since last request: 0.000019 seconds.
  path: Packages/com.unity.collab-proxy/Editor/Assets/Styles/OrganizationPanel.uss
  artifactKey: Guid(642639f75f2dfbd4ab01e6708b58f304) Importer(2089858483,b0f066a214c2f5e87bad3c948f4d605d)
Start importing Packages/com.unity.collab-proxy/Editor/Assets/Styles/OrganizationPanel.uss using Guid(642639f75f2dfbd4ab01e6708b58f304) Importer(2089858483,b0f066a214c2f5e87bad3c948f4d605d) (ScriptedImporter) -> (artifact id: 'e0cc99731a8aedcdb9909dba3fb9d56e') in 0.0055467 seconds
Number of updated asset objects reloaded before import = 0Number of asset objects unloaded after import = 2

========================================================================
Received Import Request.
  Time since last request: 0.000039 seconds.
  path: Packages/com.unity.collab-proxy/Editor/Assistant/Tools/UVCSOperation.cs
  artifactKey: Guid(86d3b998a081a44079e6548f6d3cf446) Importer(2089858483,b0f066a214c2f5e87bad3c948f4d605d)
Start importing Packages/com.unity.collab-proxy/Editor/Assistant/Tools/UVCSOperation.cs using Guid(86d3b998a081a44079e6548f6d3cf446) Importer(2089858483,b0f066a214c2f5e87bad3c948f4d605d) (ScriptedImporter) -> (artifact id: '02f68d598fdb5e88718b606146c61f09') in 0.0035212 seconds
Number of updated asset objects reloaded before import = 0Number of asset objects unloaded after import = 0

========================================================================
Received Import Request.
  Time since last request: 0.000034 seconds.
  path: Packages/com.unity.collab-proxy/Editor/CodeEditor/Document/TextDocumentWeakEventManager.cs
  artifactKey: Guid(4e43250273a4d4b3392541c97d1eb150) Importer(2089858483,b0f066a214c2f5e87bad3c948f4d605d)
Start importing Packages/com.unity.collab-proxy/Editor/CodeEditor/Document/TextDocumentWeakEventManager.cs using Guid(4e43250273a4d4b3392541c97d1eb150) Importer(2089858483,b0f066a214c2f5e87bad3c948f4d605d) (ScriptedImporter) -> (artifact id: '6efc69751aa7ca32b95684c4648f1b1e') in 0.0042258 seconds
Number of updated asset objects reloaded before import = 0Number of asset objects unloaded after import = 0

========================================================================
Received Import Request.
  Time since last request: 0.000023 seconds.
  path: Packages/com.unity.collab-proxy/Editor/Assets/Images/iconshelve@2x.png
  artifactKey: Guid(695fbddd7238dc94c8f102d9191c2886) Importer(2089858483,b0f066a214c2f5e87bad3c948f4d605d)
Start importing Packages/com.unity.collab-proxy/Editor/Assets/Images/iconshelve@2x.png using Guid(695fbddd7238dc94c8f102d9191c2886) Importer(2089858483,b0f066a214c2f5e87bad3c948f4d605d) (ScriptedImporter) -> (artifact id: '2287617b4588a0984d395af2d87b5a79') in 0.0096187 seconds
Number of updated asset objects reloaded before import = 0Number of asset objects unloaded after import = 3

========================================================================
Received Import Request.
  Time since last request: 0.000018 seconds.
  path: Packages/com.unity.collab-proxy/Editor/Assistant/Tools/UVCSLinkHandler.cs
  artifactKey: Guid(0e803e84de9d4aa4a2ba0fcf7577ab6b) Importer(2089858483,b0f066a214c2f5e87bad3c948f4d605d)
Start importing Packages/com.unity.collab-proxy/Editor/Assistant/Tools/UVCSLinkHandler.cs using Guid(0e803e84de9d4aa4a2ba0fcf7577ab6b) Importer(2089858483,b0f066a214c2f5e87bad3c948f4d605d) (ScriptedImporter) -> (artifact id: '2bc7a6390fc4cf0b2ed2a43d0182e215') in 0.0047805 seconds
Number of updated asset objects reloaded before import = 0Number of asset objects unloaded after import = 0

========================================================================
Received Import Request.
  Time since last request: 0.000018 seconds.
  path: Packages/com.unity.collab-proxy/Editor/Assets/Images/iconemptygravatar@2x.png
  artifactKey: Guid(da545229eea36164d8b8cba2f75a1143) Importer(2089858483,b0f066a214c2f5e87bad3c948f4d605d)
Start importing Packages/com.unity.collab-proxy/Editor/Assets/Images/iconemptygravatar@2x.png using Guid(da545229eea36164d8b8cba2f75a1143) Importer(2089858483,b0f066a214c2f5e87bad3c948f4d605d) (ScriptedImporter) -> (artifact id: '511cdd6f6d664a32933988c234ca1947') in 0.0097899 seconds
Number of updated asset objects reloaded before import = 0Number of asset objects unloaded after import = 1

========================================================================
Received Import Request.
  Time since last request: 0.000019 seconds.
  path: Packages/com.unity.collab-proxy/Editor/Assets/Images/iconlock.png
  artifactKey: Guid(6d3f95684dd634b18aa9ab45b3e06cfd) Importer(2089858483,b0f066a214c2f5e87bad3c948f4d605d)
Start importing Packages/com.unity.collab-proxy/Editor/Assets/Images/iconlock.png using Guid(6d3f95684dd634b18aa9ab45b3e06cfd) Importer(2089858483,b0f066a214c2f5e87bad3c948f4d605d) (ScriptedImporter) -> (artifact id: '604a301f629588b259cc9c0ba2a2a1e2') in 0.0085379 seconds
Number of updated asset objects reloaded before import = 0Number of asset objects unloaded after import = 3

========================================================================
Received Import Request.
  Time since last request: 0.000025 seconds.
  path: Packages/com.unity.collab-proxy/Editor/Assistant/Tools/AnnotateTools.cs
  artifactKey: Guid(20182c74c3d7e4592a8dbbd5ec385f0d) Importer(2089858483,b0f066a214c2f5e87bad3c948f4d605d)
Start importing Packages/com.unity.collab-proxy/Editor/Assistant/Tools/AnnotateTools.cs using Guid(20182c74c3d7e4592a8dbbd5ec385f0d) Importer(2089858483,b0f066a214c2f5e87bad3c948f4d605d) (ScriptedImporter) -> (artifact id: '8f162976f0fa7ab3eae89db2d3e38857') in 0.0035519 seconds
Number of updated asset objects reloaded before import = 0Number of asset objects unloaded after import = 0

========================================================================
Received Import Request.
  Time since last request: 0.000015 seconds.
  path: Packages/com.unity.collab-proxy/Editor/CodeEditor/Platform/PlatformHotkeyConfiguration.cs
  artifactKey: Guid(0038f75bdeed4f27a4ff0d1a241932b6) Importer(2089858483,b0f066a214c2f5e87bad3c948f4d605d)
Start importing Packages/com.unity.collab-proxy/Editor/CodeEditor/Platform/PlatformHotkeyConfiguration.cs using Guid(0038f75bdeed4f27a4ff0d1a241932b6) Importer(2089858483,b0f066a214c2f5e87bad3c948f4d605d) (ScriptedImporter) -> (artifact id: '0a96d04998d321d1f02bd5a8108e884e') in 0.0053046 seconds
Number of updated asset objects reloaded before import = 0Number of asset objects unloaded after import = 0

========================================================================
Received Import Request.
  Time since last request: 0.000015 seconds.
  path: Packages/com.unity.collab-proxy/Editor/Assets/Images/RGBARed.png
  artifactKey: Guid(f625c371407cd41789c91b6fedaae9e1) Importer(2089858483,b0f066a214c2f5e87bad3c948f4d605d)
Start importing Packages/com.unity.collab-proxy/Editor/Assets/Images/RGBARed.png using Guid(f625c371407cd41789c91b6fedaae9e1) Importer(2089858483,b0f066a214c2f5e87bad3c948f4d605d) (ScriptedImporter) -> (artifact id: '6453c4a7b6a0430623437022d5df47d0') in 0.0095636 seconds
Number of updated asset objects reloaded before import = 0Number of asset objects unloaded after import = 3

========================================================================
Received Import Request.
  Time since last request: 0.000015 seconds.
  path: Packages/com.unity.collab-proxy/Editor/Assets/Images/iconmovedoverlay.png
  artifactKey: Guid(d63fb8a8a3f06407e8e712a29a3499c0) Importer(2089858483,b0f066a214c2f5e87bad3c948f4d605d)
Start importing Packages/com.unity.collab-proxy/Editor/Assets/Images/iconmovedoverlay.png using Guid(d63fb8a8a3f06407e8e712a29a3499c0) Importer(2089858483,b0f066a214c2f5e87bad3c948f4d605d) (ScriptedImporter) -> (artifact id: '4d6dc36ef3a03ba25a75d77ab0ca6cd1') in 0.0098522 seconds
Number of updated asset objects reloaded before import = 0Number of asset objects unloaded after import = 3

========================================================================
Received Import Request.
  Time since last request: 0.000018 seconds.
  path: Packages/com.unity.collab-proxy/Editor/Assets/Images/iconnext@2x.png
  artifactKey: Guid(940b9d1a2dc73495da39c6d329f2b3a0) Importer(2089858483,b0f066a214c2f5e87bad3c948f4d605d)
Start importing Packages/com.unity.collab-proxy/Editor/Assets/Images/iconnext@2x.png using Guid(940b9d1a2dc73495da39c6d329f2b3a0) Importer(2089858483,b0f066a214c2f5e87bad3c948f4d605d) (ScriptedImporter) -> (artifact id: '4f56c7304d135af8ff94c153d0d90a50') in 0.0090837 seconds
Number of updated asset objects reloaded before import = 0Number of asset objects unloaded after import = 3

========================================================================
Received Import Request.
  Time since last request: 0.000027 seconds.
  path: Packages/com.unity.collab-proxy/Editor/Assets/Images/iconincomingchangesview@2x.png
  artifactKey: Guid(b8263c2f8ead9485180cfeaa9bde0999) Importer(2089858483,b0f066a214c2f5e87bad3c948f4d605d)
Start importing Packages/com.unity.collab-proxy/Editor/Assets/Images/iconincomingchangesview@2x.png using Guid(b8263c2f8ead9485180cfeaa9bde0999) Importer(2089858483,b0f066a214c2f5e87bad3c948f4d605d) (ScriptedImporter) -> (artifact id: 'e1fe9f5e51f2bf0d4d3527ed926df79a') in 0.0089677 seconds
Number of updated asset objects reloaded before import = 0Number of asset objects unloaded after import = 3

========================================================================
Received Import Request.
  Time since last request: 0.000017 seconds.
  path: Packages/com.unity.collab-proxy/Editor/CodeEditor/Editing/LineNumberMargin.cs
  artifactKey: Guid(dac86db891f44e408597165f056cd0a4) Importer(2089858483,b0f066a214c2f5e87bad3c948f4d605d)
Start importing Packages/com.unity.collab-proxy/Editor/CodeEditor/Editing/LineNumberMargin.cs using Guid(dac86db891f44e408597165f056cd0a4) Importer(2089858483,b0f066a214c2f5e87bad3c948f4d605d) (ScriptedImporter) -> (artifact id: 'bc10edd0d62608911e058a2b9f7c9315') in 0.0052492 seconds
Number of updated asset objects reloaded before import = 0Number of asset objects unloaded after import = 0

========================================================================
Received Import Request.
  Time since last request: 0.000018 seconds.
  path: Packages/com.unity.collab-proxy/Editor/CodeEditor/Document/TextAnchorTree.cs
  artifactKey: Guid(5a50ae8041732462c981b5464a2c568c) Importer(2089858483,b0f066a214c2f5e87bad3c948f4d605d)
Start importing Packages/com.unity.collab-proxy/Editor/CodeEditor/Document/TextAnchorTree.cs using Guid(5a50ae8041732462c981b5464a2c568c) Importer(2089858483,b0f066a214c2f5e87bad3c948f4d605d) (ScriptedImporter) -> (artifact id: '0820c54be5f6fd96563f43cb63d47fb8') in 0.0036681 seconds
Number of updated asset objects reloaded before import = 0Number of asset objects unloaded after import = 0

========================================================================
Received Import Request.
  Time since last request: 0.202290 seconds.
  path: Packages/com.unity.collab-proxy/Editor/CodeEditor/Rendering/HeightTree.cs
  artifactKey: Guid(020cf146eb6046b787fd56c275a4b6f8) Importer(2089858483,b0f066a214c2f5e87bad3c948f4d605d)
Start importing Packages/com.unity.collab-proxy/Editor/CodeEditor/Rendering/HeightTree.cs using Guid(020cf146eb6046b787fd56c275a4b6f8) Importer(2089858483,b0f066a214c2f5e87bad3c948f4d605d) (ScriptedImporter) -> (artifact id: '30dce1787568305b35d4ad28e6f836f9') in 0.0060503 seconds
Number of updated asset objects reloaded before import = 0Number of asset objects unloaded after import = 0

========================================================================
Received Import Request.
  Time since last request: 0.000019 seconds.
  path: Packages/com.unity.collab-proxy/Editor/Views/Branch/BranchesListHeaderState.cs
  artifactKey: Guid(f4a41e458bcb22946bcfa6b165c90288) Importer(2089858483,b0f066a214c2f5e87bad3c948f4d605d)
Start importing Packages/com.unity.collab-proxy/Editor/Views/Branch/BranchesListHeaderState.cs using Guid(f4a41e458bcb22946bcfa6b165c90288) Importer(2089858483,b0f066a214c2f5e87bad3c948f4d605d) (ScriptedImporter) -> (artifact id: '8cc200920260202f320f727c39e2464e') in 0.0242043 seconds
Number of updated asset objects reloaded before import = 0Number of asset objects unloaded after import = 0

========================================================================
Received Import Request.
  Time since last request: 0.000029 seconds.
  path: Packages/com.unity.collab-proxy/Editor/Diff/Text/MessagePanel.cs
  artifactKey: Guid(1209501f8958c4fc8b7926e54a40fa89) Importer(2089858483,b0f066a214c2f5e87bad3c948f4d605d)
Start importing Packages/com.unity.collab-proxy/Editor/Diff/Text/MessagePanel.cs using Guid(1209501f8958c4fc8b7926e54a40fa89) Importer(2089858483,b0f066a214c2f5e87bad3c948f4d605d) (ScriptedImporter) -> (artifact id: '26e972d48f14a1c5920caaf2b79b0f70') in 0.0055381 seconds
Number of updated asset objects reloaded before import = 0Number of asset objects unloaded after import = 0

========================================================================
Received Import Request.
  Time since last request: 0.000017 seconds.
  path: Packages/com.unity.collab-proxy/Editor/UI/Tree/CenteredContentPanel.cs
  artifactKey: Guid(19dca01e5c6a4d808cee50ff17837de5) Importer(2089858483,b0f066a214c2f5e87bad3c948f4d605d)
Start importing Packages/com.unity.collab-proxy/Editor/UI/Tree/CenteredContentPanel.cs using Guid(19dca01e5c6a4d808cee50ff17837de5) Importer(2089858483,b0f066a214c2f5e87bad3c948f4d605d) (ScriptedImporter) -> (artifact id: 'e01d2b3c754ea28d7f3417d9c62f194e') in 0.0053266 seconds
Number of updated asset objects reloaded before import = 0Number of asset objects unloaded after import = 0

========================================================================
Received Import Request.
  Time since last request: 0.000014 seconds.
  path: Packages/com.unity.collab-proxy/Editor/Diff/Text/EncodingMenu.cs
  artifactKey: Guid(439219a4f6a944679855fc33d83196ca) Importer(2089858483,b0f066a214c2f5e87bad3c948f4d605d)
Start importing Packages/com.unity.collab-proxy/Editor/Diff/Text/EncodingMenu.cs using Guid(439219a4f6a944679855fc33d83196ca) Importer(2089858483,b0f066a214c2f5e87bad3c948f4d605d) (ScriptedImporter) -> (artifact id: '4137ce095dc6124a0fa81f3f7c39a39b') in 0.0039605 seconds
Number of updated asset objects reloaded before import = 0Number of asset objects unloaded after import = 0

========================================================================
Received Import Request.
  Time since last request: 0.000015 seconds.
  path: Packages/com.unity.collab-proxy/Editor/Views/Diff/ChangesetByChangesetListView.cs
  artifactKey: Guid(1448ee204d2f476b8b002dbf6a65436a) Importer(2089858483,b0f066a214c2f5e87bad3c948f4d605d)
Start importing Packages/com.unity.collab-proxy/Editor/Views/Diff/ChangesetByChangesetListView.cs using Guid(1448ee204d2f476b8b002dbf6a65436a) Importer(2089858483,b0f066a214c2f5e87bad3c948f4d605d) (ScriptedImporter) -> (artifact id: 'e90f42222d12c79f8e15eaf83546f863') in 0.0048207 seconds
Number of updated asset objects reloaded before import = 0Number of asset objects unloaded after import = 0

========================================================================
Received Import Request.
  Time since last request: 0.000015 seconds.
  path: Packages/com.unity.collab-proxy/Editor/CodeEditor/Utils/NullSafeCollection.cs
  artifactKey: Guid(1e99e51622924592820f5d5c09296780) Importer(2089858483,b0f066a214c2f5e87bad3c948f4d605d)
Start importing Packages/com.unity.collab-proxy/Editor/CodeEditor/Utils/NullSafeCollection.cs using Guid(1e99e51622924592820f5d5c09296780) Importer(2089858483,b0f066a214c2f5e87bad3c948f4d605d) (ScriptedImporter) -> (artifact id: 'aa00efece79e90121c7735c84586d2dc') in 0.0046195 seconds
Number of updated asset objects reloaded before import = 0Number of asset objects unloaded after import = 0

========================================================================
Received Import Request.
  Time since last request: 0.000024 seconds.
  path: Packages/com.unity.collab-proxy/Editor/UI/Errors/ErrorsListView.cs
  artifactKey: Guid(331d1c37d891f334390adb8324042856) Importer(2089858483,b0f066a214c2f5e87bad3c948f4d605d)
Start importing Packages/com.unity.collab-proxy/Editor/UI/Errors/ErrorsListView.cs using Guid(331d1c37d891f334390adb8324042856) Importer(2089858483,b0f066a214c2f5e87bad3c948f4d605d) (ScriptedImporter) -> (artifact id: 'b71fef589d5c41807f1593e664af7d43') in 0.0043207 seconds
Number of updated asset objects reloaded before import = 0Number of asset objects unloaded after import = 0

========================================================================
Received Import Request.
  Time since last request: 0.000025 seconds.
  path: Packages/com.unity.collab-proxy/Editor/Views/Changesets/SerializableChangesetsTabState.cs
  artifactKey: Guid(e42e390569d09c044ab8d2b69d4215ad) Importer(2089858483,b0f066a214c2f5e87bad3c948f4d605d)
Start importing Packages/com.unity.collab-proxy/Editor/Views/Changesets/SerializableChangesetsTabState.cs using Guid(e42e390569d09c044ab8d2b69d4215ad) Importer(2089858483,b0f066a214c2f5e87bad3c948f4d605d) (ScriptedImporter) -> (artifact id: '5e80c20ce895e1ad73711afbb39da95a') in 0.0071323 seconds
Number of updated asset objects reloaded before import = 0Number of asset objects unloaded after import = 0

========================================================================
Received Import Request.
  Time since last request: 0.000014 seconds.
  path: Packages/com.unity.collab-proxy/Editor/Inspector/Properties/PropertiesViewer.cs
  artifactKey: Guid(89c8459035a34dab8b0141d4c4e3e3db) Importer(2089858483,b0f066a214c2f5e87bad3c948f4d605d)
Start importing Packages/com.unity.collab-proxy/Editor/Inspector/Properties/PropertiesViewer.cs using Guid(89c8459035a34dab8b0141d4c4e3e3db) Importer(2089858483,b0f066a214c2f5e87bad3c948f4d605d) (ScriptedImporter) -> (artifact id: '89c786eb17a3cb068267b8ea097981ad') in 0.0041024 seconds
Number of updated asset objects reloaded before import = 0Number of asset objects unloaded after import = 0

========================================================================
Received Import Request.
  Time since last request: 0.000128 seconds.
  path: Packages/com.unity.collab-proxy/Editor/Inspector/Properties/SelectedRepObjectInfoData.cs
  artifactKey: Guid(b6b94b53391e4873a684f61c6f109710) Importer(2089858483,b0f066a214c2f5e87bad3c948f4d605d)
Start importing Packages/com.unity.collab-proxy/Editor/Inspector/Properties/SelectedRepObjectInfoData.cs using Guid(b6b94b53391e4873a684f61c6f109710) Importer(2089858483,b0f066a214c2f5e87bad3c948f4d605d) (ScriptedImporter) -> (artifact id: 'f1fe4e92656edd7627c26c93311054a5') in 0.0048783 seconds
Number of updated asset objects reloaded before import = 0Number of asset objects unloaded after import = 0

========================================================================
Received Import Request.
  Time since last request: 0.000015 seconds.
  path: Packages/com.unity.collab-proxy/Editor/Diff/Image/ImageDiffControl.cs
  artifactKey: Guid(60719a83a6d44bd88a47d43f8393574f) Importer(2089858483,b0f066a214c2f5e87bad3c948f4d605d)
Start importing Packages/com.unity.collab-proxy/Editor/Diff/Image/ImageDiffControl.cs using Guid(60719a83a6d44bd88a47d43f8393574f) Importer(2089858483,b0f066a214c2f5e87bad3c948f4d605d) (ScriptedImporter) -> (artifact id: '9760523982355c771c8017516be7c2bf') in 0.004861 seconds
Number of updated asset objects reloaded before import = 0Number of asset objects unloaded after import = 0

========================================================================
Received Import Request.
  Time since last request: 0.000024 seconds.
  path: Packages/com.unity.collab-proxy/Editor/UI/Avatar/AvatarImages.cs
  artifactKey: Guid(43c380b3a07cbf449a54619bb50096b1) Importer(2089858483,b0f066a214c2f5e87bad3c948f4d605d)
Start importing Packages/com.unity.collab-proxy/Editor/UI/Avatar/AvatarImages.cs using Guid(43c380b3a07cbf449a54619bb50096b1) Importer(2089858483,b0f066a214c2f5e87bad3c948f4d605d) (ScriptedImporter) -> (artifact id: '0d74c2bfaafad13946c4c61b157fa7b5') in 0.0080818 seconds
Number of updated asset objects reloaded before import = 0Number of asset objects unloaded after import = 0

========================================================================
Received Import Request.
  Time since last request: 0.000015 seconds.
  path: Packages/com.unity.collab-proxy/Editor/Diff/Image/ImageDiffMode.cs
  artifactKey: Guid(d534c175e106046ea9874a961d0cf1e0) Importer(2089858483,b0f066a214c2f5e87bad3c948f4d605d)
Start importing Packages/com.unity.collab-proxy/Editor/Diff/Image/ImageDiffMode.cs using Guid(d534c175e106046ea9874a961d0cf1e0) Importer(2089858483,b0f066a214c2f5e87bad3c948f4d605d) (ScriptedImporter) -> (artifact id: '9aece7a06da87e35616f6e4251a6fcb5') in 0.0037454 seconds
Number of updated asset objects reloaded before import = 0Number of asset objects unloaded after import = 0

========================================================================
Received Import Request.
  Time since last request: 0.000014 seconds.
  path: Packages/com.unity.collab-proxy/Editor/Views/Changesets/ChangesetsTab_Operations.cs
  artifactKey: Guid(06e8f2c592322e640ae99a833427b552) Importer(2089858483,b0f066a214c2f5e87bad3c948f4d605d)
Start importing Packages/com.unity.collab-proxy/Editor/Views/Changesets/ChangesetsTab_Operations.cs using Guid(06e8f2c592322e640ae99a833427b552) Importer(2089858483,b0f066a214c2f5e87bad3c948f4d605d) (ScriptedImporter) -> (artifact id: '3e649a61426a3f61a427034b2c85e7fc') in 0.0039477 seconds
Number of updated asset objects reloaded before import = 0Number of asset objects unloaded after import = 0

========================================================================
Received Import Request.
  Time since last request: 0.000015 seconds.
  path: Packages/com.unity.collab-proxy/Editor/Diff/Text/GoToLineDialogBody.cs
  artifactKey: Guid(3dc66d65633cae744a4b889b78e98bbc) Importer(2089858483,b0f066a214c2f5e87bad3c948f4d605d)
Start importing Packages/com.unity.collab-proxy/Editor/Diff/Text/GoToLineDialogBody.cs using Guid(3dc66d65633cae744a4b889b78e98bbc) Importer(2089858483,b0f066a214c2f5e87bad3c948f4d605d) (ScriptedImporter) -> (artifact id: '880698e060beeaf5be2b3bfd4927b2a5') in 0.0041414 seconds
Number of updated asset objects reloaded before import = 0Number of asset objects unloaded after import = 0

========================================================================
Received Import Request.
  Time since last request: 0.000016 seconds.
  path: Packages/com.unity.collab-proxy/Editor/UVCSToolbar/PopupWindow/ControlledPopupWindow.cs
  artifactKey: Guid(2f1b1f864205414fb1d64a6c465e0378) Importer(2089858483,b0f066a214c2f5e87bad3c948f4d605d)
Start importing Packages/com.unity.collab-proxy/Editor/UVCSToolbar/PopupWindow/ControlledPopupWindow.cs using Guid(2f1b1f864205414fb1d64a6c465e0378) Importer(2089858483,b0f066a214c2f5e87bad3c948f4d605d) (ScriptedImporter) -> (artifact id: '0d99fcb6a34e151f5989d405d529181e') in 0.0040534 seconds
Number of updated asset objects reloaded before import = 0Number of asset objects unloaded after import = 0

========================================================================
Received Import Request.
  Time since last request: 0.000026 seconds.
  path: Packages/com.unity.collab-proxy/Editor/Gluon/UpdateReport/ErrorListViewItem.cs
  artifactKey: Guid(0188683ab76112f4897348feb19a3b77) Importer(2089858483,b0f066a214c2f5e87bad3c948f4d605d)
Start importing Packages/com.unity.collab-proxy/Editor/Gluon/UpdateReport/ErrorListViewItem.cs using Guid(0188683ab76112f4897348feb19a3b77) Importer(2089858483,b0f066a214c2f5e87bad3c948f4d605d) (ScriptedImporter) -> (artifact id: '3720387ed08a05722c3a8cae8ee18883') in 0.0051972 seconds
Number of updated asset objects reloaded before import = 0Number of asset objects unloaded after import = 0

========================================================================
Received Import Request.
  Time since last request: 0.000015 seconds.
  path: Packages/com.unity.collab-proxy/Editor/Views/Diff/DiffPanel.cs
  artifactKey: Guid(0ee79162e06c6984a97600b7c0680611) Importer(2089858483,b0f066a214c2f5e87bad3c948f4d605d)
Start importing Packages/com.unity.collab-proxy/Editor/Views/Diff/DiffPanel.cs using Guid(0ee79162e06c6984a97600b7c0680611) Importer(2089858483,b0f066a214c2f5e87bad3c948f4d605d) (ScriptedImporter) -> (artifact id: 'b11da3d4c1883605982cdd124b953efd') in 0.0056341 seconds
Number of updated asset objects reloaded before import = 0Number of asset objects unloaded after import = 0

========================================================================
Received Import Request.
  Time since last request: 0.000019 seconds.
  path: Packages/com.unity.collab-proxy/Editor/Views/Changesets/ChangesetsListView.cs
  artifactKey: Guid(59e682a8b37338a46910fa9a939425e3) Importer(2089858483,b0f066a214c2f5e87bad3c948f4d605d)
Start importing Packages/com.unity.collab-proxy/Editor/Views/Changesets/ChangesetsListView.cs using Guid(59e682a8b37338a46910fa9a939425e3) Importer(2089858483,b0f066a214c2f5e87bad3c948f4d605d) (ScriptedImporter) -> (artifact id: 'ce05c1231f09665594b2a8664b244ac3') in 0.0046745 seconds
Number of updated asset objects reloaded before import = 0Number of asset objects unloaded after import = 0

========================================================================
Received Import Request.
  Time since last request: 0.000018 seconds.
  path: Packages/com.unity.collab-proxy/Editor/CodeEditor/Utils/WeakEventManagerBase.cs
  artifactKey: Guid(49e8281cb9a76452484efab10014acf8) Importer(2089858483,b0f066a214c2f5e87bad3c948f4d605d)
Start importing Packages/com.unity.collab-proxy/Editor/CodeEditor/Utils/WeakEventManagerBase.cs using Guid(49e8281cb9a76452484efab10014acf8) Importer(2089858483,b0f066a214c2f5e87bad3c948f4d605d) (ScriptedImporter) -> (artifact id: '0b9502bcd781fba821c0888f20287efe') in 0.0066237 seconds
Number of updated asset objects reloaded before import = 0Number of asset objects unloaded after import = 0

========================================================================
Received Import Request.
  Time since last request: 0.000019 seconds.
  path: Packages/com.unity.collab-proxy/Editor/Views/Diff/ChangesetByChangesetDiffPanel.cs
  artifactKey: Guid(88f7d95ce0bbb004d8b7fb2d5c2b3a64) Importer(2089858483,b0f066a214c2f5e87bad3c948f4d605d)
Start importing Packages/com.unity.collab-proxy/Editor/Views/Diff/ChangesetByChangesetDiffPanel.cs using Guid(88f7d95ce0bbb004d8b7fb2d5c2b3a64) Importer(2089858483,b0f066a214c2f5e87bad3c948f4d605d) (ScriptedImporter) -> (artifact id: '6f1f379fba2c2e3372b09a99cab1c19a') in 0.0078412 seconds
Number of updated asset objects reloaded before import = 0Number of asset objects unloaded after import = 0

========================================================================
Received Import Request.
  Time since last request: 0.000027 seconds.
  path: Packages/com.unity.collab-proxy/Editor/UI/Tree/PlasticTreeView.cs
  artifactKey: Guid(869a0fefec364e959e534cc842837d91) Importer(2089858483,b0f066a214c2f5e87bad3c948f4d605d)
Start importing Packages/com.unity.collab-proxy/Editor/UI/Tree/PlasticTreeView.cs using Guid(869a0fefec364e959e534cc842837d91) Importer(2089858483,b0f066a214c2f5e87bad3c948f4d605d) (ScriptedImporter) -> (artifact id: 'f35b53c7bba4482a47492b464c646824') in 0.004105 seconds
Number of updated asset objects reloaded before import = 0Number of asset objects unloaded after import = 0

========================================================================
Received Import Request.
  Time since last request: 0.000016 seconds.
  path: Packages/com.unity.collab-proxy/Editor/Views/CreateWorkspace/ValidRepositoryName.cs
  artifactKey: Guid(60f5fb7fb3626214f9d97215fe186cbf) Importer(2089858483,b0f066a214c2f5e87bad3c948f4d605d)
Start importing Packages/com.unity.collab-proxy/Editor/Views/CreateWorkspace/ValidRepositoryName.cs using Guid(60f5fb7fb3626214f9d97215fe186cbf) Importer(2089858483,b0f066a214c2f5e87bad3c948f4d605d) (ScriptedImporter) -> (artifact id: '05ef4b135b1df407dd6e7089cf7831c9') in 0.0036981 seconds
Number of updated asset objects reloaded before import = 0Number of asset objects unloaded after import = 0

========================================================================
Received Import Request.
  Time since last request: 0.000017 seconds.
  path: Packages/com.unity.collab-proxy/Editor/Hub/Operations/CreateWorkspace.cs
  artifactKey: Guid(de7c5b4b6cb58e546b24137064ac9025) Importer(2089858483,b0f066a214c2f5e87bad3c948f4d605d)
Start importing Packages/com.unity.collab-proxy/Editor/Hub/Operations/CreateWorkspace.cs using Guid(de7c5b4b6cb58e546b24137064ac9025) Importer(2089858483,b0f066a214c2f5e87bad3c948f4d605d) (ScriptedImporter) -> (artifact id: 'e4c359a84ad2574d7416cb53bc789187') in 0.0049848 seconds
Number of updated asset objects reloaded before import = 0Number of asset objects unloaded after import = 0

========================================================================
Received Import Request.
  Time since last request: 0.000016 seconds.
  path: Packages/com.unity.collab-proxy/Editor/Diff/Purged/PurgedStatePanel.cs
  artifactKey: Guid(fb84e9e84ec74f78b32bdb4d43a02bbb) Importer(2089858483,b0f066a214c2f5e87bad3c948f4d605d)
Start importing Packages/com.unity.collab-proxy/Editor/Diff/Purged/PurgedStatePanel.cs using Guid(fb84e9e84ec74f78b32bdb4d43a02bbb) Importer(2089858483,b0f066a214c2f5e87bad3c948f4d605d) (ScriptedImporter) -> (artifact id: '66aec84e5039d194a985cd25f7fb9209') in 0.0050835 seconds
Number of updated asset objects reloaded before import = 0Number of asset objects unloaded after import = 0

========================================================================
Received Import Request.
  Time since last request: 0.000019 seconds.
  path: Packages/com.unity.collab-proxy/Editor/UI/Progress/OperationProgressData.cs
  artifactKey: Guid(3e858d866b71d5245b9b869476a487f1) Importer(2089858483,b0f066a214c2f5e87bad3c948f4d605d)
Start importing Packages/com.unity.collab-proxy/Editor/UI/Progress/OperationProgressData.cs using Guid(3e858d866b71d5245b9b869476a487f1) Importer(2089858483,b0f066a214c2f5e87bad3c948f4d605d) (ScriptedImporter) -> (artifact id: '3b809707e835438d7cd14e93b057c6f9') in 0.0044639 seconds
Number of updated asset objects reloaded before import = 0Number of asset objects unloaded after import = 0

========================================================================
Received Import Request.
  Time since last request: 0.000028 seconds.
  path: Packages/com.unity.collab-proxy/Editor/Views/Branch/BranchesTab_Operations.cs
  artifactKey: Guid(732707d2b1ec963458b4ab9ffe539cbe) Importer(2089858483,b0f066a214c2f5e87bad3c948f4d605d)
Start importing Packages/com.unity.collab-proxy/Editor/Views/Branch/BranchesTab_Operations.cs using Guid(732707d2b1ec963458b4ab9ffe539cbe) Importer(2089858483,b0f066a214c2f5e87bad3c948f4d605d) (ScriptedImporter) -> (artifact id: 'e196491b12cdc1bad6415db97ad62098') in 0.0040013 seconds
Number of updated asset objects reloaded before import = 0Number of asset objects unloaded after import = 0

========================================================================
Received Import Request.
  Time since last request: 0.000014 seconds.
  path: Packages/com.unity.collab-proxy/Editor/UI/Tree/EmptyStatePanel.cs
  artifactKey: Guid(3787875fc84246d0a47d8c123d4ea5fc) Importer(2089858483,b0f066a214c2f5e87bad3c948f4d605d)
Start importing Packages/com.unity.collab-proxy/Editor/UI/Tree/EmptyStatePanel.cs using Guid(3787875fc84246d0a47d8c123d4ea5fc) Importer(2089858483,b0f066a214c2f5e87bad3c948f4d605d) (ScriptedImporter) -> (artifact id: 'd93600ebf98cff23ae82ba262c214f8d') in 0.0050196 seconds
Number of updated asset objects reloaded before import = 0Number of asset objects unloaded after import = 0

========================================================================
Received Import Request.
  Time since last request: 0.000017 seconds.
  path: Packages/com.unity.collab-proxy/Editor/Views/Changesets/GetChangesetsQuery.cs
  artifactKey: Guid(cdf0cc5418c9fc44eade3d7480d7429e) Importer(2089858483,b0f066a214c2f5e87bad3c948f4d605d)
Start importing Packages/com.unity.collab-proxy/Editor/Views/Changesets/GetChangesetsQuery.cs using Guid(cdf0cc5418c9fc44eade3d7480d7429e) Importer(2089858483,b0f066a214c2f5e87bad3c948f4d605d) (ScriptedImporter) -> (artifact id: 'f3d6c8cd6cc6e8f8243b45dceafe1d64') in 0.0043229 seconds
Number of updated asset objects reloaded before import = 0Number of asset objects unloaded after import = 0

========================================================================
Received Import Request.
  Time since last request: 0.000015 seconds.
  path: Packages/com.unity.collab-proxy/Editor/Views/Changesets/ChangesetsViewMenu.cs
  artifactKey: Guid(397f62458d0ad3441aaaa1a738bd4f94) Importer(2089858483,b0f066a214c2f5e87bad3c948f4d605d)
Start importing Packages/com.unity.collab-proxy/Editor/Views/Changesets/ChangesetsViewMenu.cs using Guid(397f62458d0ad3441aaaa1a738bd4f94) Importer(2089858483,b0f066a214c2f5e87bad3c948f4d605d) (ScriptedImporter) -> (artifact id: '1e8e59fb97a1eb087874edfd0661a767') in 0.0040349 seconds
Number of updated asset objects reloaded before import = 0Number of asset objects unloaded after import = 0

========================================================================
Received Import Request.
  Time since last request: 0.000018 seconds.
  path: Packages/com.unity.collab-proxy/Editor/CodeEditor/TextMate/TextMate.cs
  artifactKey: Guid(0040383d747f4e9392c3c770bded7f25) Importer(2089858483,b0f066a214c2f5e87bad3c948f4d605d)
Start importing Packages/com.unity.collab-proxy/Editor/CodeEditor/TextMate/TextMate.cs using Guid(0040383d747f4e9392c3c770bded7f25) Importer(2089858483,b0f066a214c2f5e87bad3c948f4d605d) (ScriptedImporter) -> (artifact id: 'cc32da2d1e7108b0cc881f291419e4df') in 0.0049375 seconds
Number of updated asset objects reloaded before import = 0Number of asset objects unloaded after import = 0

========================================================================
Received Import Request.
  Time since last request: 0.000023 seconds.
  path: Packages/com.unity.collab-proxy/Editor/Diff/Text/LeftActionBar.cs
  artifactKey: Guid(5e6dfa2ab096140bbbafe35a1c3ac799) Importer(2089858483,b0f066a214c2f5e87bad3c948f4d605d)
Start importing Packages/com.unity.collab-proxy/Editor/Diff/Text/LeftActionBar.cs using Guid(5e6dfa2ab096140bbbafe35a1c3ac799) Importer(2089858483,b0f066a214c2f5e87bad3c948f4d605d) (ScriptedImporter) -> (artifact id: 'f8d8796d0e1b5578114e7db0eb7931c0') in 0.0048155 seconds
Number of updated asset objects reloaded before import = 0Number of asset objects unloaded after import = 0

========================================================================
Received Import Request.
  Time since last request: 0.000014 seconds.
  path: Packages/com.unity.collab-proxy/Editor/Diff/Text/TextEditorExtensions.cs
  artifactKey: Guid(e25247e927f5487dadfb4ca0082dc22c) Importer(2089858483,b0f066a214c2f5e87bad3c948f4d605d)
Start importing Packages/com.unity.collab-proxy/Editor/Diff/Text/TextEditorExtensions.cs using Guid(e25247e927f5487dadfb4ca0082dc22c) Importer(2089858483,b0f066a214c2f5e87bad3c948f4d605d) (ScriptedImporter) -> (artifact id: '8c3e790e3ae1061a185ce84bcf50ebfe') in 0.0039891 seconds
Number of updated asset objects reloaded before import = 0Number of asset objects unloaded after import = 0

========================================================================
Received Import Request.
  Time since last request: 0.000015 seconds.
  path: Packages/com.unity.collab-proxy/Editor/Gluon/UpdateReport/UpdateReportDialog.cs
  artifactKey: Guid(7c0160d91d8eec24bbb43873243d2343) Importer(2089858483,b0f066a214c2f5e87bad3c948f4d605d)
Start importing Packages/com.unity.collab-proxy/Editor/Gluon/UpdateReport/UpdateReportDialog.cs using Guid(7c0160d91d8eec24bbb43873243d2343) Importer(2089858483,b0f066a214c2f5e87bad3c948f4d605d) (ScriptedImporter) -> (artifact id: '8308bfaac7153ae9e363b2cfb59008d0') in 0.0053967 seconds
Number of updated asset objects reloaded before import = 0Number of asset objects unloaded after import = 0

========================================================================
Received Import Request.
  Time since last request: 0.000016 seconds.
  path: Packages/com.unity.collab-proxy/Editor/Diff/Text/TextEditorSaveKeyBinding.cs
  artifactKey: Guid(c61df8398d2e04d11a1155c1fdcde430) Importer(2089858483,b0f066a214c2f5e87bad3c948f4d605d)
Start importing Packages/com.unity.collab-proxy/Editor/Diff/Text/TextEditorSaveKeyBinding.cs using Guid(c61df8398d2e04d11a1155c1fdcde430) Importer(2089858483,b0f066a214c2f5e87bad3c948f4d605d) (ScriptedImporter) -> (artifact id: '20c6db9d38b9f74b45001c87ea447afc') in 0.0039976 seconds
Number of updated asset objects reloaded before import = 0Number of asset objects unloaded after import = 0

========================================================================
Received Import Request.
  Time since last request: 0.000018 seconds.
  path: Packages/com.unity.collab-proxy/Editor/Views/Attributes/ApplyAttributeView.cs
  artifactKey: Guid(eb8bc19bacda426fb5ae209e56bd32d3) Importer(2089858483,b0f066a214c2f5e87bad3c948f4d605d)
Start importing Packages/com.unity.collab-proxy/Editor/Views/Attributes/ApplyAttributeView.cs using Guid(eb8bc19bacda426fb5ae209e56bd32d3) Importer(2089858483,b0f066a214c2f5e87bad3c948f4d605d) (ScriptedImporter) -> (artifact id: 'ca20afe70301f823e820d5653067a020') in 0.0046922 seconds
Number of updated asset objects reloaded before import = 0Number of asset objects unloaded after import = 0

========================================================================
Received Import Request.
  Time since last request: 0.000028 seconds.
  path: Packages/com.unity.collab-proxy/Editor/Hub/Operations/OperationParams.cs
  artifactKey: Guid(7985a2b6ab3fac849929b1e2d51fe9cf) Importer(2089858483,b0f066a214c2f5e87bad3c948f4d605d)
Start importing Packages/com.unity.collab-proxy/Editor/Hub/Operations/OperationParams.cs using Guid(7985a2b6ab3fac849929b1e2d51fe9cf) Importer(2089858483,b0f066a214c2f5e87bad3c948f4d605d) (ScriptedImporter) -> (artifact id: '3ef075ba1b5a1e491cb641468a7c0da8') in 0.0052855 seconds
Number of updated asset objects reloaded before import = 0Number of asset objects unloaded after import = 0

========================================================================
Received Import Request.
  Time since last request: 0.000017 seconds.
  path: Packages/com.unity.collab-proxy/Editor/Diff/Image/IImageDiffToolbar.cs
  artifactKey: Guid(9887c425b1adc4e3895315e3eec339ba) Importer(2089858483,b0f066a214c2f5e87bad3c948f4d605d)
Start importing Packages/com.unity.collab-proxy/Editor/Diff/Image/IImageDiffToolbar.cs using Guid(9887c425b1adc4e3895315e3eec339ba) Importer(2089858483,b0f066a214c2f5e87bad3c948f4d605d) (ScriptedImporter) -> (artifact id: 'ca28c56f28bf7708ba226c371f3e13d3') in 0.0049311 seconds
Number of updated asset objects reloaded before import = 0Number of asset objects unloaded after import = 0

========================================================================
Received Import Request.
  Time since last request: 0.000014 seconds.
  path: Packages/com.unity.collab-proxy/Editor/Diff/Text/SaveChangesPanel.cs
  artifactKey: Guid(221936683b9aa4e2bae0eaaf866ee7f4) Importer(2089858483,b0f066a214c2f5e87bad3c948f4d605d)
Start importing Packages/com.unity.collab-proxy/Editor/Diff/Text/SaveChangesPanel.cs using Guid(221936683b9aa4e2bae0eaaf866ee7f4) Importer(2089858483,b0f066a214c2f5e87bad3c948f4d605d) (ScriptedImporter) -> (artifact id: 'd0cc6c379425ff76528d9a260aea0bcd') in 0.0039761 seconds
Number of updated asset objects reloaded before import = 0Number of asset objects unloaded after import = 0

========================================================================
Received Import Request.
  Time since last request: 0.000017 seconds.
  path: Packages/com.unity.collab-proxy/Editor/CodeEditor/Utils/Deque.cs
  artifactKey: Guid(fdf371b229de34c7a8f364e3cb759548) Importer(2089858483,b0f066a214c2f5e87bad3c948f4d605d)
Start importing Packages/com.unity.collab-proxy/Editor/CodeEditor/Utils/Deque.cs using Guid(fdf371b229de34c7a8f364e3cb759548) Importer(2089858483,b0f066a214c2f5e87bad3c948f4d605d) (ScriptedImporter) -> (artifact id: '7c39f6cdf1bfdf399f49ccf6f873a77b') in 0.004482 seconds
Number of updated asset objects reloaded before import = 0Number of asset objects unloaded after import = 0

========================================================================
Received Import Request.
  Time since last request: 0.000017 seconds.
  path: Packages/com.unity.collab-proxy/Editor/UI/Progress/LoadingSpinner.cs
  artifactKey: Guid(8cee66aefde0415886a851167a19c933) Importer(2089858483,b0f066a214c2f5e87bad3c948f4d605d)
Start importing Packages/com.unity.collab-proxy/Editor/UI/Progress/LoadingSpinner.cs using Guid(8cee66aefde0415886a851167a19c933) Importer(2089858483,b0f066a214c2f5e87bad3c948f4d605d) (ScriptedImporter) -> (artifact id: '4e76526f9fc0bbb6310344d82e83ba7b') in 0.0040762 seconds
Number of updated asset objects reloaded before import = 0Number of asset objects unloaded after import = 0

========================================================================
Received Import Request.
  Time since last request: 0.000022 seconds.
  path: Packages/com.unity.collab-proxy/Editor/Diff/Text/SyntaxHighlightMenu.cs
  artifactKey: Guid(10ab7d4737830494e9aac10ba822475d) Importer(2089858483,b0f066a214c2f5e87bad3c948f4d605d)
Start importing Packages/com.unity.collab-proxy/Editor/Diff/Text/SyntaxHighlightMenu.cs using Guid(10ab7d4737830494e9aac10ba822475d) Importer(2089858483,b0f066a214c2f5e87bad3c948f4d605d) (ScriptedImporter) -> (artifact id: '636bbaef266a3144035423df6841efd4') in 0.0044279 seconds
Number of updated asset objects reloaded before import = 0Number of asset objects unloaded after import = 0

========================================================================
Received Import Request.
  Time since last request: 0.000014 seconds.
  path: Packages/com.unity.collab-proxy/Editor/CodeEditor/Rendering/VisualLineConstructionStartEventArgs.cs
  artifactKey: Guid(dcf41b8eb4864b26940bbaae32dedbb4) Importer(2089858483,b0f066a214c2f5e87bad3c948f4d605d)
Start importing Packages/com.unity.collab-proxy/Editor/CodeEditor/Rendering/VisualLineConstructionStartEventArgs.cs using Guid(dcf41b8eb4864b26940bbaae32dedbb4) Importer(2089858483,b0f066a214c2f5e87bad3c948f4d605d) (ScriptedImporter) -> (artifact id: 'b0cb83a1d2f8776024bccfabaca50945') in 0.0045197 seconds
Number of updated asset objects reloaded before import = 0Number of asset objects unloaded after import = 0

========================================================================
Received Import Request.
  Time since last request: 1.535400 seconds.
  path: Packages/com.unity.collab-proxy/Editor/Views/Diff/DiffSelection.cs
  artifactKey: Guid(4ef5fb54cd29b40468eaf5a14e9845ed) Importer(2089858483,b0f066a214c2f5e87bad3c948f4d605d)
Start importing Packages/com.unity.collab-proxy/Editor/Views/Diff/DiffSelection.cs using Guid(4ef5fb54cd29b40468eaf5a14e9845ed) Importer(2089858483,b0f066a214c2f5e87bad3c948f4d605d) (ScriptedImporter) -> (artifact id: 'aa68a3afb0d362860ee476614e3269f1') in 0.0089958 seconds
Number of updated asset objects reloaded before import = 0Number of asset objects unloaded after import = 0

========================================================================
Received Import Request.
  Time since last request: 0.000017 seconds.
  path: Packages/com.unity.collab-proxy/Editor/Views/BranchExplorer/Virtualization/SelftThrottlingWorker.cs
  artifactKey: Guid(cb31873eafb140beb7245ed26f800b10) Importer(2089858483,b0f066a214c2f5e87bad3c948f4d605d)
Start importing Packages/com.unity.collab-proxy/Editor/Views/BranchExplorer/Virtualization/SelftThrottlingWorker.cs using Guid(cb31873eafb140beb7245ed26f800b10) Importer(2089858483,b0f066a214c2f5e87bad3c948f4d605d) (ScriptedImporter) -> (artifact id: '5d1835a87e84b5c672011b9f86b8b9ab') in 0.0121557 seconds
Number of updated asset objects reloaded before import = 0Number of asset objects unloaded after import = 0

========================================================================
Received Import Request.
  Time since last request: 0.000023 seconds.
  path: Packages/com.unity.collab-proxy/Editor/Views/Merge/Gluon/IncomingChangesSelection.cs
  artifactKey: Guid(d287890d8b11cb7498506935c825b43d) Importer(2089858483,b0f066a214c2f5e87bad3c948f4d605d)
Start importing Packages/com.unity.collab-proxy/Editor/Views/Merge/Gluon/IncomingChangesSelection.cs using Guid(d287890d8b11cb7498506935c825b43d) Importer(2089858483,b0f066a214c2f5e87bad3c948f4d605d) (ScriptedImporter) -> (artifact id: '0f55d7f9fe326344564c72704b16cec2') in 0.0045491 seconds
Number of updated asset objects reloaded before import = 0Number of asset objects unloaded after import = 0

========================================================================
Received Import Request.
  Time since last request: 0.000015 seconds.
  path: Packages/com.unity.collab-proxy/Lib/Editor/Localization/configurehelper.zh-Hant.txt
  artifactKey: Guid(0d3f1486893d2444299cec6fac63fdbe) Importer(2089858483,b0f066a214c2f5e87bad3c948f4d605d)
Start importing Packages/com.unity.collab-proxy/Lib/Editor/Localization/configurehelper.zh-Hant.txt using Guid(0d3f1486893d2444299cec6fac63fdbe) Importer(2089858483,b0f066a214c2f5e87bad3c948f4d605d) (ScriptedImporter) -> (artifact id: 'e8fb17438d7f1aa24ef610744cf01efe') in 0.0060667 seconds
Number of updated asset objects reloaded before import = 0Number of asset objects unloaded after import = 1

========================================================================
Received Import Request.
  Time since last request: 0.000014 seconds.
  path: Packages/com.unity.collab-proxy/Editor/UI/UnityInternals/UnityEditor/EditorGUIUtility.cs
  artifactKey: Guid(9e014c1d5026c446a92925295a6a1471) Importer(2089858483,b0f066a214c2f5e87bad3c948f4d605d)
Start importing Packages/com.unity.collab-proxy/Editor/UI/UnityInternals/UnityEditor/EditorGUIUtility.cs using Guid(9e014c1d5026c446a92925295a6a1471) Importer(2089858483,b0f066a214c2f5e87bad3c948f4d605d) (ScriptedImporter) -> (artifact id: '0429c4ed39e182a0bc5206d8350d9fa6') in 0.0043334 seconds
Number of updated asset objects reloaded before import = 0Number of asset objects unloaded after import = 0

========================================================================
Received Import Request.
  Time since last request: 0.000016 seconds.
  path: Packages/com.unity.collab-proxy/Editor/Views/Branch/Dialogs/DeleteBranchDialog.cs
  artifactKey: Guid(6780ea954e283bd4f82686f6e5ebafee) Importer(2089858483,b0f066a214c2f5e87bad3c948f4d605d)
Start importing Packages/com.unity.collab-proxy/Editor/Views/Branch/Dialogs/DeleteBranchDialog.cs using Guid(6780ea954e283bd4f82686f6e5ebafee) Importer(2089858483,b0f066a214c2f5e87bad3c948f4d605d) (ScriptedImporter) -> (artifact id: '3ddfa2eb598dc049d4cad01c5afd166f') in 0.0036471 seconds
Number of updated asset objects reloaded before import = 0Number of asset objects unloaded after import = 0

========================================================================
Received Import Request.
  Time since last request: 0.000016 seconds.
  path: Packages/com.unity.collab-proxy/Lib/Editor/Localization/configurehelper.ko.txt
  artifactKey: Guid(e2f3f1dcf8d9b45dbaa98b0878dce447) Importer(2089858483,b0f066a214c2f5e87bad3c948f4d605d)
Start importing Packages/com.unity.collab-proxy/Lib/Editor/Localization/configurehelper.ko.txt using Guid(e2f3f1dcf8d9b45dbaa98b0878dce447) Importer(2089858483,b0f066a214c2f5e87bad3c948f4d605d) (ScriptedImporter) -> (artifact id: 'a2a67c399d6ac44c0ccc9afac8fb463c') in 0.004365 seconds
Number of updated asset objects reloaded before import = 0Number of asset objects unloaded after import = 1

========================================================================
Received Import Request.
  Time since last request: 0.000029 seconds.
  path: Packages/com.unity.collab-proxy/Editor/UI/UnityInternals/UnityEditor/ContainerWindow.cs
  artifactKey: Guid(0bb6b8b3dfca43538b7ef0bff1d13780) Importer(2089858483,b0f066a214c2f5e87bad3c948f4d605d)
Start importing Packages/com.unity.collab-proxy/Editor/UI/UnityInternals/UnityEditor/ContainerWindow.cs using Guid(0bb6b8b3dfca43538b7ef0bff1d13780) Importer(2089858483,b0f066a214c2f5e87bad3c948f4d605d) (ScriptedImporter) -> (artifact id: 'fc928915b23f5c5c9094877d2b83eef7') in 0.0042988 seconds
Number of updated asset objects reloaded before import = 0Number of asset objects unloaded after import = 0

========================================================================
Received Import Request.
  Time since last request: 0.000018 seconds.
  path: Packages/com.unity.collab-proxy/Editor/Views/Branch/Dialogs/RenameBranchDialog.cs
  artifactKey: Guid(1de62e30afcba544e8e8da4b93a4fa39) Importer(2089858483,b0f066a214c2f5e87bad3c948f4d605d)
Start importing Packages/com.unity.collab-proxy/Editor/Views/Branch/Dialogs/RenameBranchDialog.cs using Guid(1de62e30afcba544e8e8da4b93a4fa39) Importer(2089858483,b0f066a214c2f5e87bad3c948f4d605d) (ScriptedImporter) -> (artifact id: '45e690e5311664cf30580a184f4dff18') in 0.0034646 seconds
Number of updated asset objects reloaded before import = 0Number of asset objects unloaded after import = 0

========================================================================
Received Import Request.
  Time since last request: 0.000013 seconds.
  path: Packages/com.unity.collab-proxy/Lib/Editor/TextMateSharp/Onigwrap/OnigwrapPlastic.dll
  artifactKey: Guid(a5e4ef40233954c34904a5ab79ff8c9f) Importer(2089858483,b0f066a214c2f5e87bad3c948f4d605d)
Start importing Packages/com.unity.collab-proxy/Lib/Editor/TextMateSharp/Onigwrap/OnigwrapPlastic.dll using Guid(a5e4ef40233954c34904a5ab79ff8c9f) Importer(2089858483,b0f066a214c2f5e87bad3c948f4d605d) (ScriptedImporter) -> (artifact id: 'c6abf2b85fb3f98848cb0560fa639f67') in 0.0048264 seconds
Number of updated asset objects reloaded before import = 0Number of asset objects unloaded after import = 0

========================================================================
Received Import Request.
  Time since last request: 0.000015 seconds.
  path: Packages/com.unity.collab-proxy/Editor/Diff/Asset/Diff/DataLossKind.cs
  artifactKey: Guid(6eaff6a39d1545778e6362a438cb9da4) Importer(2089858483,b0f066a214c2f5e87bad3c948f4d605d)
Start importing Packages/com.unity.collab-proxy/Editor/Diff/Asset/Diff/DataLossKind.cs using Guid(6eaff6a39d1545778e6362a438cb9da4) Importer(2089858483,b0f066a214c2f5e87bad3c948f4d605d) (ScriptedImporter) -> (artifact id: '4e696b937a70541f7c57fe0572c1c9a8') in 0.0045268 seconds
Number of updated asset objects reloaded before import = 0Number of asset objects unloaded after import = 0

========================================================================
Received Import Request.
  Time since last request: 0.000016 seconds.
  path: Packages/com.unity.collab-proxy/Editor/Views/Diff/UnityDiffTree.cs
  artifactKey: Guid(e89b1e9e9f1060b4f817977507831248) Importer(2089858483,b0f066a214c2f5e87bad3c948f4d605d)
Start importing Packages/com.unity.collab-proxy/Editor/Views/Diff/UnityDiffTree.cs using Guid(e89b1e9e9f1060b4f817977507831248) Importer(2089858483,b0f066a214c2f5e87bad3c948f4d605d) (ScriptedImporter) -> (artifact id: '67805b205d7b5b5c0097880f7543d9c0') in 0.0056049 seconds
Number of updated asset objects reloaded before import = 0Number of asset objects unloaded after import = 0

========================================================================
Received Import Request.
  Time since last request: 0.000023 seconds.
  path: Packages/com.unity.collab-proxy/Editor/Views/Merge/Developer/ChangeCategoryTreeViewItem.cs
  artifactKey: Guid(c408e05e88bc93c458a3195b15e9d625) Importer(2089858483,b0f066a214c2f5e87bad3c948f4d605d)
Start importing Packages/com.unity.collab-proxy/Editor/Views/Merge/Developer/ChangeCategoryTreeViewItem.cs using Guid(c408e05e88bc93c458a3195b15e9d625) Importer(2089858483,b0f066a214c2f5e87bad3c948f4d605d) (ScriptedImporter) -> (artifact id: 'fe45271a5f8f8527d54a357d2e953825') in 0.0044501 seconds
Number of updated asset objects reloaded before import = 0Number of asset objects unloaded after import = 0

========================================================================
Received Import Request.
  Time since last request: 0.000013 seconds.
  path: Packages/com.unity.collab-proxy/Editor/Views/Welcome/WelcomeView.cs
  artifactKey: Guid(a9298a2c04dfc944bbc6ea156f4e2104) Importer(2089858483,b0f066a214c2f5e87bad3c948f4d605d)
Start importing Packages/com.unity.collab-proxy/Editor/Views/Welcome/WelcomeView.cs using Guid(a9298a2c04dfc944bbc6ea156f4e2104) Importer(2089858483,b0f066a214c2f5e87bad3c948f4d605d) (ScriptedImporter) -> (artifact id: '6257629d1c44c9d340877aa5519ac376') in 0.0062516 seconds
Number of updated asset objects reloaded before import = 0Number of asset objects unloaded after import = 0

========================================================================
Received Import Request.
  Time since last request: 0.000015 seconds.
  path: Packages/com.unity.collab-proxy/Lib/Editor/Localization/semantic.zh-Hans.txt
  artifactKey: Guid(0c3c75fb6cf9b42f8849264a300297fe) Importer(2089858483,b0f066a214c2f5e87bad3c948f4d605d)
Start importing Packages/com.unity.collab-proxy/Lib/Editor/Localization/semantic.zh-Hans.txt using Guid(0c3c75fb6cf9b42f8849264a300297fe) Importer(2089858483,b0f066a214c2f5e87bad3c948f4d605d) (ScriptedImporter) -> (artifact id: '49cb0f5531c076609aea78ccd6f31663') in 0.003599 seconds
Number of updated asset objects reloaded before import = 0Number of asset objects unloaded after import = 1

========================================================================
Received Import Request.
  Time since last request: 0.000015 seconds.
  path: Packages/com.unity.collab-proxy/Editor/Diff/Image/Toolbar/ImageModeSwitcherView.cs
  artifactKey: Guid(6e808c3ddcc3246b78a6748007b9aec8) Importer(2089858483,b0f066a214c2f5e87bad3c948f4d605d)
Start importing Packages/com.unity.collab-proxy/Editor/Diff/Image/Toolbar/ImageModeSwitcherView.cs using Guid(6e808c3ddcc3246b78a6748007b9aec8) Importer(2089858483,b0f066a214c2f5e87bad3c948f4d605d) (ScriptedImporter) -> (artifact id: '29debdec42c2774e64ade7577a8de0fd') in 0.0047103 seconds
Number of updated asset objects reloaded before import = 0Number of asset objects unloaded after import = 0

========================================================================
Received Import Request.
  Time since last request: 0.000016 seconds.
  path: Packages/com.unity.collab-proxy/Editor/Diff/Image/Toolbar/ZoomOptionsView.cs
  artifactKey: Guid(be3e4f1fe8db42108891c86e7f3c66fb) Importer(2089858483,b0f066a214c2f5e87bad3c948f4d605d)
Start importing Packages/com.unity.collab-proxy/Editor/Diff/Image/Toolbar/ZoomOptionsView.cs using Guid(be3e4f1fe8db42108891c86e7f3c66fb) Importer(2089858483,b0f066a214c2f5e87bad3c948f4d605d) (ScriptedImporter) -> (artifact id: 'c29833993dfc8d756d8ba98a7eeaddde') in 0.0049334 seconds
Number of updated asset objects reloaded before import = 0Number of asset objects unloaded after import = 0

========================================================================
Received Import Request.
  Time since last request: 0.000023 seconds.
  path: Packages/com.unity.collab-proxy/Lib/Editor/Localization/clientcommon.ja.txt
  artifactKey: Guid(59cbf3334d6d341e7aa10e40a866ec08) Importer(2089858483,b0f066a214c2f5e87bad3c948f4d605d)
Start importing Packages/com.unity.collab-proxy/Lib/Editor/Localization/clientcommon.ja.txt using Guid(59cbf3334d6d341e7aa10e40a866ec08) Importer(2089858483,b0f066a214c2f5e87bad3c948f4d605d) (ScriptedImporter) -> (artifact id: 'd12ded962b1d797b54477671e97e22e4') in 0.0043426 seconds
Number of updated asset objects reloaded before import = 0Number of asset objects unloaded after import = 1

========================================================================
Received Import Request.
  Time since last request: 0.000015 seconds.
  path: Packages/com.unity.collab-proxy/Editor/Views/Locks/DrawLocksListViewItem.cs
  artifactKey: Guid(1a7e0200b2cf489bbe62e1410a7ed2e4) Importer(2089858483,b0f066a214c2f5e87bad3c948f4d605d)
Start importing Packages/com.unity.collab-proxy/Editor/Views/Locks/DrawLocksListViewItem.cs using Guid(1a7e0200b2cf489bbe62e1410a7ed2e4) Importer(2089858483,b0f066a214c2f5e87bad3c948f4d605d) (ScriptedImporter) -> (artifact id: 'e3deeb13878761969fd092bcf5fc6543') in 0.0051442 seconds
Number of updated asset objects reloaded before import = 0Number of asset objects unloaded after import = 0

========================================================================
Received Import Request.
  Time since last request: 0.000015 seconds.
  path: Packages/com.unity.collab-proxy/Editor/Views/History/SaveAction.cs
  artifactKey: Guid(025a530ab434a7e40ad318955f571e50) Importer(2089858483,b0f066a214c2f5e87bad3c948f4d605d)
Start importing Packages/com.unity.collab-proxy/Editor/Views/History/SaveAction.cs using Guid(025a530ab434a7e40ad318955f571e50) Importer(2089858483,b0f066a214c2f5e87bad3c948f4d605d) (ScriptedImporter) -> (artifact id: '7f76f0b496fcb3afd91585e2683317b6') in 0.0047465 seconds
Number of updated asset objects reloaded before import = 0Number of asset objects unloaded after import = 0

========================================================================
Received Import Request.
  Time since last request: 0.000021 seconds.
  path: Packages/com.unity.collab-proxy/Lib/Editor/Localization/cm-help.ko.txt
  artifactKey: Guid(27b146ccf48d544ceb6075cf89e2e6b7) Importer(2089858483,b0f066a214c2f5e87bad3c948f4d605d)
Start importing Packages/com.unity.collab-proxy/Lib/Editor/Localization/cm-help.ko.txt using Guid(27b146ccf48d544ceb6075cf89e2e6b7) Importer(2089858483,b0f066a214c2f5e87bad3c948f4d605d) (ScriptedImporter) -> (artifact id: '8e9ae6b9373b752df89756a979e506e6') in 0.0044118 seconds
Number of updated asset objects reloaded before import = 0Number of asset objects unloaded after import = 1

========================================================================
Received Import Request.
  Time since last request: 0.000016 seconds.
  path: Packages/com.unity.collab-proxy/Editor/Diff/Asset/Common/Meta/MetaPropertyTreeBuilder.cs
  artifactKey: Guid(5bd2166cb8eff417d8c9b840aeaa5709) Importer(2089858483,b0f066a214c2f5e87bad3c948f4d605d)
Start importing Packages/com.unity.collab-proxy/Editor/Diff/Asset/Common/Meta/MetaPropertyTreeBuilder.cs using Guid(5bd2166cb8eff417d8c9b840aeaa5709) Importer(2089858483,b0f066a214c2f5e87bad3c948f4d605d) (ScriptedImporter) -> (artifact id: '958834f748325e7ede597b0e55220e38') in 0.0049515 seconds
Number of updated asset objects reloaded before import = 0Number of asset objects unloaded after import = 0

========================================================================
Received Import Request.
  Time since last request: 0.000023 seconds.
  path: Packages/com.unity.collab-proxy/Editor/UVCSToolbar/PopupWindow/BranchesList/LoadingEmptyState.cs
  artifactKey: Guid(0ac2f78c10614679a284c28dd3a8d8e8) Importer(2089858483,b0f066a214c2f5e87bad3c948f4d605d)
Start importing Packages/com.unity.collab-proxy/Editor/UVCSToolbar/PopupWindow/BranchesList/LoadingEmptyState.cs using Guid(0ac2f78c10614679a284c28dd3a8d8e8) Importer(2089858483,b0f066a214c2f5e87bad3c948f4d605d) (ScriptedImporter) -> (artifact id: 'c7af3f92cdc4fac8958ad3a2fdef0bf3') in 0.004883 seconds
Number of updated asset objects reloaded before import = 0Number of asset objects unloaded after import = 0

========================================================================
Received Import Request.
  Time since last request: 0.000016 seconds.
  path: Packages/com.unity.collab-proxy/Editor/Configuration/CloudEdition/Welcome/WaitingSignInPanel.cs
  artifactKey: Guid(077387e98bf29fb4a97bccfb592cfaf7) Importer(2089858483,b0f066a214c2f5e87bad3c948f4d605d)
Start importing Packages/com.unity.collab-proxy/Editor/Configuration/CloudEdition/Welcome/WaitingSignInPanel.cs using Guid(077387e98bf29fb4a97bccfb592cfaf7) Importer(2089858483,b0f066a214c2f5e87bad3c948f4d605d) (ScriptedImporter) -> (artifact id: '3ecf283934d7c4e55a26da00c2c8fd76') in 0.0044646 seconds
Number of updated asset objects reloaded before import = 0Number of asset objects unloaded after import = 0

========================================================================
Received Import Request.
  Time since last request: 0.000018 seconds.
  path: Packages/com.unity.collab-proxy/Editor/Views/CreateWorkspace/Dialogs/RepositoriesListView.cs
  artifactKey: Guid(c18598e9d808edb4583a6aa724ffc268) Importer(2089858483,b0f066a214c2f5e87bad3c948f4d605d)
Start importing Packages/com.unity.collab-proxy/Editor/Views/CreateWorkspace/Dialogs/RepositoriesListView.cs using Guid(c18598e9d808edb4583a6aa724ffc268) Importer(2089858483,b0f066a214c2f5e87bad3c948f4d605d) (ScriptedImporter) -> (artifact id: '34719721d4f0d30a530ce826b9159085') in 0.0046302 seconds
Number of updated asset objects reloaded before import = 0Number of asset objects unloaded after import = 0

========================================================================
Received Import Request.
  Time since last request: 0.000016 seconds.
  path: Packages/com.unity.collab-proxy/Lib/Editor/Localization/commontypes.ja.txt
  artifactKey: Guid(282cf81f2a10042db8ff91019ddedbcb) Importer(2089858483,b0f066a214c2f5e87bad3c948f4d605d)
Start importing Packages/com.unity.collab-proxy/Lib/Editor/Localization/commontypes.ja.txt using Guid(282cf81f2a10042db8ff91019ddedbcb) Importer(2089858483,b0f066a214c2f5e87bad3c948f4d605d) (ScriptedImporter) -> (artifact id: '99cd64220bb5b10dd00db59966741b56') in 0.0048126 seconds
Number of updated asset objects reloaded before import = 0Number of asset objects unloaded after import = 1

========================================================================
Received Import Request.
  Time since last request: 0.000016 seconds.
  path: Packages/com.unity.collab-proxy/Editor/Views/Locks/LocksSelector.cs
  artifactKey: Guid(8456e83060fd4354a0695680eea6b3cd) Importer(2089858483,b0f066a214c2f5e87bad3c948f4d605d)
Start importing Packages/com.unity.collab-proxy/Editor/Views/Locks/LocksSelector.cs using Guid(8456e83060fd4354a0695680eea6b3cd) Importer(2089858483,b0f066a214c2f5e87bad3c948f4d605d) (ScriptedImporter) -> (artifact id: 'c0a2befe3bb49f33567da7716a907fb8') in 0.0047431 seconds
Number of updated asset objects reloaded before import = 0Number of asset objects unloaded after import = 0

========================================================================
Received Import Request.
  Time since last request: 0.000023 seconds.
  path: Packages/com.unity.collab-proxy/Editor/Views/BranchExplorer/Virtualization/CanvasScrollView.cs
  artifactKey: Guid(e894a18d7962e4847a912b6e5058a75e) Importer(2089858483,b0f066a214c2f5e87bad3c948f4d605d)
Start importing Packages/com.unity.collab-proxy/Editor/Views/BranchExplorer/Virtualization/CanvasScrollView.cs using Guid(e894a18d7962e4847a912b6e5058a75e) Importer(2089858483,b0f066a214c2f5e87bad3c948f4d605d) (ScriptedImporter) -> (artifact id: '92dd6a6f2cc74f995df4784ca6ab1ff4') in 0.0038558 seconds
Number of updated asset objects reloaded before import = 0Number of asset objects unloaded after import = 0

========================================================================
Received Import Request.
  Time since last request: 0.000014 seconds.
  path: Packages/com.unity.collab-proxy/Editor/Views/PendingChanges/UnityPendingChangesTree.cs
  artifactKey: Guid(e4e6f1fad14d65f4b9e72a5675054db9) Importer(2089858483,b0f066a214c2f5e87bad3c948f4d605d)
Start importing Packages/com.unity.collab-proxy/Editor/Views/PendingChanges/UnityPendingChangesTree.cs using Guid(e4e6f1fad14d65f4b9e72a5675054db9) Importer(2089858483,b0f066a214c2f5e87bad3c948f4d605d) (ScriptedImporter) -> (artifact id: '5e41f6e33d1679eebdf425d9e5997f3a') in 0.0046783 seconds
Number of updated asset objects reloaded before import = 0Number of asset objects unloaded after import = 0

========================================================================
Received Import Request.
  Time since last request: 0.000015 seconds.
  path: Packages/com.unity.collab-proxy/Editor/Views/Shelves/ShelvesListHeaderState.cs
  artifactKey: Guid(c197d289bbe8d4e418c3de49a40fd1b5) Importer(2089858483,b0f066a214c2f5e87bad3c948f4d605d)
Start importing Packages/com.unity.collab-proxy/Editor/Views/Shelves/ShelvesListHeaderState.cs using Guid(c197d289bbe8d4e418c3de49a40fd1b5) Importer(2089858483,b0f066a214c2f5e87bad3c948f4d605d) (ScriptedImporter) -> (artifact id: '55b145ee43cd806791a5f13a1424819a') in 0.0046346 seconds
Number of updated asset objects reloaded before import = 0Number of asset objects unloaded after import = 0

========================================================================
Received Import Request.
  Time since last request: 0.000015 seconds.
  path: Packages/com.unity.collab-proxy/Editor/Views/Labels/LabelsTab.cs
  artifactKey: Guid(4b03b609705fa2945b8de9fb63a8ca68) Importer(2089858483,b0f066a214c2f5e87bad3c948f4d605d)
Start importing Packages/com.unity.collab-proxy/Editor/Views/Labels/LabelsTab.cs using Guid(4b03b609705fa2945b8de9fb63a8ca68) Importer(2089858483,b0f066a214c2f5e87bad3c948f4d605d) (ScriptedImporter) -> (artifact id: '235ff04ef713b00ff3ebd045491dd8ca') in 0.004234 seconds
Number of updated asset objects reloaded before import = 0Number of asset objects unloaded after import = 0

========================================================================
Received Import Request.
  Time since last request: 0.000016 seconds.
  path: Packages/com.unity.collab-proxy/Editor/Diff/Image/Views/IImageDiffView.cs
  artifactKey: Guid(edfe946ea0f84261836c83966181e9ec) Importer(2089858483,b0f066a214c2f5e87bad3c948f4d605d)
Start importing Packages/com.unity.collab-proxy/Editor/Diff/Image/Views/IImageDiffView.cs using Guid(edfe946ea0f84261836c83966181e9ec) Importer(2089858483,b0f066a214c2f5e87bad3c948f4d605d) (ScriptedImporter) -> (artifact id: 'e51bca6f715b2413330d4c8249a33676') in 0.004194 seconds
Number of updated asset objects reloaded before import = 0Number of asset objects unloaded after import = 0

========================================================================
Received Import Request.
  Time since last request: 0.000022 seconds.
  path: Packages/com.unity.collab-proxy/Editor/CloudDrive/Workspaces/DirectoryContent/DirectoryContentPanelMenu.cs
  artifactKey: Guid(091f2d65ecc2b10409b1f65c29e2b2a4) Importer(2089858483,b0f066a214c2f5e87bad3c948f4d605d)
Start importing Packages/com.unity.collab-proxy/Editor/CloudDrive/Workspaces/DirectoryContent/DirectoryContentPanelMenu.cs using Guid(091f2d65ecc2b10409b1f65c29e2b2a4) Importer(2089858483,b0f066a214c2f5e87bad3c948f4d605d) (ScriptedImporter) -> (artifact id: 'bf69465717c0062cd17082884a7db563') in 0.0044448 seconds
Number of updated asset objects reloaded before import = 0Number of asset objects unloaded after import = 0

========================================================================
Received Import Request.
  Time since last request: 0.000014 seconds.
  path: Packages/com.unity.collab-proxy/Editor/Configuration/CloudEdition/Welcome/CloudEditionWelcomeWindow.cs
  artifactKey: Guid(0ad54f9e1bb701142b116d0d1ed98437) Importer(2089858483,b0f066a214c2f5e87bad3c948f4d605d)
Start importing Packages/com.unity.collab-proxy/Editor/Configuration/CloudEdition/Welcome/CloudEditionWelcomeWindow.cs using Guid(0ad54f9e1bb701142b116d0d1ed98437) Importer(2089858483,b0f066a214c2f5e87bad3c948f4d605d) (ScriptedImporter) -> (artifact id: '3206abda2c7dc671f81cc18954b357cf') in 0.0047118 seconds
Number of updated asset objects reloaded before import = 0Number of asset objects unloaded after import = 0

========================================================================
Received Import Request.
  Time since last request: 0.000014 seconds.
  path: Packages/com.unity.collab-proxy/Editor/Views/BranchExplorer/Zoom/EdgePoint.cs
  artifactKey: Guid(8aa737bc4a2343caa54fc09f658a62bb) Importer(2089858483,b0f066a214c2f5e87bad3c948f4d605d)
Start importing Packages/com.unity.collab-proxy/Editor/Views/BranchExplorer/Zoom/EdgePoint.cs using Guid(8aa737bc4a2343caa54fc09f658a62bb) Importer(2089858483,b0f066a214c2f5e87bad3c948f4d605d) (ScriptedImporter) -> (artifact id: 'a4f0d7cc28a77be6ae109c189595f555') in 0.0045505 seconds
Number of updated asset objects reloaded before import = 0Number of asset objects unloaded after import = 0

========================================================================
Received Import Request.
  Time since last request: 0.000015 seconds.
  path: Packages/com.unity.collab-proxy/Editor/UI/UnityInternals/UnityEditor/HostView.cs
  artifactKey: Guid(73186521cb8e4de3a13721da02015040) Importer(2089858483,b0f066a214c2f5e87bad3c948f4d605d)
Start importing Packages/com.unity.collab-proxy/Editor/UI/UnityInternals/UnityEditor/HostView.cs using Guid(73186521cb8e4de3a13721da02015040) Importer(2089858483,b0f066a214c2f5e87bad3c948f4d605d) (ScriptedImporter) -> (artifact id: 'c22c589e20304e8ae328efbd6b724892') in 0.0047163 seconds
Number of updated asset objects reloaded before import = 0Number of asset objects unloaded after import = 0

========================================================================
Received Import Request.
  Time since last request: 0.000015 seconds.
  path: Packages/com.unity.collab-proxy/Editor/Views/Merge/Gluon/IncomingChangesViewMenu.cs
  artifactKey: Guid(349d4bc84d3b4fa48a1970539c06144c) Importer(2089858483,b0f066a214c2f5e87bad3c948f4d605d)
Start importing Packages/com.unity.collab-proxy/Editor/Views/Merge/Gluon/IncomingChangesViewMenu.cs using Guid(349d4bc84d3b4fa48a1970539c06144c) Importer(2089858483,b0f066a214c2f5e87bad3c948f4d605d) (ScriptedImporter) -> (artifact id: '3e52bfb326dc59e67ff6f51f912389cf') in 0.0038796 seconds
Number of updated asset objects reloaded before import = 0Number of asset objects unloaded after import = 0

========================================================================
Received Import Request.
  Time since last request: 0.000022 seconds.
  path: Packages/com.unity.collab-proxy/Editor/UI/UnityInternals/UnityEditor/Unsupported.cs
  artifactKey: Guid(a0c766476de1f4df7b85aa44e065e0c0) Importer(2089858483,b0f066a214c2f5e87bad3c948f4d605d)
Start importing Packages/com.unity.collab-proxy/Editor/UI/UnityInternals/UnityEditor/Unsupported.cs using Guid(a0c766476de1f4df7b85aa44e065e0c0) Importer(2089858483,b0f066a214c2f5e87bad3c948f4d605d) (ScriptedImporter) -> (artifact id: '9bc298f34e848be49a39b754ba4f31a5') in 0.0062307 seconds
Number of updated asset objects reloaded before import = 0Number of asset objects unloaded after import = 0

========================================================================
Received Import Request.
  Time since last request: 0.000015 seconds.
  path: Packages/com.unity.collab-proxy/Lib/Editor/Localization/cm.es.txt
  artifactKey: Guid(b0045c9f87a3f487c883404b3257f747) Importer(2089858483,b0f066a214c2f5e87bad3c948f4d605d)
Start importing Packages/com.unity.collab-proxy/Lib/Editor/Localization/cm.es.txt using Guid(b0045c9f87a3f487c883404b3257f747) Importer(2089858483,b0f066a214c2f5e87bad3c948f4d605d) (ScriptedImporter) -> (artifact id: 'feb65ec072cc2dad64faf7a3b1db6254') in 0.0062509 seconds
Number of updated asset objects reloaded before import = 0Number of asset objects unloaded after import = 1

========================================================================
Received Import Request.
  Time since last request: 0.000018 seconds.
  path: Packages/com.unity.collab-proxy/Editor/Views/BranchExplorer/Menu/BranchExplorerViewLinkMenuOperations.cs
  artifactKey: Guid(dc1bc6a318004247a55e4f3fbf74309a) Importer(2089858483,b0f066a214c2f5e87bad3c948f4d605d)
Start importing Packages/com.unity.collab-proxy/Editor/Views/BranchExplorer/Menu/BranchExplorerViewLinkMenuOperations.cs using Guid(dc1bc6a318004247a55e4f3fbf74309a) Importer(2089858483,b0f066a214c2f5e87bad3c948f4d605d) (ScriptedImporter) -> (artifact id: 'bc501ecb6fce44e4f23dd8a3c23197a7') in 0.004734 seconds
Number of updated asset objects reloaded before import = 0Number of asset objects unloaded after import = 0

========================================================================
Received Import Request.
  Time since last request: 0.000014 seconds.
  path: Packages/com.unity.collab-proxy/Editor/UI/UnityInternals/UnityEditor/TreeViewExtensions.cs
  artifactKey: Guid(d269c0e04a783b442bf23b3dc868a625) Importer(2089858483,b0f066a214c2f5e87bad3c948f4d605d)
Start importing Packages/com.unity.collab-proxy/Editor/UI/UnityInternals/UnityEditor/TreeViewExtensions.cs using Guid(d269c0e04a783b442bf23b3dc868a625) Importer(2089858483,b0f066a214c2f5e87bad3c948f4d605d) (ScriptedImporter) -> (artifact id: '1798daa1b4107231e6715a9f5d9bcda1') in 0.004536 seconds
Number of updated asset objects reloaded before import = 0Number of asset objects unloaded after import = 0

========================================================================
Received Import Request.
  Time since last request: 0.000017 seconds.
  path: Packages/com.unity.collab-proxy/Lib/Editor/Localization/guihelp.ja.txt
  artifactKey: Guid(e1619c982c09c43beb4a3a70abf3bf9a) Importer(2089858483,b0f066a214c2f5e87bad3c948f4d605d)
Start importing Packages/com.unity.collab-proxy/Lib/Editor/Localization/guihelp.ja.txt using Guid(e1619c982c09c43beb4a3a70abf3bf9a) Importer(2089858483,b0f066a214c2f5e87bad3c948f4d605d) (ScriptedImporter) -> (artifact id: '3f45e3668456a50f64725f36b8e84ffd') in 0.0046884 seconds
Number of updated asset objects reloaded before import = 0Number of asset objects unloaded after import = 1

========================================================================
Received Import Request.
  Time since last request: 0.000022 seconds.
  path: Packages/com.unity.collab-proxy/Editor/Assistant/UI/Interactions/DropDownInteraction.cs
  artifactKey: Guid(61e7e7b5c173f464ca9dd243b9c64e58) Importer(2089858483,b0f066a214c2f5e87bad3c948f4d605d)
Start importing Packages/com.unity.collab-proxy/Editor/Assistant/UI/Interactions/DropDownInteraction.cs using Guid(61e7e7b5c173f464ca9dd243b9c64e58) Importer(2089858483,b0f066a214c2f5e87bad3c948f4d605d) (ScriptedImporter) -> (artifact id: '7114544e64d8171f0d438c1cb2dbc108') in 0.003635 seconds
Number of updated asset objects reloaded before import = 0Number of asset objects unloaded after import = 0

========================================================================
Received Import Request.
  Time since last request: 0.000014 seconds.
  path: Packages/com.unity.collab-proxy/Editor/Views/BranchExplorer/Virtualization/QuadTree.cs
  artifactKey: Guid(f2d293552be94873903931c954e5e935) Importer(2089858483,b0f066a214c2f5e87bad3c948f4d605d)
Start importing Packages/com.unity.collab-proxy/Editor/Views/BranchExplorer/Virtualization/QuadTree.cs using Guid(f2d293552be94873903931c954e5e935) Importer(2089858483,b0f066a214c2f5e87bad3c948f4d605d) (ScriptedImporter) -> (artifact id: 'f82ab795e294dc83b700d08df7628bde') in 0.0042602 seconds
Number of updated asset objects reloaded before import = 0Number of asset objects unloaded after import = 0

========================================================================
Received Import Request.
  Time since last request: 0.000013 seconds.
  path: Packages/com.unity.collab-proxy/Editor/Views/Shelves/ShelvesListView.cs
  artifactKey: Guid(12617ab1a25fb574c85cdfaf5129d59d) Importer(2089858483,b0f066a214c2f5e87bad3c948f4d605d)
Start importing Packages/com.unity.collab-proxy/Editor/Views/Shelves/ShelvesListView.cs using Guid(12617ab1a25fb574c85cdfaf5129d59d) Importer(2089858483,b0f066a214c2f5e87bad3c948f4d605d) (ScriptedImporter) -> (artifact id: 'cd2945bac7697ca4b8e06b3426cfa5e8') in 0.0044737 seconds
Number of updated asset objects reloaded before import = 0Number of asset objects unloaded after import = 0

========================================================================
Received Import Request.
  Time since last request: 0.000014 seconds.
  path: Packages/com.unity.collab-proxy/Editor/CloudDrive/Workspaces/DirectoryContent/DrawExpandedTreeNode.cs
  artifactKey: Guid(b4c28e55281f4ec5bc041b8f52b7d891) Importer(2089858483,b0f066a214c2f5e87bad3c948f4d605d)
Start importing Packages/com.unity.collab-proxy/Editor/CloudDrive/Workspaces/DirectoryContent/DrawExpandedTreeNode.cs using Guid(b4c28e55281f4ec5bc041b8f52b7d891) Importer(2089858483,b0f066a214c2f5e87bad3c948f4d605d) (ScriptedImporter) -> (artifact id: 'fef9ffbf8c0c249f2ad32c303b87230e') in 0.0048159 seconds
Number of updated asset objects reloaded before import = 0Number of asset objects unloaded after import = 0

========================================================================
Received Import Request.
  Time since last request: 0.000018 seconds.
  path: Packages/com.unity.collab-proxy/Lib/Editor/Localization/images.ko.txt
  artifactKey: Guid(7b89ac0e45bc74375b750336920a60a3) Importer(2089858483,b0f066a214c2f5e87bad3c948f4d605d)
Start importing Packages/com.unity.collab-proxy/Lib/Editor/Localization/images.ko.txt using Guid(7b89ac0e45bc74375b750336920a60a3) Importer(2089858483,b0f066a214c2f5e87bad3c948f4d605d) (ScriptedImporter) -> (artifact id: 'd1a2dc5a55d589f2d58f90401f2e9378') in 0.0046208 seconds
Number of updated asset objects reloaded before import = 0Number of asset objects unloaded after import = 1

========================================================================
Received Import Request.
  Time since last request: 0.000044 seconds.
  path: Packages/com.unity.collab-proxy/Lib/Editor/Localization/xdiff.ko.txt
  artifactKey: Guid(1f24336f68d45492daf4c81106fef3aa) Importer(2089858483,b0f066a214c2f5e87bad3c948f4d605d)
Start importing Packages/com.unity.collab-proxy/Lib/Editor/Localization/xdiff.ko.txt using Guid(1f24336f68d45492daf4c81106fef3aa) Importer(2089858483,b0f066a214c2f5e87bad3c948f4d605d) (ScriptedImporter) -> (artifact id: '4336b8df3953f1d7e4f1e1bd1e6dc926') in 0.0046427 seconds
Number of updated asset objects reloaded before import = 0Number of asset objects unloaded after import = 1

========================================================================
Received Import Request.
  Time since last request: 0.000014 seconds.
  path: Packages/com.unity.collab-proxy/Editor/Configuration/CloudEdition/Welcome/AutoLogin.cs
  artifactKey: Guid(806bdb4f911275c4ca1ee81fde4b4d4f) Importer(2089858483,b0f066a214c2f5e87bad3c948f4d605d)
Start importing Packages/com.unity.collab-proxy/Editor/Configuration/CloudEdition/Welcome/AutoLogin.cs using Guid(806bdb4f911275c4ca1ee81fde4b4d4f) Importer(2089858483,b0f066a214c2f5e87bad3c948f4d605d) (ScriptedImporter) -> (artifact id: '322b6275d43f4dd177a1a922ed360ab0') in 0.006045 seconds
Number of updated asset objects reloaded before import = 0Number of asset objects unloaded after import = 0

========================================================================
Received Import Request.
  Time since last request: 0.000015 seconds.
  path: Packages/com.unity.collab-proxy/Editor/Views/Merge/Gluon/IncomingChangesTreeHeaderState.cs
  artifactKey: Guid(c0821447a35700c4280782d1092cf4c5) Importer(2089858483,b0f066a214c2f5e87bad3c948f4d605d)
Start importing Packages/com.unity.collab-proxy/Editor/Views/Merge/Gluon/IncomingChangesTreeHeaderState.cs using Guid(c0821447a35700c4280782d1092cf4c5) Importer(2089858483,b0f066a214c2f5e87bad3c948f4d605d) (ScriptedImporter) -> (artifact id: 'cc17ca91bc117f6ca7992e0fc3e9bf9f') in 0.0053634 seconds
Number of updated asset objects reloaded before import = 0Number of asset objects unloaded after import = 0

========================================================================
Received Import Request.
  Time since last request: 0.000020 seconds.
  path: Packages/com.unity.collab-proxy/Editor/Views/Properties/PropertiesPanel.cs
  artifactKey: Guid(b10d1c0a975d47f2840062c1a1fbe6a9) Importer(2089858483,b0f066a214c2f5e87bad3c948f4d605d)
Start importing Packages/com.unity.collab-proxy/Editor/Views/Properties/PropertiesPanel.cs using Guid(b10d1c0a975d47f2840062c1a1fbe6a9) Importer(2089858483,b0f066a214c2f5e87bad3c948f4d605d) (ScriptedImporter) -> (artifact id: 'ff9fc8ea7a9df5cf93e96001c1104159') in 0.005969 seconds
Number of updated asset objects reloaded before import = 0Number of asset objects unloaded after import = 0

========================================================================
Received Import Request.
  Time since last request: 0.000018 seconds.
  path: Packages/com.unity.collab-proxy/Editor/Diff/Asset/Diff/DiffPropertyRow.cs
  artifactKey: Guid(0beb995ef89b74dd4880e1d7c7b342f9) Importer(2089858483,b0f066a214c2f5e87bad3c948f4d605d)
Start importing Packages/com.unity.collab-proxy/Editor/Diff/Asset/Diff/DiffPropertyRow.cs using Guid(0beb995ef89b74dd4880e1d7c7b342f9) Importer(2089858483,b0f066a214c2f5e87bad3c948f4d605d) (ScriptedImporter) -> (artifact id: '71e2f1b8cb704bd0f508b2ccdc9b8ab5') in 0.0039261 seconds
Number of updated asset objects reloaded before import = 0Number of asset objects unloaded after import = 0

========================================================================
Received Import Request.
  Time since last request: 0.000026 seconds.
  path: Packages/com.unity.collab-proxy/Lib/Editor/Localization/plastic-gui.es.txt
  artifactKey: Guid(0e30f58f573775148b05a8c86715b527) Importer(2089858483,b0f066a214c2f5e87bad3c948f4d605d)
Start importing Packages/com.unity.collab-proxy/Lib/Editor/Localization/plastic-gui.es.txt using Guid(0e30f58f573775148b05a8c86715b527) Importer(2089858483,b0f066a214c2f5e87bad3c948f4d605d) (ScriptedImporter) -> (artifact id: '14f41c3ebb5ac68b376af7e4ad836081') in 0.0038787 seconds
Number of updated asset objects reloaded before import = 0Number of asset objects unloaded after import = 1

========================================================================
Received Import Request.
  Time since last request: 0.000015 seconds.
  path: Packages/com.unity.collab-proxy/Editor/UI/UnityInternals/UnityEditor/EditorWindowExtensions.cs
  artifactKey: Guid(8cb6c3d9c38f4b67b0ae9dc6ebdfecff) Importer(2089858483,b0f066a214c2f5e87bad3c948f4d605d)
Start importing Packages/com.unity.collab-proxy/Editor/UI/UnityInternals/UnityEditor/EditorWindowExtensions.cs using Guid(8cb6c3d9c38f4b67b0ae9dc6ebdfecff) Importer(2089858483,b0f066a214c2f5e87bad3c948f4d605d) (ScriptedImporter) -> (artifact id: '6d182e25cb24e33516bf2097d2c485e5') in 0.0054555 seconds
Number of updated asset objects reloaded before import = 0Number of asset objects unloaded after import = 0

========================================================================
Received Import Request.
  Time since last request: 0.000017 seconds.
  path: Packages/com.unity.collab-proxy/Lib/Editor/Localization/mergetool.zh-Hans.txt
  artifactKey: Guid(5a3da995a095e476dacd429a81195602) Importer(2089858483,b0f066a214c2f5e87bad3c948f4d605d)
Start importing Packages/com.unity.collab-proxy/Lib/Editor/Localization/mergetool.zh-Hans.txt using Guid(5a3da995a095e476dacd429a81195602) Importer(2089858483,b0f066a214c2f5e87bad3c948f4d605d) (ScriptedImporter) -> (artifact id: '8fd3d6af2087965b16145ed2f19e6259') in 0.0062827 seconds
Number of updated asset objects reloaded before import = 0Number of asset objects unloaded after import = 1

========================================================================
Received Import Request.
  Time since last request: 0.000014 seconds.
  path: Packages/com.unity.collab-proxy/Editor/Views/CreateWorkspace/Dialogs/RepositoriesListHeaderState.cs
  artifactKey: Guid(da6a50477d2d7ff4f81d1c21c58a5b0e) Importer(2089858483,b0f066a214c2f5e87bad3c948f4d605d)
Start importing Packages/com.unity.collab-proxy/Editor/Views/CreateWorkspace/Dialogs/RepositoriesListHeaderState.cs using Guid(da6a50477d2d7ff4f81d1c21c58a5b0e) Importer(2089858483,b0f066a214c2f5e87bad3c948f4d605d) (ScriptedImporter) -> (artifact id: '55a018ae72be9e8e6d95a3e97a967885') in 0.004903 seconds
Number of updated asset objects reloaded before import = 0Number of asset objects unloaded after import = 0

========================================================================
Received Import Request.
  Time since last request: 0.000017 seconds.
  path: Packages/com.unity.collab-proxy/Editor/Views/Merge/IIncomingChangesTab.cs
  artifactKey: Guid(7a04ed4805f84fd4a8ceee51915ba39a) Importer(2089858483,b0f066a214c2f5e87bad3c948f4d605d)
Start importing Packages/com.unity.collab-proxy/Editor/Views/Merge/IIncomingChangesTab.cs using Guid(7a04ed4805f84fd4a8ceee51915ba39a) Importer(2089858483,b0f066a214c2f5e87bad3c948f4d605d) (ScriptedImporter) -> (artifact id: '56990eeb71cf4b1b43c90904c1581eee') in 0.003938 seconds
Number of updated asset objects reloaded before import = 0Number of asset objects unloaded after import = 0

========================================================================
Received Import Request.
  Time since last request: 0.000027 seconds.
  path: Packages/com.unity.collab-proxy/Editor/Views/Merge/DrawMergeOverview.cs
  artifactKey: Guid(f8686930677b1f44d9ad7deab4888955) Importer(2089858483,b0f066a214c2f5e87bad3c948f4d605d)
Start importing Packages/com.unity.collab-proxy/Editor/Views/Merge/DrawMergeOverview.cs using Guid(f8686930677b1f44d9ad7deab4888955) Importer(2089858483,b0f066a214c2f5e87bad3c948f4d605d) (ScriptedImporter) -> (artifact id: '6ddc38de560276b0fa622a6a8462a69c') in 0.0050053 seconds
Number of updated asset objects reloaded before import = 0Number of asset objects unloaded after import = 0

========================================================================
Received Import Request.
  Time since last request: 0.000018 seconds.
  path: Packages/com.unity.collab-proxy/Editor/_Deprecated/Settings/PlasticProjectSettingsProvider.cs
  artifactKey: Guid(d317dcbde3a2ce64dae19f49289c5285) Importer(2089858483,b0f066a214c2f5e87bad3c948f4d605d)
Start importing Packages/com.unity.collab-proxy/Editor/_Deprecated/Settings/PlasticProjectSettingsProvider.cs using Guid(d317dcbde3a2ce64dae19f49289c5285) Importer(2089858483,b0f066a214c2f5e87bad3c948f4d605d) (ScriptedImporter) -> (artifact id: 'c1c7a359487f536f3a1d29cdbebfe6fc') in 0.0046551 seconds
Number of updated asset objects reloaded before import = 0Number of asset objects unloaded after import = 0

========================================================================
Received Import Request.
  Time since last request: 0.000014 seconds.
  path: Packages/com.unity.collab-proxy/Editor/_Deprecated/UI/CooldownWindowDelayer.cs
  artifactKey: Guid(f97de48c25074cb98c450adbdebf0dbb) Importer(2089858483,b0f066a214c2f5e87bad3c948f4d605d)
Start importing Packages/com.unity.collab-proxy/Editor/_Deprecated/UI/CooldownWindowDelayer.cs using Guid(f97de48c25074cb98c450adbdebf0dbb) Importer(2089858483,b0f066a214c2f5e87bad3c948f4d605d) (ScriptedImporter) -> (artifact id: '9ae1e332fe6bcad6fc84098abc6ecadc') in 0.0039059 seconds
Number of updated asset objects reloaded before import = 0Number of asset objects unloaded after import = 0

========================================================================
Received Import Request.
  Time since last request: 0.000014 seconds.
  path: Packages/com.unity.collab-proxy/Lib/Editor/Localization/mergetool.ja.txt
  artifactKey: Guid(db6f3182134654dd498ebee12ca843af) Importer(2089858483,b0f066a214c2f5e87bad3c948f4d605d)
Start importing Packages/com.unity.collab-proxy/Lib/Editor/Localization/mergetool.ja.txt using Guid(db6f3182134654dd498ebee12ca843af) Importer(2089858483,b0f066a214c2f5e87bad3c948f4d605d) (ScriptedImporter) -> (artifact id: 'bb465777b011d7fd6b569d5824275722') in 0.0051246 seconds
Number of updated asset objects reloaded before import = 0Number of asset objects unloaded after import = 1

========================================================================
Received Import Request.
  Time since last request: 0.000017 seconds.
  path: Packages/com.unity.collab-proxy/Editor/Views/PendingChanges/PendingChangesTab.cs
  artifactKey: Guid(1b2dfd8c552c2468ca523d8dbb93ea5d) Importer(2089858483,b0f066a214c2f5e87bad3c948f4d605d)
Start importing Packages/com.unity.collab-proxy/Editor/Views/PendingChanges/PendingChangesTab.cs using Guid(1b2dfd8c552c2468ca523d8dbb93ea5d) Importer(2089858483,b0f066a214c2f5e87bad3c948f4d605d) (ScriptedImporter) -> (artifact id: 'ce73d31e860e37967fc09c7eecc4a40c') in 0.003433 seconds
Number of updated asset objects reloaded before import = 0Number of asset objects unloaded after import = 0

========================================================================
Received Import Request.
  Time since last request: 0.000025 seconds.
  path: Packages/com.unity.collab-proxy/Editor/CodeEditor/Indentation/CSharp/DocumentAccessor.cs
  artifactKey: Guid(4b5d1e8d707974fa7a2ab46951e4afea) Importer(2089858483,b0f066a214c2f5e87bad3c948f4d605d)
Start importing Packages/com.unity.collab-proxy/Editor/CodeEditor/Indentation/CSharp/DocumentAccessor.cs using Guid(4b5d1e8d707974fa7a2ab46951e4afea) Importer(2089858483,b0f066a214c2f5e87bad3c948f4d605d) (ScriptedImporter) -> (artifact id: 'ec7eaef99dcac664affd62009d1d6770') in 0.004563 seconds
Number of updated asset objects reloaded before import = 0Number of asset objects unloaded after import = 0

========================================================================
Received Import Request.
  Time since last request: 0.000016 seconds.
  path: Packages/com.unity.collab-proxy/Editor/CloudDrive/Workspaces/DirectoryContent/ImportInProjectDialog.cs
  artifactKey: Guid(4b51fa1c43534178b0b4bd9a425e187b) Importer(2089858483,b0f066a214c2f5e87bad3c948f4d605d)
Start importing Packages/com.unity.collab-proxy/Editor/CloudDrive/Workspaces/DirectoryContent/ImportInProjectDialog.cs using Guid(4b51fa1c43534178b0b4bd9a425e187b) Importer(2089858483,b0f066a214c2f5e87bad3c948f4d605d) (ScriptedImporter) -> (artifact id: '7387b4fbe7740b2eaa5d650931be4dba') in 0.0036669 seconds
Number of updated asset objects reloaded before import = 0Number of asset objects unloaded after import = 0

========================================================================
Received Import Request.
  Time since last request: 0.000016 seconds.
  path: Packages/com.unity.collab-proxy/Editor/Views/Filters/Date/DateFilterButtonPanel.cs
  artifactKey: Guid(fcbf1383bda394948a6f807ea4bfa6ee) Importer(2089858483,b0f066a214c2f5e87bad3c948f4d605d)
Start importing Packages/com.unity.collab-proxy/Editor/Views/Filters/Date/DateFilterButtonPanel.cs using Guid(fcbf1383bda394948a6f807ea4bfa6ee) Importer(2089858483,b0f066a214c2f5e87bad3c948f4d605d) (ScriptedImporter) -> (artifact id: '8eb883e6b9f31e3fdec4163227f76687') in 0.0041806 seconds
Number of updated asset objects reloaded before import = 0Number of asset objects unloaded after import = 0

========================================================================
Received Import Request.
  Time since last request: 0.000019 seconds.
  path: Packages/com.unity.collab-proxy/Editor/Diff/Image/Views/IZoomableImageView.cs
  artifactKey: Guid(56bfa9b016d534be29da249ecd15b98f) Importer(2089858483,b0f066a214c2f5e87bad3c948f4d605d)
Start importing Packages/com.unity.collab-proxy/Editor/Diff/Image/Views/IZoomableImageView.cs using Guid(56bfa9b016d534be29da249ecd15b98f) Importer(2089858483,b0f066a214c2f5e87bad3c948f4d605d) (ScriptedImporter) -> (artifact id: '60313a2a19646885d03126a0a7bbdaf5') in 0.0050714 seconds
Number of updated asset objects reloaded before import = 0Number of asset objects unloaded after import = 0

Editor requested this worker to shutdown with reason: Scaling down because of idle timeout
AssetImportWorkerClient::OnTransportError - code=2 error=End of file
AssetImportWorker is now disconnected from the server
Process exiting
Exiting without the bug reporter. Application will terminate with return code 0